Type,Commits Amount,70% Threshould Large,70% Threshould Small,70% Threshould Flex,Large Files,Large Mean,Large Median,Large Min,Large Max,Commits Large Mean,Commits Large Median,Authors Large Mean,Authors Large Median,Small Files,Small Mean,Small Median,Small Min,Small Max,Commits Small Mean,Commits Small Median,Authors Small Mean,Authors Small Median
large,1389,11,1,1,101,4.099009900990099,3.0,1,18,25.02970297029703,16.0,9.821782178217822,7.0,5185,1.4686595949855352,1.0,1,14,3.0177434908389587,1.0,2.131340405014465,1.0
small,1359,2,1,1,96,3.4479166666666665,3.0,1,12,15.447916666666666,9.0,7.145833333333333,5.0,6572,1.5155203895313452,1.0,1,11,3.255021302495435,2.0,2.2474132684114423,1.0
