Type,Commits Amount,70% Threshould Large,70% Threshould Small,70% Threshould Flex,Large Files,Large Mean,Large Median,Large Min,Large Max,Commits Large Mean,Commits Large Median,Authors Large Mean,Authors Large Median,Small Files,Small Mean,Small Median,Small Min,Small Max,Commits Small Mean,Commits Small Median,Authors Small Mean,Authors Small Median
large,5497,3,1,1,239,3.598326359832636,3.0,1,17,51.48535564853557,31.0,11.372384937238493,9.0,10615,1.431370701837023,1.0,1,15,4.053509185115403,1.0,2.241921808761187,1.0
small,3398,1,1,1,223,3.336322869955157,3.0,1,11,28.582959641255606,20.0,8.466367713004484,7.0,11887,1.4077563725077815,1.0,1,13,3.6601329183141247,1.0,2.165979641625305,1.0
