Type,Commits Amount,70% Threshould Large,70% Threshould Small,70% Threshould Flex,Large Files,Large Mean,Large Median,Large Min,Large Max,Commits Large Mean,Commits Large Median,Authors Large Mean,Authors Large Median,Small Files,Small Mean,Small Median,Small Min,Small Max,Commits Small Mean,Commits Small Median,Authors Small Mean,Authors Small Median
large,6075,3,3,1,65,2.169230769230769,2.0,1,8,138.01538461538462,66.0,12.384615384615385,10.0,538,1.483271375464684,1.0,1,9,14.21375464684015,7.0,3.3048327137546467,2.0
small,3438,2,1,1,61,1.9672131147540983,2.0,1,5,70.32786885245902,40.0,8.573770491803279,6.0,611,1.4369885433715222,1.0,1,5,14.517184942716858,6.0,3.2356792144026185,2.0
