Type,Commits Amount,70% Threshould Large,70% Threshould Small,70% Threshould Flex,Large Files,Large Mean,Large Median,Large Min,Large Max,Commits Large Mean,Commits Large Median,Authors Large Mean,Authors Large Median,Small Files,Small Mean,Small Median,Small Min,Small Max,Commits Small Mean,Commits Small Median,Authors Small Mean,Authors Small Median
large,6779,17,2,1,528,2.5984848484848486,1.0,1,34,36.23295454545455,12.0,8.443181818181818,3.0,44819,1.3865771213101585,1.0,1,22,4.421339164193757,2.0,2.1764207144291485,1.0
small,8214,3,2,1,537,2.195530726256983,1.0,1,22,27.06145251396648,10.0,6.081936685288641,3.0,50884,1.433004480779813,1.0,1,29,4.572616146529361,2.0,2.2756662212090246,1.0
