Type,Commits Amount,70% Threshould Large,70% Threshould Small,70% Threshould Flex,Large Files,Large Mean,Large Median,Large Min,Large Max,Commits Large Mean,Commits Large Median,Authors Large Mean,Authors Large Median,Small Files,Small Mean,Small Median,Small Min,Small Max,Commits Small Mean,Commits Small Median,Authors Small Mean,Authors Small Median
large,1767,5,2,1,53,4.150943396226415,3.0,1,19,28.830188679245282,12.0,10.849056603773585,6.0,1735,1.609221902017291,1.0,1,18,3.624207492795389,2.0,2.4288184438040346,1.0
small,2052,1,2,1,49,3.3877551020408165,2.0,1,17,16.142857142857142,8.0,7.489795918367347,4.0,1842,1.776872964169381,1.0,1,18,4.856677524429967,2.0,2.8773072747014115,2.0
