Type,Commits Amount,70% Threshould Large,70% Threshould Small,70% Threshould Flex,Large Files,Large Mean,Large Median,Large Min,Large Max,Commits Large Mean,Commits Large Median,Authors Large Mean,Authors Large Median,Small Files,Small Mean,Small Median,Small Min,Small Max,Commits Small Mean,Commits Small Median,Authors Small Mean,Authors Small Median
large,5886,5,1,1,265,2.6188679245283017,2.0,1,9,39.052830188679245,12.0,8.105660377358491,4.0,12021,1.2971466600116464,1.0,1,11,3.288911072290159,1.0,1.9006738208135763,1.0
small,3362,1,1,1,252,2.4166666666666665,2.0,1,11,23.83730158730159,7.0,5.873015873015873,3.5,14607,1.2645991647840076,1.0,1,13,2.6707058259738483,1.0,1.7785308413774217,1.0
