Type,#Files,Total Filtered Files,%% Grew,%% Decreased,%% Zero,Grew Average,Grew Median,Decreased Average,Decreased Median,Zero Total,Total Large Files,%% Large Grew,%% Large Decreased,%% Large Zero,Large Grew Average,Large Grew Median,Large Decreased Average,Large Decreased Median,Large Zero Total,Total Small Files,%% Small Grew,%% Small Decreased,%% Small Zero,Small Grew Average,Small Grew Median,Small Decreased Average,Small Decreased Median,Small Zero Total
large,5454,4575,23.552392372258538,6.196572931574672,27.346922987661003,20.31795040236492,7.0,-14.081772784019975,-3.0,7070,4575,69.76397800183318,18.354720439963337,81.00366636113657,20.31795040236492,7.0,-14.081772784019975,-3.0,7070,3932,0,0,0,20.31795040236492,7.0,-14.081772784019975,-3.0,7070
small,4664,3857,20.224663743410357,5.537764201606149,27.979504360250285,25.872594397076735,8.0,-15.440391459074734,-3.0,5679,3857,70.4237433522045,19.282895865500084,97.42665980442614,25.872594397076735,8.0,-15.440391459074734,-3.0,5679,3376,0,0,0,25.872594397076735,8.0,-15.440391459074734,-3.0,5679
