Type,#Files,Total Filtered Files,%% Grew,%% Decreased,%% Zero,Grew Average,Grew Median,Decreased Average,Decreased Median,Zero Total,Total Large Files,%% Large Grew,%% Large Decreased,%% Large Zero,Large Grew Average,Large Grew Median,Large Decreased Average,Large Decreased Median,Large Zero Total,Total Small Files,%% Small Grew,%% Small Decreased,%% Small Zero,Small Grew Average,Small Grew Median,Small Decreased Average,Small Decreased Median,Small Zero Total
large,2289,2176,25.06623491315867,6.652929055048571,10.126582278481013,17.89136817381092,7.0,-25.22566371681416,-5.0,688,2176,43.72272143774069,11.604621309370987,17.663671373555843,17.89136817381092,7.0,-25.22566371681416,-5.0,688,793,0,0,0,17.89136817381092,7.0,-25.22566371681416,-5.0,688
small,1899,1787,8.144972720187061,2.2992985190958692,4.9883086515978174,41.42583732057416,14.0,-39.59322033898305,-5.5,256,1787,19.77294228949858,5.581835383159887,12.109744560075686,41.42583732057416,14.0,-39.59322033898305,-5.5,256,934,0,0,0,41.42583732057416,14.0,-39.59322033898305,-5.5,256
