Type,#Files,Total Filtered Files,%% Grew,%% Decreased,%% Zero,Grew Average,Grew Median,Decreased Average,Decreased Median,Zero Total,Total Large Files,%% Large Grew,%% Large Decreased,%% Large Zero,Large Grew Average,Large Grew Median,Large Decreased Average,Large Decreased Median,Large Zero Total,Total Small Files,%% Small Grew,%% Small Decreased,%% Small Zero,Small Grew Average,Small Grew Median,Small Decreased Average,Small Decreased Median,Small Zero Total
large,2934,2350,13.19564874664985,4.398549582216617,9.506542645435914,21.133811230585422,7.0,-16.74551971326165,-4.0,603,2350,30.592105263157894,10.197368421052632,22.039473684210524,21.133811230585422,7.0,-16.74551971326165,-4.0,603,1253,0,0,0,21.133811230585422,7.0,-16.74551971326165,-4.0,603
small,4023,3258,12.962962962962962,5.426817191523074,13.378886908298673,17.75859434682964,7.0,-15.572992700729927,-4.0,1351,3258,36.210235131396956,15.159059474412171,37.37206085753804,17.75859434682964,7.0,-15.572992700729927,-4.0,1351,1988,0,0,0,17.75859434682964,7.0,-15.572992700729927,-4.0,1351
