Type,#Files,Total Filtered Files,%% Grew,%% Decreased,%% Zero,Grew Average,Grew Median,Decreased Average,Decreased Median,Zero Total,Total Large Files,%% Large Grew,%% Large Decreased,%% Large Zero,Large Grew Average,Large Grew Median,Large Decreased Average,Large Decreased Median,Large Zero Total,Total Small Files,%% Small Grew,%% Small Decreased,%% Small Zero,Small Grew Average,Small Grew Median,Small Decreased Average,Small Decreased Median,Small Zero Total
large,24022,17485,25.930102749869,10.534709406966943,19.36185724375185,20.461670254360147,7.0,-12.741782006920415,-4.0,16997,17485,94.47188213322266,38.38140693089853,70.54160614235319,20.461670254360147,7.0,-12.741782006920415,-4.0,16997,11660,0,0,0,20.461670254360147,7.0,-12.741782006920415,-4.0,16997
small,33523,24927,24.832361288712846,10.930823690858622,20.176683404547298,17.20745415724692,5.0,-11.36543262714887,-4.0,25877,24926,112.44174551617003,49.49512780680695,91.36068351927695,17.20745415724692,5.0,-11.36543262714887,-4.0,25877,17459,0,0,0,17.20745415724692,5.0,-11.36543262714887,-4.0,25877
