Type,#Files,Total Filtered Files,%% Grew,%% Decreased,%% Zero,Grew Average,Grew Median,Decreased Average,Decreased Median,Zero Total,Total Large Files,%% Large Grew,%% Large Decreased,%% Large Zero,Large Grew Average,Large Grew Median,Large Decreased Average,Large Decreased Median,Large Zero Total,Total Small Files,%% Small Grew,%% Small Decreased,%% Small Zero,Small Grew Average,Small Grew Median,Small Decreased Average,Small Decreased Median,Small Zero Total
large,2290,2254,22.142423629374875,8.850900262998179,24.549868500910378,21.504339881224304,4.0,-18.682285714285715,-3.0,2427,2254,71.4425587467363,28.55744125326371,79.21018276762402,21.504339881224304,4.0,-18.682285714285715,-3.0,2427,881,0,0,0,21.504339881224304,4.0,-18.682285714285715,-3.0,2427
small,3219,3093,26.85958533949101,11.62916380072713,27.257541515181295,13.286628864093652,3.0,-11.858048162230672,-2.0,5548,3093,149.65781549411443,64.7960580344922,151.87517109225294,13.286628864093652,3.0,-11.858048162230672,-2.0,5548,1827,0,0,0,13.286628864093652,3.0,-11.858048162230672,-2.0,5548
