Type,#Files,Total Filtered Files,%% Grew,%% Decreased,%% Zero,Grew Average,Grew Median,Decreased Average,Decreased Median,Zero Total,Total Large Files,%% Large Grew,%% Large Decreased,%% Large Zero,Large Grew Average,Large Grew Median,Large Decreased Average,Large Decreased Median,Large Zero Total,Total Small Files,%% Small Grew,%% Small Decreased,%% Small Zero,Small Grew Average,Small Grew Median,Small Decreased Average,Small Decreased Median,Small Zero Total
large,2066,995,5.870967741935484,0.903225806451613,1.6774193548387095,22.494505494505493,11.0,-4.642857142857143,-4.0,26,995,9.063745019920319,1.394422310756972,2.589641434262948,22.494505494505493,11.0,-4.642857142857143,-4.0,26,297,0,0,0,22.494505494505493,11.0,-4.642857142857143,-4.0,26
small,3180,1434,4.472532814778804,0.7292173067574137,1.3125911521633447,22.25,10.5,-4.466666666666667,-4.0,27,1434,6.3711911357340725,1.0387811634349031,1.8698060941828254,22.25,10.5,-4.466666666666667,-4.0,27,357,0,0,0,22.25,10.5,-4.466666666666667,-4.0,27
