Type,#Files,Total Filtered Files,%% Grew,%% Decreased,%% Zero,Grew Average,Grew Median,Decreased Average,Decreased Median,Zero Total,Total Large Files,%% Large Grew,%% Large Decreased,%% Large Zero,Large Grew Average,Large Grew Median,Large Decreased Average,Large Decreased Median,Large Zero Total,Total Small Files,%% Small Grew,%% Small Decreased,%% Small Zero,Small Grew Average,Small Grew Median,Small Decreased Average,Small Decreased Median,Small Zero Total
large,21212,15939,14.555787520296914,6.845279517513338,9.884017629320343,19.08430278884462,6.0,-17.8437817688919,-4.0,4261,15938,29.504419785593377,13.875305623471881,20.034794056798948,19.08430278884462,6.0,-17.8437817688919,-4.0,4261,7296,0,0,0,19.08430278884462,6.0,-17.8437817688919,-4.0,4261
small,22941,17567,13.91493325054331,6.542481630963469,9.998965124702472,19.14844563438941,6.0,-17.3157228725087,-4.0,4831,17566,31.07608394194324,14.6112600536193,22.33059073680318,19.14844563438941,6.0,-17.3157228725087,-4.0,4831,8799,0,0,0,19.14844563438941,6.0,-17.3157228725087,-4.0,4831
