Type,#Files,Total Filtered Files,%% Grew,%% Decreased,%% Zero,Grew Average,Grew Median,Decreased Average,Decreased Median,Zero Total,Total Large Files,%% Large Grew,%% Large Decreased,%% Large Zero,Large Grew Average,Large Grew Median,Large Decreased Average,Large Decreased Median,Large Zero Total,Total Small Files,%% Small Grew,%% Small Decreased,%% Small Zero,Small Grew Average,Small Grew Median,Small Decreased Average,Small Decreased Median,Small Zero Total
large,1295,1210,32.09097578870139,11.694790902421131,13.338224504768892,25.051211705532694,9.0,-25.910915934755334,-6.0,909,1210,91.23904881101377,33.249895702962036,37.922403003754695,25.051211705532694,9.0,-25.910915934755334,-6.0,909,1008,0,0,0,25.051211705532694,9.0,-25.910915934755334,-6.0,909
small,2861,2487,24.324748743718594,10.4428391959799,18.78925879396985,20.08683021304067,6.0,-21.749624060150374,-4.0,2393,2487,107.86908077994428,46.309192200557106,83.32172701949861,20.08683021304067,6.0,-21.749624060150374,-4.0,2393,1961,0,0,0,20.08683021304067,6.0,-21.749624060150374,-4.0,2393
