Type,#Files,Total Filtered Files,%% Grew,%% Decreased,%% Zero,Grew Average,Grew Median,Decreased Average,Decreased Median,Zero Total,Total Large Files,%% Large Grew,%% Large Decreased,%% Large Zero,Large Grew Average,Large Grew Median,Large Decreased Average,Large Decreased Median,Large Zero Total,Total Small Files,%% Small Grew,%% Small Decreased,%% Small Zero,Small Grew Average,Small Grew Median,Small Decreased Average,Small Decreased Median,Small Zero Total
large,7088,3569,18.792415867907366,7.6261106835513885,27.55194850626181,31.666418466120625,6.0,-40.51100917431193,-4.0,3938,3568,51.84327349932445,21.03840957344142,76.00849256900213,31.666418466120625,6.0,-40.51100917431193,-4.0,3938,1567,0,0,0,31.666418466120625,6.0,-40.51100917431193,-4.0,3938
small,5208,3097,20.60139948307382,8.132131374897561,28.777658702641368,28.721236230110158,5.0,-34.965891472868215,-3.0,4565,3095,77.49585013042447,30.590467156746502,108.25231207019208,28.721236230110158,5.0,-34.965891472868215,-3.0,4565,1929,0,0,0,28.721236230110158,5.0,-34.965891472868215,-3.0,4565
