Type,#Files,Total Filtered Files,%% Grew,%% Decreased,%% Zero,Grew Average,Grew Median,Decreased Average,Decreased Median,Zero Total,Total Large Files,%% Large Grew,%% Large Decreased,%% Large Zero,Large Grew Average,Large Grew Median,Large Decreased Average,Large Decreased Median,Large Zero Total,Total Small Files,%% Small Grew,%% Small Decreased,%% Small Zero,Small Grew Average,Small Grew Median,Small Decreased Average,Small Decreased Median,Small Zero Total
large,8416,5796,28.807131599684794,9.549842395587078,12.923561859732072,18.078303983586938,7.0,-17.1985559566787,-5.0,2624,5796,65.19897447330287,21.61408984505629,29.249804926986954,18.078303983586938,7.0,-17.1985559566787,-5.0,2624,2350,0,0,0,18.078303983586938,7.0,-17.1985559566787,-5.0,2624
small,6469,4413,29.296695438990756,8.984115634097758,15.143776495224476,17.784170153417016,7.0,-14.791927231381466,-4.0,2965,4413,90.4303957118083,27.73135740186032,46.74444269273215,17.784170153417016,7.0,-14.791927231381466,-4.0,2965,2691,0,0,0,17.784170153417016,7.0,-14.791927231381466,-4.0,2965
