Type,#Files,Total Filtered Files,%% Grew,%% Decreased,%% Zero,Grew Average,Grew Median,Decreased Average,Decreased Median,Zero Total,Total Large Files,%% Large Grew,%% Large Decreased,%% Large Zero,Large Grew Average,Large Grew Median,Large Decreased Average,Large Decreased Median,Large Zero Total,Total Small Files,%% Small Grew,%% Small Decreased,%% Small Zero,Small Grew Average,Small Grew Median,Small Decreased Average,Small Decreased Median,Small Zero Total
large,2957,2393,17.2952317660741,7.243728194052168,13.756437946502743,23.997118155619596,8.0,-22.99770642201835,-4.0,828,2393,34.699999999999996,14.533333333333335,27.6,23.997118155619596,8.0,-22.99770642201835,-4.0,828,794,0,0,0,23.997118155619596,8.0,-22.99770642201835,-4.0,828
small,7188,6282,13.021008875407258,6.987978878777665,16.054375912818784,15.013373597929249,4.0,-10.369774919614148,-3.0,2858,6282,36.21309170442119,19.4344633650992,44.64927355100766,15.013373597929249,4.0,-10.369774919614148,-3.0,2858,3134,0,0,0,15.013373597929249,4.0,-10.369774919614148,-3.0,2858
