Type,#Files,Total Filtered Files,%% Grew,%% Decreased,%% Zero,Grew Average,Grew Median,Decreased Average,Decreased Median,Zero Total,Total Large Files,%% Large Grew,%% Large Decreased,%% Large Zero,Large Grew Average,Large Grew Median,Large Decreased Average,Large Decreased Median,Large Zero Total,Total Small Files,%% Small Grew,%% Small Decreased,%% Small Zero,Small Grew Average,Small Grew Median,Small Decreased Average,Small Decreased Median,Small Zero Total
large,586,235,33.36938885884262,19.361817198485667,17.144402379664683,23.029173419773095,6.0,-21.946927374301676,-4.0,317,235,100.32520325203251,58.211382113821145,51.54471544715447,23.029173419773095,6.0,-21.946927374301676,-4.0,317,171,0,0,0,23.029173419773095,6.0,-21.946927374301676,-4.0,317
small,591,346,29.398148148148145,16.48148148148148,18.75,22.2,7.0,-23.542134831460675,-4.0,405,346,144.3181818181818,80.9090909090909,92.04545454545455,22.2,7.0,-23.542134831460675,-4.0,405,230,0,0,0,22.2,7.0,-23.542134831460675,-4.0,405
