Type,#Files,Total Filtered Files,%% Grew,%% Decreased,%% Zero,Grew Average,Grew Median,Decreased Average,Decreased Median,Zero Total,Total Large Files,%% Large Grew,%% Large Decreased,%% Large Zero,Large Grew Average,Large Grew Median,Large Decreased Average,Large Decreased Median,Large Zero Total,Total Small Files,%% Small Grew,%% Small Decreased,%% Small Zero,Small Grew Average,Small Grew Median,Small Decreased Average,Small Decreased Median,Small Zero Total
large,109,62,12.244897959183673,2.7210884353741496,3.4013605442176873,11.055555555555555,6.5,-66.25,-10.5,5,62,22.78481012658228,5.063291139240507,6.329113924050633,11.055555555555555,6.5,-66.25,-10.5,5,38,0,0,0,11.055555555555555,6.5,-66.25,-10.5,5
small,158,98,12.601626016260163,5.691056910569105,7.723577235772358,28.967741935483872,14.0,-33.785714285714285,-4.5,19,98,30.693069306930692,13.861386138613863,18.81188118811881,28.967741935483872,14.0,-33.785714285714285,-4.5,19,55,0,0,0,28.967741935483872,14.0,-33.785714285714285,-4.5,19
