Type,#Files,Total Filtered Files,%% Grew,%% Decreased,%% Zero,Grew Average,Grew Median,Decreased Average,Decreased Median,Zero Total,Total Large Files,%% Large Grew,%% Large Decreased,%% Large Zero,Large Grew Average,Large Grew Median,Large Decreased Average,Large Decreased Median,Large Zero Total,Total Small Files,%% Small Grew,%% Small Decreased,%% Small Zero,Small Grew Average,Small Grew Median,Small Decreased Average,Small Decreased Median,Small Zero Total
large,752,275,1.2698412698412698,0.31746031746031744,3.1746031746031744,13.0,13.0,-3.0,-3.0,10,275,1.3333333333333335,0.33333333333333337,3.3333333333333335,13.0,13.0,-3.0,-3.0,10,15,0,0,0,13.0,13.0,-3.0,-3.0,10
small,1143,476,14.25287356321839,6.551724137931035,8.620689655172415,11.862903225806452,5.0,-5.245614035087719,-3.0,75,476,25.56701030927835,11.752577319587628,15.463917525773196,11.862903225806452,5.0,-5.245614035087719,-3.0,75,82,0,0,0,11.862903225806452,5.0,-5.245614035087719,-3.0,75
