language,total,large files p/ project,large files total,small files total,small proportion,small files p/ project,files available,files missing
JavaScript,8092.0,88.0,1671.0,9976.0,0.052663076002393776,526,8004.0,0.0
Perl,1314.0,2.0,60.0,3692.0,0.03333333333333333,124,1312.0,0.0
Swift,24.0,3.0,278.0,7649.0,0.01079136690647482,83,21.0,62.0
TypeScript,170.0,1.0,920.0,9508.0,0.0010869565217391304,11,169.0,0.0
