Type,#Files,#Files Filtered by Language,Total Files,Only Added,Time Average,Time Median,Total Large Files,Only Added Large,Time Large Average,Time Large Median,Total Small Files,Only Added Small,Time Small Average,Time Small Median,Large p/ Small (Average),Large p/ Small (Median)
large,428,190,188,81,13011205.590604028,2244027.0,1,0,5327449.866666666,1213861.0,187,81,13418471.795053003,2433441.0,2.5187420118227806,2.0047114125917216
small,410,230,229,91,13232647.97368421,1710367.0,1,0,4257044.2,1726690.0,228,91,13332155.776053214,1710367.0,3.131787021627169,0.9905466528444596
