Type,#Files,#Files Filtered by Language,Total Files,Only Added,Time Average,Time Median,Total Large Files,Only Added Large,Time Large Average,Time Large Median,Total Small Files,Only Added Small,Time Small Average,Time Small Median,Large p/ Small (Average),Large p/ Small (Median)
large,457,349,348,149,4633371.253968254,194446.0,20,1,829995.775,194446.0,328,148,5186589.505454546,205461.5,6.24893482795686,1.0566506896516257
small,737,598,564,374,4468773.653225807,126626.0,21,2,2184106.7407407407,194446.0,543,372,4572797.273187184,126626.0,2.0936693193100617,0.6512142188576777
