Type,#Files,#Files Filtered by Language,Total Files,Only Added,Time Average,Time Median,Total Large Files,Only Added Large,Time Large Average,Time Large Median,Total Small Files,Only Added Small,Time Small Average,Time Small Median,Large p/ Small (Average),Large p/ Small (Median)
large,2289,2212,2176,1359,24182743.022931,1377830.0,16,2,2222240.642305407,237568.0,2160,1357,36051569.454078354,4939631.0,16.223071780685988,20.79249309671336
small,1899,1848,1787,837,49424949.74462741,13798294.0,9,0,9649282.330827069,1030498.0,1778,837,52614677.67108833,25604302.0,5.452703721083739,24.846532453241053
