Type,#Files,#Files Filtered by Language,Total Files,Only Added,Time Average,Time Median,Total Large Files,Only Added Large,Time Large Average,Time Large Median,Total Small Files,Only Added Small,Time Small Average,Time Small Median,Large p/ Small (Average),Large p/ Small (Median)
large,5454,4715,4575,602,25957684.112986732,5311780.0,35,2,2122331.6339118197,183560.5,4540,600,31386557.729287967,12230585.0,14.788715028215067,66.62972153595136
small,4664,3925,3857,451,29756393.755848207,10094502.0,31,2,4046336.0236869208,568195.5,3826,449,33004649.049313642,14536575.0,8.156675287496421,25.583755943156888
