Type,#Files,#Files Filtered by Language,Total Files,Only Added,Time Average,Time Median,Total Large Files,Only Added Large,Time Large Average,Time Large Median,Total Small Files,Only Added Small,Time Small Average,Time Small Median,Large p/ Small (Average),Large p/ Small (Median)
large,2934,2568,2350,1035,20662202.090653267,2242408.0,9,0,6778249.488095238,687828.0,2341,1035,21147432.80361972,2773430.0,3.1198959024393154,4.032156294887676
small,4023,3524,3258,1214,16568575.148161765,2564252.0,7,0,8569241.384615384,1124882.0,3251,1214,16658789.471186021,2564252.0,1.9440214977598886,2.2795742131174648
