Type,#Files,#Files Filtered by Language,Total Files,Only Added,Time Average,Time Median,Total Large Files,Only Added Large,Time Large Average,Time Large Median,Total Small Files,Only Added Small,Time Small Average,Time Small Median,Large p/ Small (Average),Large p/ Small (Median)
large,4256,3686,3678,1050,10717010.395673309,2372620.0,97,3,2007376.9974972191,690650.0,3581,1047,13887516.211317508,4045959.0,6.918240185392354,5.8581901107652214
small,6042,5070,5056,1493,12562776.328908505,3403640.0,80,4,2980153.0056140353,1159126.0,4976,1489,14189691.130619539,4260597.0,4.761396849050666,3.675697896518584
