Type,#Files,#Files Filtered by Language,Total Files,Only Added,Time Average,Time Median,Total Large Files,Only Added Large,Time Large Average,Time Large Median,Total Small Files,Only Added Small,Time Small Average,Time Small Median,Large p/ Small (Average),Large p/ Small (Median)
large,241,196,189,77,12353407.841240875,597632.0,3,0,2713102.1904761903,511666.0,186,77,12737556.643263757,597632.0,4.694831137572494,1.168011945292437
small,259,207,188,69,11575097.406995231,597632.0,3,0,2320724.888888889,431473.5,185,69,11847730.31260229,597632.0,5.105185181288213,1.3850954925389392
