Type,#Files,#Files Filtered by Language,Total Files,Only Added,Time Average,Time Median,Total Large Files,Only Added Large,Time Large Average,Time Large Median,Total Small Files,Only Added Small,Time Small Average,Time Small Median,Large p/ Small (Average),Large p/ Small (Median)
large,3833,3005,2988,442,10588698.27712742,5434337.0,21,2,1000093.1652841782,186633.0,2967,440,12235277.52476919,6799289.0,12.2341377278511,36.43133315115762
small,4771,3763,3687,562,13264346.34719514,7499432.0,18,2,3207660.738095238,1122873.5,3669,560,13683355.119797818,7969827.0,4.265836145727563,7.097706909994759
