Type,#Files,#Files Filtered by Language,Total Files,Only Added,Time Average,Time Median,Total Large Files,Only Added Large,Time Large Average,Time Large Median,Total Small Files,Only Added Small,Time Small Average,Time Small Median,Large p/ Small (Average),Large p/ Small (Median)
large,24022,17777,17485,5571,7894288.301087411,2259771.5,145,6,1906908.6380756448,563059.0,17340,5565,8472696.398969593,2609076.0,4.443158014911405,4.6337524131574135
small,33523,25365,24927,7209,7928383.8880376965,2277090.0,106,5,2786884.478025693,838791.0,24821,7204,8076738.326459543,2345695.0,2.8981245509614126,2.7965190375194773
