Type,#Files,#Files Filtered by Language,Total Files,Only Added,Time Average,Time Median,Total Large Files,Only Added Large,Time Large Average,Time Large Median,Total Small Files,Only Added Small,Time Small Average,Time Small Median,Large p/ Small (Average),Large p/ Small (Median)
large,2290,2262,2254,1340,28490419.94098531,8483959.0,43,12,9556168.275561098,2447786.5,2211,1328,30694057.995791614,9503713.0,3.2119629029857566,3.8825743176539294
small,3219,3160,3093,1236,22414183.743631195,5700878.0,39,12,13596389.647058824,4487705.0,3054,1224,22663362.494611945,5706982.5,1.6668662110249608,1.2716928808823218
