Type,#Files,#Files Filtered by Language,Total Files,Only Added,Time Average,Time Median,Total Large Files,Only Added Large,Time Large Average,Time Large Median,Total Small Files,Only Added Small,Time Small Average,Time Small Median,Large p/ Small (Average),Large p/ Small (Median)
large,2066,999,995,694,15563852.962831859,8065931.0,13,11,20401968.4,12625008.0,982,683,15520655.503571428,8065931.0,0.7607430420082127,0.6388852189242177
small,3180,1439,1434,1072,14421830.045669291,6843642.0,13,11,20401968.4,12625008.0,1421,1061,14374368.63015873,6843642.0,0.7045579303102308,0.5420703099752491
