Type,#Files,#Files Filtered by Language,Total Files,Only Added,Time Average,Time Median,Total Large Files,Only Added Large,Time Large Average,Time Large Median,Total Small Files,Only Added Small,Time Small Average,Time Small Median,Large p/ Small (Average),Large p/ Small (Median)
large,21212,18277,15939,7221,18865007.876742173,3364738.0,185,11,6057700.610178668,1136873.0,15754,7210,20338432.556510635,4317236.0,3.357450931519504,3.797465504062459
small,22941,19791,17567,7390,20699579.664935667,5375968.5,179,11,9046714.428691275,2411096.0,17388,7379,21464417.248857442,6063313.0,2.372620183608752,2.514753871268502
