Type,#Files,#Files Filtered by Language,Total Files,Only Added,Time Average,Time Median,Total Large Files,Only Added Large,Time Large Average,Time Large Median,Total Small Files,Only Added Small,Time Small Average,Time Small Median,Large p/ Small (Average),Large p/ Small (Median)
large,1295,1235,1210,177,24021568.07854774,4342341.0,21,2,4021759.998286204,871049.0,1189,175,29137696.099079352,8082560.5,7.2450111671247965,9.27911116366588
small,2861,2579,2487,502,23697854.74270367,3866511.0,15,0,10458715.990163935,2005737.0,2472,502,24069501.067556374,4033770.0,2.301382032956332,2.01111611342863
