Type,#Files,#Files Filtered by Language,Total Files,Only Added,Time Average,Time Median,Total Large Files,Only Added Large,Time Large Average,Time Large Median,Total Small Files,Only Added Small,Time Small Average,Time Small Median,Large p/ Small (Average),Large p/ Small (Median)
large,903,353,336,289,2420979.0588235296,160566.0,19,13,160566.0,160566.0,317,276,2592656.0,1027808.0,16.14698005804467,6.401155910964961
small,933,363,346,287,2062974.9272727272,515730.0,19,13,160566.0,160566.0,327,274,2172729.2884615385,632753.0,13.531689700568853,3.940765791014287
