Type,#Files,#Files Filtered by Language,Total Files,Only Added,Time Average,Time Median,Total Large Files,Only Added Large,Time Large Average,Time Large Median,Total Small Files,Only Added Small,Time Small Average,Time Small Median,Large p/ Small (Average),Large p/ Small (Median)
large,1666,1662,1645,119,10666175.950832672,2993820.0,20,3,1445125.406374502,250892.0,1625,116,11916797.539445246,3683605.0,8.246203053990891,14.682034500900786
small,1893,1889,1870,141,9905235.482722238,3375282.0,17,3,1771046.9867330017,290464.0,1853,138,10608046.152314086,3440098.0,5.989703396792671,11.843457364768096
