Type,#Files,#Files Filtered by Language,Total Files,Only Added,Time Average,Time Median,Total Large Files,Only Added Large,Time Large Average,Time Large Median,Total Small Files,Only Added Small,Time Small Average,Time Small Median,Large p/ Small (Average),Large p/ Small (Median)
large,7088,5079,3569,1350,9780233.130618993,84761.0,50,16,6673666.382103991,476686.0,3519,1334,9918902.677821558,84761.0,1.4862748764936689,0.17781306772172878
small,5208,4157,3097,899,10148070.045919351,184752.0,36,9,8185883.0114068445,342631.0,3061,890,10199149.447094923,184752.0,1.2459437097845933,0.5392156576608654
