Type,#Files,#Files Filtered by Language,Total Files,Only Added,Time Average,Time Median,Total Large Files,Only Added Large,Time Large Average,Time Large Median,Total Small Files,Only Added Small,Time Small Average,Time Small Median,Large p/ Small (Average),Large p/ Small (Median)
large,8416,6321,5796,2853,8335972.057233704,1895879.0,81,5,1384980.4943785134,438294.0,5715,2848,10207257.998402556,3104619.0,7.369965165453749,7.083416610768115
small,6469,4425,4413,1649,8913918.130229509,2503323.0,76,4,2244716.716209218,936583.0,4337,1645,9880824.649523238,3012238.0,4.401813635624166,3.216199738837882
