Type,#Files,#Files Filtered by Language,Total Files,Only Added,Time Average,Time Median,Total Large Files,Only Added Large,Time Large Average,Time Large Median,Total Small Files,Only Added Small,Time Small Average,Time Small Median,Large p/ Small (Average),Large p/ Small (Median)
large,1123,931,920,526,18231535.72306397,4312667.0,6,5,2282039.5376344086,1045842.0,914,521,19586150.46757991,4864832.0,8.582739319180755,4.651593644164223
small,2515,2152,2131,1096,23393405.7739486,6299142.5,2,2,0.0,0.0,2129,1094,23393405.7739486,6299142.5,0.0,0.0
