Type,#Files,#Files Filtered by Language,Total Files,Only Added,Time Average,Time Median,Total Large Files,Only Added Large,Time Large Average,Time Large Median,Total Small Files,Only Added Small,Time Small Average,Time Small Median,Large p/ Small (Average),Large p/ Small (Median)
large,2957,2395,2393,1577,16210202.29614325,3545936.5,31,11,4476056.029752066,876096.0,2362,1566,18557031.54942149,3992386.0,4.145844338425179,4.557018865512455
small,7188,6303,6282,3136,17876845.260790903,3053655.0,22,11,13682029.653061224,5422784.0,6260,3125,17912564.43096707,3035551.0,1.3092037428057544,0.5597772288182601
