Type,#Files,#Files Filtered by Language,Total Files,Only Added,Time Average,Time Median,Total Large Files,Only Added Large,Time Large Average,Time Large Median,Total Small Files,Only Added Small,Time Small Average,Time Small Median,Large p/ Small (Average),Large p/ Small (Median)
large,294,20,20,14,8550405.142857144,1167357.0,3,1,18646628.0,18646628.0,17,13,4511916.0,1167357.0,0.24196954001549234,0.06260418773839431
small,455,124,124,74,5077348.138248848,1255621.0,4,2,18646628.0,18646628.0,120,72,4951122.279069767,1247651.0,0.2655237332492377,0.0669102746083635
