Type,#Files,#Files Filtered by Language,Total Files,Only Added,Time Average,Time Median,Total Large Files,Only Added Large,Time Large Average,Time Large Median,Total Small Files,Only Added Small,Time Small Average,Time Small Median,Large p/ Small (Average),Large p/ Small (Median)
large,586,235,235,59,6830549.812267658,1625334.0,5,0,1229920.2,154783.5,230,59,8555216.953808753,2590062.0,6.9559122240684825,16.733450270862203
small,591,350,346,111,9118946.486928105,2267157.5,4,0,3523816.855555556,1080792.0,342,111,9407355.230813287,2416410.5,2.6696493082442414,2.2357775594193887
