Type,#Files,#Files Filtered by Language,Total Files,Only Added,Time Average,Time Median,Total Large Files,Only Added Large,Time Large Average,Time Large Median,Total Small Files,Only Added Small,Time Small Average,Time Small Median,Large p/ Small (Average),Large p/ Small (Median)
large,109,62,62,22,12993386.294117646,5225685.0,2,0,2824942.117647059,1087385.0,60,22,15535497.338235294,11226856.0,5.499403772270941,10.324637547878627
small,158,98,98,41,12506043.344594594,3057112.0,2,0,9812366.333333334,5182175.0,96,41,12561774.593103448,3057112.0,1.2801982892169619,0.5899283601962496
