Type,#Files,#Files Filtered by Language,Total Files,Only Added,Time Average,Time Median,Total Large Files,Only Added Large,Time Large Average,Time Large Median,Total Small Files,Only Added Small,Time Small Average,Time Small Median,Large p/ Small (Average),Large p/ Small (Median)
large,752,279,275,255,15083391.517857144,1558124.0,21,16,10652415.064516129,528210.0,254,239,20577802.32,14625179.0,1.931749954857276,27.688190303099145
small,1143,480,476,389,13022142.128953772,1653045.0,23,20,24927114.4,32581799.0,453,369,12875529.169950739,1639457.0,0.516527062191793,0.05031818531567272
