Type,Added Average,Added Median,Added Max,Deleted Average,Deleted Median,Deleted Min,Zero Count
large,20.20236942971079,5.0,5444,-20.376403443113773,-3.0,-9037,25624
small,16.83130585898709,4.0,4773,-14.03521354267623,-3.0,-4773,32967
