Type,Added Average,Added Median,Added Max,Deleted Average,Deleted Median,Deleted Min,Zero Count
large,30.783997365821534,4.0,13303,-55.31213307240704,-3.0,-13303,2561
small,21.368933893771494,2.0,12032,-21.220660576247365,-2.0,-3012,6393
