Type,Added Average,Added Median,Added Max,Deleted Average,Deleted Median,Deleted Min,Zero Count
large,22.79789750328515,6.0,22546,-33.39283673080587,-2.0,-56533,7228
small,39.781763417305584,5.0,206359,-23.134299372572453,-2.0,-22451,9323
