Type,Added Average,Added Median,Added Max,Deleted Average,Deleted Median,Deleted Min,Zero Count
large,63.009074410163336,7.0,13688,-60.4410569105691,-3.0,-23370,5852
small,45.750744143910964,6.0,13660,-43.87357032457496,-3.0,-23370,7080
