Type,Added Average,Added Median,Added Max,Deleted Average,Deleted Median,Deleted Min,Zero Count
large,16.538361508452535,4.0,3295,-15.593197879858657,-3.0,-1857,4458
small,13.434674063800278,4.0,1387,-15.646783625730993,-2.0,-1519,3188
