Type,Added Average,Added Median,Added Max,Deleted Average,Deleted Median,Deleted Min,Zero Count
large,14.136910268270121,6.0,516,-15.662116040955631,-4.0,-527,366
small,14.888715953307393,5.0,516,-13.116402116402117,-4.0,-527,444
