Type,Added Average,Added Median,Added Max,Deleted Average,Deleted Median,Deleted Min,Zero Count
large,26.211806236516964,5.0,4421,-41.28277817150957,-4.0,-9211,2203
small,28.05933014354067,5.0,4421,-39.97716894977169,-4.0,-9211,2305
