Type,Added Average,Added Median,Added Max,Deleted Average,Deleted Median,Deleted Min,Zero Count
large,28.365665236051502,4.0,18922,-29.212669683257918,-3.0,-6005,1621
small,43.725725094577555,4.0,18922,-14.610662358642973,-4.0,-1515,1186
