Type,Added Average,Added Median,Added Max,Deleted Average,Deleted Median,Deleted Min,Zero Count
large,16.220793739519284,3.0,8325,-17.81875843454791,-2.0,-7060,13035
small,15.823166509285489,4.0,19314,-15.210457345039968,-3.0,-4381,26225
