Type,Added Average,Added Median,Added Max,Deleted Average,Deleted Median,Deleted Min,Zero Count
large,34.98821548821549,6.0,2294,-78.24096385542168,-4.5,-8153,282
small,26.568814055636896,6.0,2294,-88.69452449567723,-4.0,-8153,582
