Type,Added Average,Added Median,Added Max,Deleted Average,Deleted Median,Deleted Min,Zero Count
large,34.019577308120134,4.0,15002,-22.766367137355584,-4.0,-3100,6156
small,23.21846916640843,3.0,11940,-27.701381509032945,-3.0,-21593,10132
