Type,Added Average,Added Median,Added Max,Deleted Average,Deleted Median,Deleted Min,Zero Count
large,14.901355578727841,3.0,1862,-8.237482117310444,-2.0,-1833,7284
small,11.450082432679977,3.0,1803,-7.034353529044347,-2.0,-1833,7830
