Type,Added Average,Added Median,Added Max,Deleted Average,Deleted Median,Deleted Min,Zero Count
large,16.67967830521773,5.0,1336,-18.332284607938046,-4.0,-6363,9232
small,16.71374777036401,5.0,7624,-16.414607948442534,-4.0,-6363,12428
