Type,Added Average,Added Median,Added Max,Deleted Average,Deleted Median,Deleted Min,Zero Count
large,25.48141982281943,2.0,60925,-30.347146501947094,-2.0,-22313,102414
small,14.53354556803995,2.0,60925,-22.96842030730015,-2.0,-16136,77296
