Type,Added Average,Added Median,Added Max,Deleted Average,Deleted Median,Deleted Min,Zero Count
large,13.393520563248552,5.0,9650,-14.567617269280824,-3.0,-5435,84080
small,13.562533535518488,5.0,9650,-15.473501794405388,-3.0,-5435,92246
