Type,Added Average,Added Median,Added Max,Deleted Average,Deleted Median,Deleted Min,Zero Count
large,10.181613645876936,2.0,62132,-10.098474341192787,-5.0,-62132,48309
small,9.540370705244124,2.0,62132,-7.413930759171312,-4.0,-62132,60404
