Type,Added Average,Added Median,Added Max,Deleted Average,Deleted Median,Deleted Min,Zero Count
large,17.34065934065934,3.0,420,-4.862068965517241,-1.0,-73,82
small,10.290623179965054,4.0,571,-5.648407643312102,-2.0,-498,1759
