Type,Added Average,Added Median,Added Max,Deleted Average,Deleted Median,Deleted Min,Zero Count
large,50.402524127691166,5.0,124773,-18.835361947469572,-3.0,-2020,5363
small,43.246859513656794,4.0,124773,-20.993502977801842,-3.0,-12111,6913
