Type,Added Average,Added Median,Added Max,Deleted Average,Deleted Median,Deleted Min,Zero Count
large,12.122287968441814,5.0,366,-15.194736842105263,-3.0,-483,984
small,6.072319201995012,2.0,77,-16.592814371257486,-2.0,-545,745
