Type,Added Average,Added Median,Added Max,Deleted Average,Deleted Median,Deleted Min,Zero Count
large,21.543802070184295,6.0,1577,-40.79339933993399,-7.0,-8809,5039
small,18.76956147893379,5.0,9045,-28.52741116751269,-6.0,-8809,5241
