Type,Added Average,Added Median,Added Max,Deleted Average,Deleted Median,Deleted Min,Zero Count
large,42.80497131931166,11.0,3775,-162.88,-4.0,-11941,772
small,56.472386587771204,6.0,13251,-76.33072916666667,-6.0,-8029,1020
