Type,Added Average,Added Median,Added Max,Deleted Average,Deleted Median,Deleted Min,Zero Count
large,26.94080640549042,5.0,4381,-30.342680874929894,-4.0,-8457,5712
small,39.49299769544407,3.0,50267,-56.25750834260289,-3.0,-35901,8990
