Type,Added Average,Added Median,Added Max,Deleted Average,Deleted Median,Deleted Min,Zero Count
large,39.93482490272373,7.0,3089,-33.1027027027027,-6.0,-1049,354
small,33.299283154121866,6.0,3089,-45.3421052631579,-5.0,-3338,338
