Type,Added Average,Added Median,Added Max,Deleted Average,Deleted Median,Deleted Min,Zero Count
large,12.908888888888889,5.0,2707,-23.616982836495033,-4.0,-5594,2181
small,14.171583220568335,4.0,3774,-22.060661764705884,-4.0,-5594,2311
