Type,Added Average,Added Median,Added Max,Deleted Average,Deleted Median,Deleted Min,Zero Count
large,21.46740220661986,7.0,1547,-25.022641509433964,-2.0,-2981,662
small,14.46282679738562,5.0,1547,-25.066808059384943,-3.0,-1222,1609
