Type,Added Average,Added Median,Added Max,Deleted Average,Deleted Median,Deleted Min,Zero Count
large,20.13334858188472,7.0,4126,-23.689710610932476,-3.0,-6667,2753
small,16.232876712328768,6.0,615,-20.544412607449857,-3.0,-7524,3676
