Type,#Files,#Files Filtered by Language,Total Files,Only Added,Time Average,Time Median,Total Large Files,Only Added Large,Time Large Average,Time Large Median,Total Small Files,Only Added Small,Time Small Average,Time Small Median,Large p/ Small (Average),Large p/ Small (Median)
large,129,152,98,24,1255416.6551724137,120281.0,2,1,600908.6912751677,120051.0,96,23,1565009.3111111112,124923.0,2.6044045190793605,1.0405827523302595
small,253,286,193,58,1782632.4098671726,125570.0,2,1,1391085.7,355935.5,191,57,1823675.0419287211,101795.0,1.3109724598051156,0.28599282735214665
