Type,#Files,#Files Filtered by Language,Total Files,Only Added,Time Average,Time Median,Total Large Files,Only Added Large,Time Large Average,Time Large Median,Total Small Files,Only Added Small,Time Small Average,Time Small Median,Large p/ Small (Average),Large p/ Small (Median)
large,353,407,273,17,3718118.3269367446,89441.0,3,0,675204.24,72773.0,270,17,4081234.5664280034,101098.0,6.044444517155289,1.3892240253940336
small,588,623,411,30,2539289.757568049,87965.0,3,0,533486.3255813953,87593.0,408,30,2607345.686743819,87965.0,4.887371169077904,1.0042469147077964
