Type,#Files,#Files Filtered by Language,Total Files,Only Added,Time Average,Time Median,Total Large Files,Only Added Large,Time Large Average,Time Large Median,Total Small Files,Only Added Small,Time Small Average,Time Small Median,Large p/ Small (Average),Large p/ Small (Median)
large,28,25,18,2,5136553.173469388,892226.5,1,0,10369723.65625,3387829.5,17,2,4497387.312977099,802091.5,0.4337036802582922,0.23675674941728916
small,40,42,30,3,6316393.930555556,1012015.5,1,0,19285160.083333332,12564255.0,29,3,5869195.097701149,834106.0,0.30433738026232093,0.06638722311828278
