Type,#Files,#Files Filtered by Language,Total Files,Only Added,Time Average,Time Median,Total Large Files,Only Added Large,Time Large Average,Time Large Median,Total Small Files,Only Added Small,Time Small Average,Time Small Median,Large p/ Small (Average),Large p/ Small (Median)
large,177,173,117,18,16429507.146090535,1021667.0,3,2,15724495.714285715,12177862.0,114,16,16439810.027139874,867959.0,1.0454904453440943,0.07127351254267786
small,434,344,244,47,12289660.111919926,661715.0,3,2,15724495.714285715,12177862.0,241,45,12267641.934981685,654483.0,0.7801612311062239,0.053743670276440975
