Type,#Files,#Files Filtered by Language,Total Files,Only Added,Time Average,Time Median,Total Large Files,Only Added Large,Time Large Average,Time Large Median,Total Small Files,Only Added Small,Time Small Average,Time Small Median,Large p/ Small (Average),Large p/ Small (Median)
large,4640,6896,4459,1878,10995237.150963986,0.0,22,14,55883090.333333336,27893285.5,4437,1864,10798432.533430764,0.0,0.19323255870460834,0.0
small,24850,35829,23418,10118,5716841.510017853,0.0,24,17,71426739.71428572,37444367.0,23394,10101,5686412.210770045,0.0,0.07961181251610079,0.0
