Type,#Files,#Files Filtered by Language,Total Files,Only Added,Time Average,Time Median,Total Large Files,Only Added Large,Time Large Average,Time Large Median,Total Small Files,Only Added Small,Time Small Average,Time Small Median,Large p/ Small (Average),Large p/ Small (Median)
large,111,104,69,20,15820904.691558441,59441.5,2,0,5682831.393258427,108336.0,67,20,19940943.611872148,976.0,3.5089803360219687,0.009009009009009009
small,435,583,384,39,7571492.41106515,171514.0,2,0,14537566.310344828,4471514.0,382,39,7465447.19160105,171514.0,0.5135279889515407,0.0383570307506585
