Type,#Files,#Files Filtered by Language,Total Files,Only Added,Time Average,Time Median,Total Large Files,Only Added Large,Time Large Average,Time Large Median,Total Small Files,Only Added Small,Time Small Average,Time Small Median,Large p/ Small (Average),Large p/ Small (Median)
large,709,884,555,127,13691545.21002059,9297.0,10,4,4173503.0821917807,259624.0,545,123,15375269.948303716,0.0,3.6840202691857487,0.0
small,2174,2610,1533,272,10071743.376095729,22023.0,9,4,11527744.89090909,1442933.0,1524,268,10060515.097448122,15651.5,0.8727218716803802,0.010847003984245977
