Type,#Files,#Files Filtered by Language,Total Files,Only Added,Time Average,Time Median,Total Large Files,Only Added Large,Time Large Average,Time Large Median,Total Small Files,Only Added Small,Time Small Average,Time Small Median,Large p/ Small (Average),Large p/ Small (Median)
large,521,638,409,85,15774560.244824016,680477.5,5,0,4434467.095238095,838661.0,404,85,17314572.894767784,622765.0,3.9045442266018506,0.7425705976550716
small,702,825,543,132,14074437.548583878,1634798.0,5,0,9530743.542056074,1753154.0,538,132,14296638.306672761,1634798.0,1.5000548743743174,0.9324896728981025
