Type,#Files,#Files Filtered by Language,Total Files,Only Added,Time Average,Time Median,Total Large Files,Only Added Large,Time Large Average,Time Large Median,Total Small Files,Only Added Small,Time Small Average,Time Small Median,Large p/ Small (Average),Large p/ Small (Median)
large,269,240,198,86,24740443.410423454,771605.0,3,1,7091592.925,540550.0,195,85,27384465.95505618,1043172.0,3.8615394657690647,1.9298344278975117
small,277,253,212,81,28282481.056074765,1784271.0,1,0,37304854.0,3632863.0,211,81,28139721.99050633,1784271.0,0.7543179767036838,0.4911473402657904
