Type,#Files,#Files Filtered by Language,Total Files,Only Added,Time Average,Time Median,Total Large Files,Only Added Large,Time Large Average,Time Large Median,Total Small Files,Only Added Small,Time Small Average,Time Small Median,Large p/ Small (Average),Large p/ Small (Median)
large,516,558,430,71,6177586.91532258,757467.0,42,0,3998331.3746958636,592238.5,388,71,7903355.753853564,1048331.0,1.9766635161535953,1.7701162622828472
small,1424,1165,858,170,5490373.259801215,251573.0,38,0,5857778.839556004,1357666.0,820,170,5432145.380457381,112160.0,0.9273387625656956,0.08261236563337375
