Type,#Files,#Files Filtered by Language,Total Files,Only Added,Time Average,Time Median,Total Large Files,Only Added Large,Time Large Average,Time Large Median,Total Small Files,Only Added Small,Time Small Average,Time Small Median,Large p/ Small (Average),Large p/ Small (Median)
large,35,20,14,1,3427710.510638298,76175.0,1,0,1000262.8643216081,93770.0,13,1,6574694.755700326,7655.0,6.572966957200169,0.08163591767089688
small,37,24,17,2,12506622.948717948,323345.0,1,0,9238124.209302325,3059377.0,16,2,13242462.979057591,163025.0,1.433457992015641,0.05328699274394754
