language,total,large files p/ project,large files total,small files total,small proportion,small files p/ project,files available,files missing
JavaScript,558.0,56.0,1579.0,9941.0,0.03546548448385054,353,502.0,0.0
PHP,3030.0,19.0,572.0,8936.0,0.033216783216783216,297,3011.0,0.0
TypeScript,152.0,1.0,899.0,9484.0,0.0011123470522803114,11,151.0,0.0
