language,total,large files p/ project,large files total,small files total,small proportion,small files p/ project,files available,files missing
C,9.0,4.0,874.0,9504.0,0.004576659038901602,44,5.0,39.0
C++,25.0,3.0,434.0,8510.0,0.0069124423963133645,59,22.0,37.0
Go,182.0,1.0,601.0,9008.0,0.0016638935108153079,15,181.0,0.0
Objective-C,2.0,1.0,146.0,6111.0,0.00684931506849315,42,1.0,41.0
