language,total,large files p/ project,large files total,small files total,small proportion,small files p/ project,files available,files missing
C,10.0,2.0,587.0,8977.0,0.0034071550255536627,31,8.0,23.0
C++,17.0,2.0,421.0,8461.0,0.004750593824228029,41,15.0,26.0
Go,180.0,1.0,608.0,9017.0,0.001644736842105263,15,179.0,0.0
Objective-C,2.0,1.0,146.0,6110.0,0.00684931506849315,42,1.0,41.0
