Type,#Files,Total Filtered Files,%% Grew,%% Decreased,%% Zero,Grew Average,Grew Median,Decreased Average,Decreased Median,Zero Total,Total Large Files,%% Large Grew,%% Large Decreased,%% Large Zero,Large Grew Average,Large Grew Median,Large Decreased Average,Large Decreased Median,Large Zero Total,Total Small Files,%% Small Grew,%% Small Decreased,%% Small Zero,Small Grew Average,Small Grew Median,Small Decreased Average,Small Decreased Median,Small Zero Total
large,582,310,39.57335655202438,18.502394427514147,12.973443622115804,39.14521452145215,10.0,-31.910588235294117,-8.0,298,309,116.53846153846155,54.48717948717948,38.205128205128204,39.14521452145215,10.0,-31.910588235294117,-8.0,298,192,0,0,0,39.14521452145215,10.0,-31.910588235294117,-8.0,298
small,1318,628,37.07355551173339,18.024058371129957,16.643660027607968,30.004255319148935,9.0,-28.38074398249453,-8.0,844,627,209.12124582869853,101.66852057842047,93.88209121245829,30.004255319148935,9.0,-28.38074398249453,-8.0,844,435,0,0,0,30.004255319148935,9.0,-28.38074398249453,-8.0,844
