Type,#Files,Total Filtered Files,%% Grew,%% Decreased,%% Zero,Grew Average,Grew Median,Decreased Average,Decreased Median,Zero Total,Total Large Files,%% Large Grew,%% Large Decreased,%% Large Zero,Large Grew Average,Large Grew Median,Large Decreased Average,Large Decreased Median,Large Zero Total,Total Small Files,%% Small Grew,%% Small Decreased,%% Small Zero,Small Grew Average,Small Grew Median,Small Decreased Average,Small Decreased Median,Small Zero Total
large,1272,1115,41.31757966344433,12.877431674424155,16.05203484902733,21.255054881571347,8.0,-16.60333642261353,-5.0,1345,1091,156.36856368563684,48.7353206865402,60.74977416440831,21.255054881571347,8.0,-16.60333642261353,-5.0,1345,775,0,0,0,21.255054881571347,8.0,-16.60333642261353,-5.0,1345
small,1984,1777,34.659540775930324,11.797307996832936,15.706650831353919,22.119645916619074,9.0,-15.383389261744966,-4.0,1587,1749,157.74774774774775,53.69369369369369,71.48648648648648,22.119645916619074,9.0,-15.383389261744966,-4.0,1587,1157,0,0,0,22.119645916619074,9.0,-15.383389261744966,-4.0,1587
