Type,#Files,Total Filtered Files,%% Grew,%% Decreased,%% Zero,Grew Average,Grew Median,Decreased Average,Decreased Median,Zero Total,Total Large Files,%% Large Grew,%% Large Decreased,%% Large Zero,Large Grew Average,Large Grew Median,Large Decreased Average,Large Decreased Median,Large Zero Total,Total Small Files,%% Small Grew,%% Small Decreased,%% Small Zero,Small Grew Average,Small Grew Median,Small Decreased Average,Small Decreased Median,Small Zero Total
large,460,281,40.36027263875365,15.75787082116196,12.447257383966246,20.537595496582227,6.0,-27.994850669412976,-6.0,767,280,108.88791593695271,42.513134851138354,33.58143607705779,20.537595496582227,6.0,-27.994850669412976,-6.0,767,189,0,0,0,20.537595496582227,6.0,-27.994850669412976,-6.0,767
small,702,392,46.24749077251829,13.630771223207926,17.81389626367934,8.774292915149818,2.0,-12.579572446555819,-2.0,2751,391,454.6148949713558,133.991088478676,175.11139401654995,8.774292915149818,2.0,-12.579572446555819,-2.0,2751,293,0,0,0,8.774292915149818,2.0,-12.579572446555819,-2.0,2751
