Type,Commits Amount,70% Threshould Large,70% Threshould Small,70% Threshould Flex,Large Files,Large Mean,Large Median,Large Min,Large Max,Commits Large Mean,Commits Large Median,Authors Large Mean,Authors Large Median,Small Files,Small Mean,Small Median,Small Min,Small Max,Commits Small Mean,Commits Small Median,Authors Small Mean,Authors Small Median
large,2799,5,1,1,85,2.0470588235294116,2.0,1,7,73.63529411764706,35.0,9.058823529411764,7.0,11921,1.2102172636523783,1.0,1,6,3.307272879791964,2.0,1.6365237815619496,1.0
small,1213,0,1,1,82,1.7682926829268293,2.0,1,5,36.670731707317074,16.5,5.341463414634147,5.0,11731,1.2004091722785781,1.0,1,6,3.2300741624754923,2.0,1.611712556474299,1.0
