Type,Commits Amount,70% Threshould Large,70% Threshould Small,70% Threshould Flex,Large Files,Large Mean,Large Median,Large Min,Large Max,Commits Large Mean,Commits Large Median,Authors Large Mean,Authors Large Median,Small Files,Small Mean,Small Median,Small Min,Small Max,Commits Small Mean,Commits Small Median,Authors Small Mean,Authors Small Median
large,4153,21,1,1,136,8.992647058823529,8.0,1,29,72.49264705882354,51.0,27.00735294117647,23.5,5931,2.437868824818749,1.0,1,29,6.098128477491148,3.0,4.071994604619794,2.0
small,3991,0,1,1,134,8.32089552238806,7.0,1,28,50.149253731343286,39.5,21.85820895522388,18.5,6918,2.4887250650477015,1.0,1,38,6.160450997398092,3.0,4.1539462272333045,2.0
