Type,Commits Amount,70% Threshould Large,70% Threshould Small,70% Threshould Flex,Large Files,Large Mean,Large Median,Large Min,Large Max,Commits Large Mean,Commits Large Median,Authors Large Mean,Authors Large Median,Small Files,Small Mean,Small Median,Small Min,Small Max,Commits Small Mean,Commits Small Median,Authors Small Mean,Authors Small Median
large,5212,2,1,1,56,1.6607142857142858,2.0,1,4,116.03571428571429,74.5,8.089285714285714,7.0,9891,1.291578202406228,1.0,1,5,6.824183601253665,5.0,2.4148215549489436,2.0
small,2516,0,1,1,55,1.3454545454545455,1.0,1,3,33.38181818181818,25.0,4.818181818181818,4.0,10465,1.3015766841853798,1.0,1,7,6.579646440516005,5.0,2.437267080745342,2.0
