Type,Commits Amount,70% Threshould Large,70% Threshould Small,70% Threshould Flex,Large Files,Large Mean,Large Median,Large Min,Large Max,Commits Large Mean,Commits Large Median,Authors Large Mean,Authors Large Median,Small Files,Small Mean,Small Median,Small Min,Small Max,Commits Small Mean,Commits Small Median,Authors Small Mean,Authors Small Median
large,1814,5,1,1,215,1.6883720930232557,1.0,1,6,16.386046511627907,9.0,4.093023255813954,3.0,18397,1.1500788171984562,1.0,1,5,2.52100886014024,2.0,1.6564657281078436,1.0
small,1876,0,1,1,210,1.7047619047619047,1.0,1,6,10.69047619047619,6.0,3.585714285714286,3.0,20411,1.166625839008378,1.0,1,6,2.6400960266522953,2.0,1.6922247807554749,1.0
