Type,Commits Amount,70% Threshould Large,70% Threshould Small,70% Threshould Flex,Large Files,Large Mean,Large Median,Large Min,Large Max,Commits Large Mean,Commits Large Median,Authors Large Mean,Authors Large Median,Small Files,Small Mean,Small Median,Small Min,Small Max,Commits Small Mean,Commits Small Median,Authors Small Mean,Authors Small Median
large,860,6,1,1,73,1.5753424657534247,1.0,1,8,11.04109589041096,4.0,3.6575342465753424,3.0,11788,1.1238547675602308,1.0,1,7,2.364862572107228,1.0,1.5616728876823889,1.0
small,1347,0,1,1,65,1.7538461538461538,1.0,1,8,9.169230769230769,8.0,3.6769230769230767,3.0,11423,1.3204061980215356,1.0,1,9,3.3454434036592837,2.0,1.915608859318918,1.0
