Type,Commits Amount,70% Threshould Large,70% Threshould Small,70% Threshould Flex,Large Files,Large Mean,Large Median,Large Min,Large Max,Commits Large Mean,Commits Large Median,Authors Large Mean,Authors Large Median,Small Files,Small Mean,Small Median,Small Min,Small Max,Commits Small Mean,Commits Small Median,Authors Small Mean,Authors Small Median
large,2788,3,1,1,133,1.8195488721804511,2.0,1,4,42.06015037593985,24.0,4.714285714285714,4.0,9403,1.1949377858130383,1.0,1,4,3.5295118579176856,2.0,1.7043496756354355,1.0
small,2418,1,1,1,133,1.781954887218045,2.0,1,4,27.729323308270676,18.0,4.2556390977443606,4.0,7914,1.239196360879454,1.0,1,5,4.233257518321961,2.0,1.8800859236795553,1.0
