language,total,large files p/ project,large files total,small files total,small proportion,small files p/ project,files available,files missing
C,100.0,2.0,901.0,9524.0,0.0022197558268590455,22,98.0,0.0
C++,139.0,4.0,421.0,8461.0,0.009501187648456057,81,135.0,0.0
Java,16642.0,154.0,1117.0,9686.0,0.1378692927484333,1336,16488.0,0.0
Python,117.0,2.0,574.0,8935.0,0.003484320557491289,32,115.0,0.0
