language,total,large files p/ project,large files total,small files total,small proportion,small files p/ project,files available,files missing
C,99.0,2.0,874.0,9504.0,0.002288329519450801,22,97.0,0.0
C++,136.0,3.0,434.0,8510.0,0.0069124423963133645,59,133.0,0.0
Java,14492.0,142.0,1027.0,9612.0,0.1382667964946446,1330,14350.0,0.0
Python,119.0,2.0,562.0,8911.0,0.0035587188612099642,32,117.0,0.0
