language,total,large files p/ project,large files total,small files total,small proportion,small files p/ project,files available,files missing
C,2.0,1.0,901.0,9524.0,0.0011098779134295228,11,1.0,10.0
C++,125.0,1.0,421.0,8461.0,0.0023752969121140144,21,124.0,0.0
Java,1252.0,1.0,1117.0,9686.0,0.0008952551477170994,9,1251.0,0.0
JavaScript,1234.0,27.0,1671.0,9976.0,0.01615798922800718,162,1207.0,0.0
Ruby,320.0,1.0,845.0,9419.0,0.001183431952662722,12,319.0,0.0
Rust,33.0,1.0,484.0,8692.0,0.002066115702479339,18,32.0,0.0
