language,total,large files p/ project,large files total,small files total,small proportion,small files p/ project,files available,files missing
C,2.0,1.0,874.0,9504.0,0.0011441647597254005,11,1.0,10.0
C++,125.0,1.0,434.0,8510.0,0.002304147465437788,20,124.0,0.0
Java,1253.0,1.0,1027.0,9612.0,0.0009737098344693282,10,1252.0,0.0
JavaScript,1234.0,29.0,1579.0,9941.0,0.01836605446485117,183,1205.0,0.0
Ruby,320.0,1.0,855.0,9431.0,0.0011695906432748538,12,319.0,0.0
Rust,34.0,1.0,487.0,8701.0,0.002053388090349076,18,33.0,0.0
