language,total,large files p/ project,large files total,small files total,small proportion,small files p/ project,files available,files missing
C#,9751.0,25.0,923.0,9527.0,0.027085590465872156,259,9726.0,0.0
Java,91.0,2.0,1117.0,9686.0,0.0017905102954341987,18,89.0,0.0
JavaScript,132.0,11.0,1671.0,9976.0,0.006582884500299222,66,121.0,0.0
TypeScript,154.0,2.0,920.0,9508.0,0.002173913043478261,21,152.0,0.0
