language,total,large files p/ project,large files total,small files total,small proportion,small files p/ project,files available,files missing
C,1165.0,23.0,874.0,9504.0,0.02631578947368421,251,1142.0,0.0
C#,30352.0,360.0,943.0,9531.0,0.38176033934252385,3639,29992.0,0.0
C++,1913.0,55.0,434.0,8510.0,0.12672811059907835,1079,1858.0,0.0
Python,55.0,1.0,562.0,8911.0,0.0017793594306049821,16,54.0,0.0
Swift,9.0,3.0,276.0,7642.0,0.010869565217391304,84,6.0,78.0
TypeScript,103.0,3.0,899.0,9484.0,0.0033370411568409346,32,100.0,0.0
