language,total,large files p/ project,large files total,small files total,small proportion,small files p/ project,files available,files missing
C,1164.0,23.0,901.0,9524.0,0.025527192008879023,244,1141.0,0.0
C#,30307.0,351.0,923.0,9527.0,0.38028169014084506,3623,29956.0,0.0
C++,1924.0,55.0,421.0,8461.0,0.13064133016627077,1106,1869.0,0.0
Python,54.0,1.0,574.0,8935.0,0.0017421602787456446,16,53.0,0.0
Swift,9.0,3.0,278.0,7649.0,0.01079136690647482,83,6.0,77.0
TypeScript,112.0,3.0,920.0,9508.0,0.003260869565217391,32,109.0,0.0
