language,total,large files p/ project,large files total,small files total,small proportion,small files p/ project,files available,files missing
C#,9751.0,27.0,943.0,9531.0,0.02863202545068929,273,9724.0,0.0
Java,91.0,2.0,1027.0,9612.0,0.0019474196689386564,19,89.0,0.0
JavaScript,132.0,11.0,1579.0,9941.0,0.006966434452184927,70,121.0,0.0
TypeScript,154.0,2.0,899.0,9484.0,0.002224694104560623,22,152.0,0.0
