Type,Added Average,Added Median,Added Max,Deleted Average,Deleted Median,Deleted Min,Zero Count
large,14.136036168175112,5.0,4222,-13.984514061943752,-4.0,-5039,116876
small,14.413983889591467,4.0,6915,-16.518389775460403,-3.0,-13024,139465
