Type,Added Average,Added Median,Added Max,Deleted Average,Deleted Median,Deleted Min,Zero Count
large,9.80637636080871,3.0,381,-11.856049562682216,-2.0,-2981,9771
small,9.154227156276686,3.0,601,-13.487987012987013,-2.0,-2981,11961
