Type,Added Average,Added Median,Added Max,Deleted Average,Deleted Median,Deleted Min,Zero Count
large,19.604131769960915,6.0,819,-13.671875,-2.0,-1137,2025
small,8.780651551837993,3.0,819,-14.3787728026534,-4.0,-1910,11936
