Type,Added Average,Added Median,Added Max,Deleted Average,Deleted Median,Deleted Min,Zero Count
large,13.252636881710274,4.0,14921,-17.89595337873232,-3.0,-16506,39028
small,11.916603140722671,3.0,1357,-16.72182523478971,-3.0,-16506,51547
