Type,Added Average,Added Median,Added Max,Deleted Average,Deleted Median,Deleted Min,Zero Count
large,12.492695094429267,3.0,1516,-11.907214254671882,-3.0,-1580,14312
small,11.698642418032787,3.0,1516,-11.140310402684564,-2.0,-2456,13412
