Type,Added Average,Added Median,Added Max,Deleted Average,Deleted Median,Deleted Min,Zero Count
large,22.67045112781955,5.0,10877,-21.44635615091557,-2.0,-10876,14931
small,13.336070751737207,4.0,6912,-13.682436048378465,-2.0,-10805,17640
