Type,Added Average,Added Median,Added Max,Deleted Average,Deleted Median,Deleted Min,Zero Count
large,19.114208436941063,4.0,1956,-14.975459242250286,-2.0,-4537,10927
small,18.69277422235452,4.0,4744,-15.757070519945659,-2.0,-4704,12190
