Type,Added Average,Added Median,Added Max,Deleted Average,Deleted Median,Deleted Min,Zero Count
large,67.6911883589329,7.0,59508,-117.96502732240437,-7.0,-15054,1267
small,52.142237640936685,6.0,59508,-88.24772727272727,-6.0,-15054,1406
