Type,Added Average,Added Median,Added Max,Deleted Average,Deleted Median,Deleted Min,Zero Count
large,29.76864649183953,4.0,28558,-32.86966319507887,-4.0,-93721,65616
small,26.20112251034131,4.0,28558,-35.80152051257531,-4.0,-93721,75253
