Type,Added Average,Added Median,Added Max,Deleted Average,Deleted Median,Deleted Min,Zero Count
large,21.133439237490073,6.0,533,-12.452920143027413,-3.0,-350,1098
small,20.996740016299917,6.0,822,-21.156050955414013,-3.0,-3507,1344
