Type,Added Average,Added Median,Added Max,Deleted Average,Deleted Median,Deleted Min,Zero Count
large,18.178932730749175,3.0,7203,-24.43708511579879,-3.0,-62401,29588
small,15.28373751783167,3.0,4618,-17.35398379473329,-3.0,-16401,33450
