Type,Added Average,Added Median,Added Max,Deleted Average,Deleted Median,Deleted Min,Zero Count
large,23.373637264618434,4.0,1040,-21.989035087719298,-4.0,-1213,1761
small,16.70652971386647,4.0,1369,-21.77035912999494,-4.0,-2418,3417
