Type,Added Average,Added Median,Added Max,Deleted Average,Deleted Median,Deleted Min,Zero Count
large,8.674484903459893,3.0,2235,-13.329507089804187,-2.0,-4556,5004
small,7.389601842711418,2.0,2235,-9.063752276867032,-2.0,-441,2391
