Type,Added Average,Added Median,Added Max,Deleted Average,Deleted Median,Deleted Min,Zero Count
large,50.801685224195005,9.0,12224,-64.28798185941044,-3.0,-15323,6706
small,36.1461643946116,6.0,12224,-53.516363636363636,-4.0,-15323,16322
