Type,Added Average,Added Median,Added Max,Deleted Average,Deleted Median,Deleted Min,Zero Count
large,39.55069905380596,8.0,7824,-34.96555370901949,-6.0,-7992,7920
small,29.5171320101879,6.0,3821,-28.090630354405267,-6.0,-6750,15988
