Type,Added Average,Added Median,Added Max,Deleted Average,Deleted Median,Deleted Min,Zero Count
large,12.725922993170345,4.0,940,-14.46953467954346,-20.0,-2996,23992
small,8.874653427042363,3.0,748,-11.698442760942761,-4.0,-4462,39119
