Type,Added Average,Added Median,Added Max,Deleted Average,Deleted Median,Deleted Min,Zero Count
large,23.797729025234734,6.0,27869,-22.48884909653264,-4.0,-27869,57243
small,19.17085145319664,5.0,14092,-21.420461179217746,-4.0,-23366,86974
