Type,Added Average,Added Median,Added Max,Deleted Average,Deleted Median,Deleted Min,Zero Count
large,87.85098039215686,5.0,8483,-28.655011655011656,-9.0,-555,239
small,24.166666666666668,5.0,8483,-21.336342042755344,-3.0,-2349,3378
