Type,Added Average,Added Median,Added Max,Deleted Average,Deleted Median,Deleted Min,Zero Count
large,9.046948356807512,4.0,380,-10.094059405940595,-3.0,-305,536
small,8.572649572649572,3.0,188,-9.863517060367455,-3.0,-203,1257
