Type,Added Average,Added Median,Added Max,Deleted Average,Deleted Median,Deleted Min,Zero Count
large,135.86666666666667,28.5,2984,-176.04347826086956,-3.0,-3350,137
small,17.573402417962004,4.0,6372,-21.351626016260163,-3.0,-3350,3741
