language,total,large files,small p/ language,small proportion,small files,files available
C,1167.0,20.0,8977.0,0.01713796058269066,154,1147.0
C++,730.0,3.0,8461.0,0.00410958904109589,35,727.0
