language,total,large files,small p/ language,small proportion,small files,files available
C,566.0,1.0,8977.0,0.0017667844522968198,16,565.0
Go,1060.0,2.0,9017.0,0.0018867924528301887,18,1058.0
JavaScript,74.0,6.0,9976.0,0.08108108108108109,809,68.0
