language,total,large files p/ project,large files total,small files total,small proportion,small files p/ project,files available,files missing
C,566.0,1.0,587.0,8977.0,0.0017035775127768314,16,565.0,0.0
Go,1060.0,2.0,608.0,9017.0,0.003289473684210526,30,1058.0,0.0
JavaScript,74.0,6.0,1671.0,9976.0,0.003590664272890485,36,68.0,0.0
