language,total,large files p/ project,large files total,small files total,small proportion,small files p/ project,files available,files missing
C,10.0,4.0,587.0,8977.0,0.0068143100511073255,62,6.0,56.0
C++,78.0,5.0,421.0,8461.0,0.011876484560570071,101,73.0,28.0
JavaScript,9.0,1.0,1671.0,9976.0,0.0005984440454817474,6,8.0,0.0
Objective-C,7.0,1.0,146.0,6110.0,0.00684931506849315,42,6.0,36.0
