language,total,large files,small p/ language,small proportion,small files,files available
C,10.0,4.0,8977.0,0.4,3591,6.0
C++,78.0,5.0,8461.0,0.0641025641025641,543,73.0
JavaScript,9.0,1.0,9976.0,0.1111111111111111,1109,8.0
Objective-C,7.0,1.0,6110.0,0.14285714285714285,873,6.0
