language,total,large files,small p/ language,small proportion,small files,files available,files missing
C,638.0,4.0,8977.0,0.006269592476489028,57,634.0,0.0
C++,217.0,2.0,8461.0,0.009216589861751152,78,215.0,0.0
Objective-C,16.0,1.0,6110.0,0.0625,382,15.0,367.0
