language,total,large files,small p/ language,small proportion,small files,files available
C,1029.0,28.0,8977.0,0.027210884353741496,245,1001.0
JavaScript,3.0,1.0,9976.0,0.3333333333333333,3326,2.0
PHP,20400.0,70.0,8926.0,0.003431372549019608,31,20330.0
