language,total,large files,small p/ language,small proportion,small files,files available
C,651.0,13.0,8977.0,0.019969278033794162,180,638.0
C++,208.0,1.0,8461.0,0.004807692307692308,41,207.0
Python,1196.0,13.0,8935.0,0.010869565217391304,98,1183.0
