language,total,large files,small p/ language,small proportion,small files,files available
C,34748.0,314.0,8977.0,0.009036491308852307,82,34434.0
Python,273.0,4.0,8935.0,0.014652014652014652,131,269.0
