language,total,large files,small p/ language,small proportion,small files,files available,files missing
Dart,1544.0,1.0,8284.0,0.0006476683937823834,6,1543.0,0.0
Rust,725.0,2.0,8690.0,0.002758620689655172,24,723.0,0.0
TypeScript,1096.0,2.0,9508.0,0.0018248175182481751,18,1094.0,0.0
