language,total,large files p/ project,large files total,small files total,small proportion,small files p/ project,files available,files missing
Dart,1544.0,1.0,381.0,8284.0,0.0026246719160104987,22,1543.0,0.0
Rust,725.0,2.0,484.0,8690.0,0.004132231404958678,36,723.0,0.0
TypeScript,1096.0,2.0,920.0,9508.0,0.002173913043478261,21,1094.0,0.0
