language,total,large files p/ project,large files total,small files total,small proportion,small files p/ project,files available,files missing
C++,649.0,24.0,421.0,8461.0,0.057007125890736345,483,625.0,0.0
Dart,22823.0,231.0,381.0,8284.0,0.6062992125984252,5023,22592.0,0.0
JavaScript,26.0,5.0,1671.0,9976.0,0.002992220227408737,30,21.0,9.0
Python,137.0,2.0,570.0,8935.0,0.0035087719298245615,32,135.0,0.0
