language,total,large files,small p/ language,small proportion,small files,files available
C++,649.0,24.0,8461.0,0.03697996918335902,313,625.0
Dart,22823.0,231.0,8284.0,0.010121368794636989,84,22592.0
JavaScript,26.0,5.0,9976.0,0.19230769230769232,1919,21.0
Python,137.0,2.0,8935.0,0.014598540145985401,131,135.0
