language,total,large files p/ project,large files total,small files total,small proportion,small files p/ project,files available,files missing
C++,29.0,1.0,421.0,8461.0,0.0023752969121140144,21,28.0,0.0
Dart,678.0,4.0,381.0,8284.0,0.010498687664041995,87,674.0,0.0
Java,96.0,3.0,1117.0,9686.0,0.0026857654431512983,27,93.0,0.0
Objective-C,50.0,3.0,146.0,6110.0,0.02054794520547945,126,47.0,79.0
