language,total,large files,small p/ language,small proportion,small files,files available
Dart,911.0,5.0,8284.0,0.005488474204171241,46,906.0
Java,336.0,1.0,9686.0,0.002976190476190476,29,335.0
Objective-C,136.0,1.0,6110.0,0.007352941176470588,45,135.0
