Type,Commits Amount,70% Threshould Large,70% Threshould Small,70% Threshould Flex,Large Files,Large Mean,Large Median,Large Min,Large Max,Commits Large Mean,Commits Large Median,Authors Large Mean,Authors Large Median,Small Files,Small Mean,Small Median,Small Min,Small Max,Commits Small Mean,Commits Small Median,Authors Small Mean,Authors Small Median
large,33403,19,1,1,276,5.246376811594203,4.0,1,18,227.22101449275362,34.5,26.315217391304348,12.0,26782,1.8182734672541259,1.0,0,25,7.620491374803973,3.0,3.370696736614144,2.0
small,48087,7,3,1,313,4.785942492012779,3.0,1,20,150.7220447284345,16.0,20.904153354632587,7.0,33359,1.8832099283551664,1.0,0,38,8.627806588926527,3.0,3.5438412422434724,2.0
