Type,Commits Amount,70% Threshould Large,70% Threshould Small,70% Threshould Flex,Large Files,Large Mean,Large Median,Large Min,Large Max,Commits Large Mean,Commits Large Median,Authors Large Mean,Authors Large Median,Small Files,Small Mean,Small Median,Small Min,Small Max,Commits Small Mean,Commits Small Median,Authors Small Mean,Authors Small Median
large,2765,7,2,1,112,5.883928571428571,4.0,1,58,31.276785714285715,15.0,13.8125,8.0,11086,1.8647844127728668,1.0,1,32,3.434331589392026,2.0,2.7190149738408804,2.0
small,3306,1,2,1,116,4.198275862068965,3.0,1,32,12.318965517241379,5.0,7.405172413793103,4.0,12791,1.9443358611523727,1.0,1,24,3.8188570088343368,2.0,2.9225236494410134,2.0
