Type,Commits Amount,70% Threshould Large,70% Threshould Small,70% Threshould Flex,Large Files,Large Mean,Large Median,Large Min,Large Max,Commits Large Mean,Commits Large Median,Authors Large Mean,Authors Large Median,Small Files,Small Mean,Small Median,Small Min,Small Max,Commits Small Mean,Commits Small Median,Authors Small Mean,Authors Small Median
large,778,9,1,1,59,3.4915254237288136,2.0,1,10,21.88135593220339,11.0,8.11864406779661,5.0,4417,1.3382386235001131,1.0,1,10,2.6748924609463436,2.0,1.8182023998188817,1.0
small,3114,9,1,1,66,3.3333333333333335,2.0,1,15,25.136363636363637,6.5,8.454545454545455,4.0,8007,1.7033845385287874,1.0,1,14,4.48382665167978,2.0,2.6918945922317974,2.0
