Type,Commits Amount,70% Threshould Large,70% Threshould Small,70% Threshould Flex,Large Files,Large Mean,Large Median,Large Min,Large Max,Commits Large Mean,Commits Large Median,Authors Large Mean,Authors Large Median,Small Files,Small Mean,Small Median,Small Min,Small Max,Commits Small Mean,Commits Small Median,Authors Small Mean,Authors Small Median
large,2158,1,1,1,197,2.49746192893401,1.0,1,13,28.563451776649746,11.0,6.710659898477157,3.0,2974,2.1963685272360456,1.0,1,12,7.8732347007397445,3.0,3.961667787491594,2.0
small,4062,2,1,1,204,2.446078431372549,1.0,1,12,16.88235294117647,9.5,5.5931372549019605,3.0,5035,1.9489572989076465,1.0,1,12,9.000794438927507,3.0,3.74875868917577,2.0
