Type,#Files,Total Filtered Files,%% Grew,%% Decreased,%% Zero,Grew Average,Grew Median,Decreased Average,Decreased Median,Zero Total,Total Large Files,%% Large Grew,%% Large Decreased,%% Large Zero,Large Grew Average,Large Grew Median,Large Decreased Average,Large Decreased Median,Large Zero Total,Total Small Files,%% Small Grew,%% Small Decreased,%% Small Zero,Small Grew Average,Small Grew Median,Small Decreased Average,Small Decreased Median,Small Zero Total
large,1823,1241,24.230295566502463,4.1871921182266005,9.39039408866995,9.315120711562898,4.0,-7.963235294117647,-3.0,305,1235,49.87325728770596,8.61850443599493,19.328263624841572,9.315120711562898,4.0,-7.963235294117647,-3.0,305,496,0,0,0,9.315120711562898,4.0,-7.963235294117647,-3.0,305
small,1517,901,23.032200357781754,3.264758497316637,6.440071556350627,13.788349514563107,7.0,-9.082191780821917,-4.0,144,895,51.34596211365903,7.2781655034895305,14.356929212362912,13.788349514563107,7.0,-9.082191780821917,-4.0,144,396,0,0,0,13.788349514563107,7.0,-9.082191780821917,-4.0,144
