Type,#Files,Total Filtered Files,%% Grew,%% Decreased,%% Zero,Grew Average,Grew Median,Decreased Average,Decreased Median,Zero Total,Total Large Files,%% Large Grew,%% Large Decreased,%% Large Zero,Large Grew Average,Large Grew Median,Large Decreased Average,Large Decreased Median,Large Zero Total,Total Small Files,%% Small Grew,%% Small Decreased,%% Small Zero,Small Grew Average,Small Grew Median,Small Decreased Average,Small Decreased Median,Small Zero Total
large,127,106,49.02682798527091,14.992109416096792,22.672277748553395,21.872317596566525,8.0,-22.775438596491227,-6.0,431,106,60.79582517938682,18.590998043052835,28.11480756686236,21.872317596566525,8.0,-22.775438596491227,-6.0,431,61,0,0,0,21.872317596566525,8.0,-22.775438596491227,-6.0,431
small,490,402,39.482825164029336,13.141644152836744,27.11308375144732,14.987292277614857,6.0,-15.120411160058737,-5.0,1405,402,213.79310344827584,71.15987460815047,146.81295715778475,14.987292277614857,6.0,-15.120411160058737,-5.0,1405,333,0,0,0,14.987292277614857,6.0,-15.120411160058737,-5.0,1405
