Type,#Files,Total Filtered Files,%% Grew,%% Decreased,%% Zero,Grew Average,Grew Median,Decreased Average,Decreased Median,Zero Total,Total Large Files,%% Large Grew,%% Large Decreased,%% Large Zero,Large Grew Average,Large Grew Median,Large Decreased Average,Large Decreased Median,Large Zero Total,Total Small Files,%% Small Grew,%% Small Decreased,%% Small Zero,Small Grew Average,Small Grew Median,Small Decreased Average,Small Decreased Median,Small Zero Total
large,81657,34465,31.8450607637913,10.790210340524558,19.861496779125588,13.738760524597108,6.0,-12.456136695144822,-4.0,35334,34457,83.07013299315238,28.147040279182978,51.810143843751376,13.738760524597108,6.0,-12.456136695144822,-4.0,35334,18388,0,0,0,13.738760524597108,6.0,-12.456136695144822,-4.0,35334
small,77131,34373,27.906111520804682,9.15565476783662,18.317288847255163,14.040805637558329,6.0,-12.161091357666352,-4.0,27571,34362,92.9888645369817,30.50851209847026,61.036948484647226,14.040805637558329,6.0,-12.161091357666352,-4.0,27571,18604,0,0,0,14.040805637558329,6.0,-12.161091357666352,-4.0,27571
