Type,#Files,Total Filtered Files,%% Grew,%% Decreased,%% Zero,Grew Average,Grew Median,Decreased Average,Decreased Median,Zero Total,Total Large Files,%% Large Grew,%% Large Decreased,%% Large Zero,Large Grew Average,Large Grew Median,Large Decreased Average,Large Decreased Median,Large Zero Total,Total Small Files,%% Small Grew,%% Small Decreased,%% Small Zero,Small Grew Average,Small Grew Median,Small Decreased Average,Small Decreased Median,Small Zero Total
large,38,25,37.136929460580916,15.767634854771783,37.75933609958506,10.23463687150838,6.0,-13.81578947368421,-2.0,182,2,71.31474103585657,30.278884462151396,72.50996015936255,10.23463687150838,6.0,-13.81578947368421,-2.0,182,23,0,0,0,10.23463687150838,6.0,-13.81578947368421,-2.0,182
small,44,28,37.96477495107632,15.068493150684931,37.573385518590996,8.376288659793815,4.0,-4.48051948051948,-2.0,192,1,115.47619047619047,45.83333333333333,114.28571428571428,8.376288659793815,4.0,-4.48051948051948,-2.0,192,27,0,0,0,8.376288659793815,4.0,-4.48051948051948,-2.0,192
