Type,#Files,Total Filtered Files,%% Grew,%% Decreased,%% Zero,Grew Average,Grew Median,Decreased Average,Decreased Median,Zero Total,Total Large Files,%% Large Grew,%% Large Decreased,%% Large Zero,Large Grew Average,Large Grew Median,Large Decreased Average,Large Decreased Median,Large Zero Total,Total Small Files,%% Small Grew,%% Small Decreased,%% Small Zero,Small Grew Average,Small Grew Median,Small Decreased Average,Small Decreased Median,Small Zero Total
large,1795,1521,25.769407441433167,5.305466237942122,11.070280202112999,16.515151515151516,7.0,-15.064935064935066,-5.0,482,4,196.15384615384613,40.38461538461539,84.26573426573427,16.515151515151516,7.0,-15.064935064935066,-5.0,482,1517,0,0,0,16.515151515151516,7.0,-15.064935064935066,-5.0,482
small,880,700,13.145290047897817,3.9382650345928685,8.781266631186801,24.591093117408906,7.0,-9.067567567567568,-4.0,165,1,6175.0,1850.0,4125.0,24.591093117408906,7.0,-9.067567567567568,-4.0,165,699,0,0,0,24.591093117408906,7.0,-9.067567567567568,-4.0,165
