Type,#Files,Total Filtered Files,%% Grew,%% Decreased,%% Zero,Grew Average,Grew Median,Decreased Average,Decreased Median,Zero Total,Total Large Files,%% Large Grew,%% Large Decreased,%% Large Zero,Large Grew Average,Large Grew Median,Large Decreased Average,Large Decreased Median,Large Zero Total,Total Small Files,%% Small Grew,%% Small Decreased,%% Small Zero,Small Grew Average,Small Grew Median,Small Decreased Average,Small Decreased Median,Small Zero Total
large,5931,4146,26.22281541964356,9.774672214807255,21.0175080474209,25.59431137724551,7.0,-29.75582329317269,-4.0,2677,4145,39.47523933341213,14.714572745538351,31.6392861363905,25.59431137724551,7.0,-29.75582329317269,-4.0,2677,646,0,0,0,25.59431137724551,7.0,-29.75582329317269,-4.0,2677
small,8289,5945,16.0003011821399,11.109856185528198,36.224681876364734,11.488941176470588,3.0,-7.38529312097594,-1.0,9622,5935,66.67712582365861,46.29745842485096,150.9570128647631,11.488941176470588,3.0,-7.38529312097594,-1.0,9622,2009,0,0,0,11.488941176470588,3.0,-7.38529312097594,-1.0,9622
