Type,#Files,Total Filtered Files,%% Grew,%% Decreased,%% Zero,Grew Average,Grew Median,Decreased Average,Decreased Median,Zero Total,Total Large Files,%% Large Grew,%% Large Decreased,%% Large Zero,Large Grew Average,Large Grew Median,Large Decreased Average,Large Decreased Median,Large Zero Total,Total Small Files,%% Small Grew,%% Small Decreased,%% Small Zero,Small Grew Average,Small Grew Median,Small Decreased Average,Small Decreased Median,Small Zero Total
large,2611,1932,30.154110721608575,13.221773926847014,26.51630398835902,15.904145645974994,6.0,-9.304152076038019,-2.0,4009,1931,95.33667921371811,41.8025930572982,83.83521539104977,15.904145645974994,6.0,-9.304152076038019,-2.0,4009,1411,0,0,0,15.904145645974994,6.0,-9.304152076038019,-2.0,4009
small,2241,1197,25.444460247475465,13.369364244062009,39.524960887498224,14.875069871436557,6.0,-8.736170212765957,-2.0,5558,1197,186.9383490073145,98.22361546499478,290.38662486938347,14.875069871436557,6.0,-8.736170212765957,-2.0,5558,971,0,0,0,14.875069871436557,6.0,-8.736170212765957,-2.0,5558
