Type,#Files,Total Filtered Files,%% Grew,%% Decreased,%% Zero,Grew Average,Grew Median,Decreased Average,Decreased Median,Zero Total,Total Large Files,%% Large Grew,%% Large Decreased,%% Large Zero,Large Grew Average,Large Grew Median,Large Decreased Average,Large Decreased Median,Large Zero Total,Total Small Files,%% Small Grew,%% Small Decreased,%% Small Zero,Small Grew Average,Small Grew Median,Small Decreased Average,Small Decreased Median,Small Zero Total
large,8625,6248,39.41387559808612,13.480583064426394,31.15333259152109,17.24621519568056,6.0,-18.20130004127115,-4.0,22398,6236,72.84388576129149,24.914526618852985,57.576926043032316,17.24621519568056,6.0,-18.20130004127115,-4.0,22398,2636,0,0,0,17.24621519568056,6.0,-18.20130004127115,-4.0,22398
small,10073,7252,33.65703749231715,12.816533497234172,31.825445605408724,19.658235938641344,6.0,-18.811893058386286,-4.0,20712,7241,113.97054997658567,43.399760653519955,107.76835423279047,19.658235938641344,6.0,-18.811893058386286,-4.0,20712,3573,0,0,0,19.658235938641344,6.0,-18.811893058386286,-4.0,20712
