Type,#Files,Total Filtered Files,%% Grew,%% Decreased,%% Zero,Grew Average,Grew Median,Decreased Average,Decreased Median,Zero Total,Total Large Files,%% Large Grew,%% Large Decreased,%% Large Zero,Large Grew Average,Large Grew Median,Large Decreased Average,Large Decreased Median,Large Zero Total,Total Small Files,%% Small Grew,%% Small Decreased,%% Small Zero,Small Grew Average,Small Grew Median,Small Decreased Average,Small Decreased Median,Small Zero Total
large,835,599,33.623782675551,17.016914402870324,24.551512045105074,30.869410569105693,9.0,-16.884538152610443,-4.0,1437,599,110.8108108108108,56.08108108108109,80.91216216216216,30.869410569105693,9.0,-16.884538152610443,-4.0,1437,461,0,0,0,30.869410569105693,9.0,-16.884538152610443,-4.0,1437
small,1536,1150,27.508604712734975,15.717941929220721,31.48883593681052,23.305421880012833,6.0,-12.639528354856822,-3.0,3568,1149,184.6563981042654,105.5094786729858,211.37440758293837,23.305421880012833,6.0,-12.639528354856822,-3.0,3568,904,0,0,0,23.305421880012833,6.0,-12.639528354856822,-3.0,3568
