Type,#Files,Total Filtered Files,%% Grew,%% Decreased,%% Zero,Grew Average,Grew Median,Decreased Average,Decreased Median,Zero Total,Total Large Files,%% Large Grew,%% Large Decreased,%% Large Zero,Large Grew Average,Large Grew Median,Large Decreased Average,Large Decreased Median,Large Zero Total,Total Small Files,%% Small Grew,%% Small Decreased,%% Small Zero,Small Grew Average,Small Grew Median,Small Decreased Average,Small Decreased Median,Small Zero Total
large,256,58,44.98245614035088,19.017543859649123,26.877192982456137,30.316692667706707,12.0,-25.948339483394832,-5.0,383,58,118.48428835489833,50.09242144177449,70.79482439926062,30.316692667706707,12.0,-25.948339483394832,-5.0,383,32,0,0,0,30.316692667706707,12.0,-25.948339483394832,-5.0,383
small,447,86,44.4870900209351,17.65526866713189,30.949057920446617,17.270588235294117,7.0,-11.262845849802371,-5.0,887,86,317.95511221945134,126.18453865336659,221.19700748129674,17.270588235294117,7.0,-11.262845849802371,-5.0,887,54,0,0,0,17.270588235294117,7.0,-11.262845849802371,-5.0,887
