Type,#Files,Total Filtered Files,%% Grew,%% Decreased,%% Zero,Grew Average,Grew Median,Decreased Average,Decreased Median,Zero Total,Total Large Files,%% Large Grew,%% Large Decreased,%% Large Zero,Large Grew Average,Large Grew Median,Large Decreased Average,Large Decreased Median,Large Zero Total,Total Small Files,%% Small Grew,%% Small Decreased,%% Small Zero,Small Grew Average,Small Grew Median,Small Decreased Average,Small Decreased Median,Small Zero Total
large,5601,3209,31.34478489631693,11.52893840916125,16.736304549675022,60.06566279930881,9.0,-34.46308724832215,-5.0,2163,3187,65.869918699187,24.227642276422763,35.170731707317074,60.06566279930881,9.0,-34.46308724832215,-5.0,2163,1006,0,0,0,60.06566279930881,9.0,-34.46308724832215,-5.0,2163
small,7720,4667,29.84106864274571,12.539001560062403,19.066887675507022,39.95507270053913,7.0,-27.560653188180403,-4.0,3911,4634,78.67609254498714,33.059125964010285,50.26992287917737,39.95507270053913,7.0,-27.560653188180403,-4.0,3911,1906,0,0,0,39.95507270053913,7.0,-27.560653188180403,-4.0,3911
