Type,#Files,Total Filtered Files,%% Grew,%% Decreased,%% Zero,Grew Average,Grew Median,Decreased Average,Decreased Median,Zero Total,Total Large Files,%% Large Grew,%% Large Decreased,%% Large Zero,Large Grew Average,Large Grew Median,Large Decreased Average,Large Decreased Median,Large Zero Total,Total Small Files,%% Small Grew,%% Small Decreased,%% Small Zero,Small Grew Average,Small Grew Median,Small Decreased Average,Small Decreased Median,Small Zero Total
large,26,24,39.869281045751634,20.915032679738562,13.071895424836603,48.22950819672131,13.0,-34.28125,-13.5,20,24,57.009345794392516,29.906542056074763,18.69158878504673,48.22950819672131,13.0,-34.28125,-13.5,20,5,0,0,0,48.22950819672131,13.0,-34.28125,-13.5,20
small,282,250,37.874435781698814,22.281493639720967,16.823963890028722,35.521126760563384,10.0,-37.2670349907919,-9.0,410,249,118.33333333333333,69.61538461538461,52.56410256410257,35.521126760563384,10.0,-37.2670349907919,-9.0,410,168,0,0,0,35.521126760563384,10.0,-37.2670349907919,-9.0,410
