Type,#Files,Total Filtered Files,%% Grew,%% Decreased,%% Zero,Grew Average,Grew Median,Decreased Average,Decreased Median,Zero Total,Total Large Files,%% Large Grew,%% Large Decreased,%% Large Zero,Large Grew Average,Large Grew Median,Large Decreased Average,Large Decreased Median,Large Zero Total,Total Small Files,%% Small Grew,%% Small Decreased,%% Small Zero,Small Grew Average,Small Grew Median,Small Decreased Average,Small Decreased Median,Small Zero Total
large,275,219,33.878887070376436,12.520458265139117,9.738134206219312,31.352657004830917,11.0,-25.019607843137255,-5.0,119,219,135.29411764705884,50.0,38.88888888888889,31.352657004830917,11.0,-25.019607843137255,-5.0,119,173,0,0,0,31.352657004830917,11.0,-25.019607843137255,-5.0,119
small,535,434,33.85328836424958,12.310286677908937,11.551433389544687,25.668742216687424,9.0,-20.76027397260274,-4.0,274,434,163.87755102040816,59.591836734693885,55.91836734693878,25.668742216687424,9.0,-20.76027397260274,-4.0,274,316,0,0,0,25.668742216687424,9.0,-20.76027397260274,-4.0,274
