Type,#Files,Total Filtered Files,%% Grew,%% Decreased,%% Zero,Grew Average,Grew Median,Decreased Average,Decreased Median,Zero Total,Total Large Files,%% Large Grew,%% Large Decreased,%% Large Zero,Large Grew Average,Large Grew Median,Large Decreased Average,Large Decreased Median,Large Zero Total,Total Small Files,%% Small Grew,%% Small Decreased,%% Small Zero,Small Grew Average,Small Grew Median,Small Decreased Average,Small Decreased Median,Small Zero Total
large,2379,428,43.10802532162549,16.27527057382071,19.685521748008984,21.576977735670297,8.0,-24.63237139272271,-5.0,964,427,198.21596244131456,74.83568075117371,90.51643192488264,21.576977735670297,8.0,-24.63237139272271,-5.0,964,312,0,0,0,21.576977735670297,8.0,-24.63237139272271,-5.0,964
small,2880,726,40.40970955521257,14.830924652729058,20.52757120808194,20.95277777777778,7.0,-21.991485335856197,-5.0,1463,725,215.40762902019446,79.05759162303664,109.42408376963351,20.95277777777778,7.0,-21.991485335856197,-5.0,1463,539,0,0,0,20.95277777777778,7.0,-21.991485335856197,-5.0,1463
