Type,#Files,Total Filtered Files,%% Grew,%% Decreased,%% Zero,Grew Average,Grew Median,Decreased Average,Decreased Median,Zero Total,Total Large Files,%% Large Grew,%% Large Decreased,%% Large Zero,Large Grew Average,Large Grew Median,Large Decreased Average,Large Decreased Median,Large Zero Total,Total Small Files,%% Small Grew,%% Small Decreased,%% Small Zero,Small Grew Average,Small Grew Median,Small Decreased Average,Small Decreased Median,Small Zero Total
large,190,145,49.79777553083923,16.78463094034378,18.35187057633974,21.676142131979695,7.0,-13.587349397590362,-4.0,363,144,90.36697247706422,30.458715596330276,33.30275229357798,21.676142131979695,7.0,-13.587349397590362,-4.0,363,77,0,0,0,21.676142131979695,7.0,-13.587349397590362,-4.0,363
small,294,225,47.417840375586856,17.652582159624412,18.841940532081377,21.36963696369637,7.0,-18.171985815602838,-4.0,602,224,187.03703703703704,69.62962962962963,74.32098765432099,21.36963696369637,7.0,-18.171985815602838,-4.0,602,151,0,0,0,21.36963696369637,7.0,-18.171985815602838,-4.0,602
