Type,#Files,Total Filtered Files,%% Grew,%% Decreased,%% Zero,Grew Average,Grew Median,Decreased Average,Decreased Median,Zero Total,Total Large Files,%% Large Grew,%% Large Decreased,%% Large Zero,Large Grew Average,Large Grew Median,Large Decreased Average,Large Decreased Median,Large Zero Total,Total Small Files,%% Small Grew,%% Small Decreased,%% Small Zero,Small Grew Average,Small Grew Median,Small Decreased Average,Small Decreased Median,Small Zero Total
large,158,107,41.509433962264154,9.19811320754717,11.084905660377359,35.625,9.0,-16.794871794871796,-3.0,47,107,139.68253968253967,30.952380952380953,37.301587301587304,35.625,9.0,-16.794871794871796,-3.0,47,30,0,0,0,35.625,9.0,-16.794871794871796,-3.0,47
small,233,160,38.109756097560975,8.536585365853659,11.128048780487806,37.392,10.0,-21.232142857142858,-3.0,73,160,142.85714285714286,32.0,41.714285714285715,37.392,10.0,-21.232142857142858,-3.0,73,66,0,0,0,37.392,10.0,-21.232142857142858,-3.0,73
