Type,#Files,Total Filtered Files,%% Grew,%% Decreased,%% Zero,Grew Average,Grew Median,Decreased Average,Decreased Median,Zero Total,Total Large Files,%% Large Grew,%% Large Decreased,%% Large Zero,Large Grew Average,Large Grew Median,Large Decreased Average,Large Decreased Median,Large Zero Total,Total Small Files,%% Small Grew,%% Small Decreased,%% Small Zero,Small Grew Average,Small Grew Median,Small Decreased Average,Small Decreased Median,Small Zero Total
large,341,157,52.6158940397351,18.47682119205298,14.7682119205298,31.322844556324732,10.0,-27.25627240143369,-5.0,446,155,133.0820770519263,46.733668341708544,37.3534338358459,31.322844556324732,10.0,-27.25627240143369,-5.0,446,134,0,0,0,31.322844556324732,10.0,-27.25627240143369,-5.0,446
small,378,210,51.30904951622083,17.75754126351736,14.428002276607854,38.973377703826955,11.0,-35.82692307692308,-5.0,507,207,152.02360876897134,52.61382799325464,42.748735244519395,38.973377703826955,11.0,-35.82692307692308,-5.0,507,176,0,0,0,38.973377703826955,11.0,-35.82692307692308,-5.0,507
