Type,#Files,Total Filtered Files,%% Grew,%% Decreased,%% Zero,Grew Average,Grew Median,Decreased Average,Decreased Median,Zero Total,Total Large Files,%% Large Grew,%% Large Decreased,%% Large Zero,Large Grew Average,Large Grew Median,Large Decreased Average,Large Decreased Median,Large Zero Total,Total Small Files,%% Small Grew,%% Small Decreased,%% Small Zero,Small Grew Average,Small Grew Median,Small Decreased Average,Small Decreased Median,Small Zero Total
large,187,19,55.26315789473685,18.947368421052634,8.421052631578947,41.161904761904765,21.0,-30.97222222222222,-14.5,16,19,59.65909090909091,20.454545454545457,9.090909090909092,41.161904761904765,21.0,-30.97222222222222,-14.5,16,8,0,0,0,41.161904761904765,21.0,-30.97222222222222,-14.5,16
small,243,57,45.717463848720804,20.689655172413794,19.799777530589544,14.087591240875913,6.0,-16.037634408602152,-6.0,178,0,0,0,0,0,0,0,0,0,0,0,0,0,0,0,0,0,0
