Type,#Files,Total Filtered Files,%% Grew,%% Decreased,%% Zero,Grew Average,Grew Median,Decreased Average,Decreased Median,Zero Total,Total Large Files,%% Large Grew,%% Large Decreased,%% Large Zero,Large Grew Average,Large Grew Median,Large Decreased Average,Large Decreased Median,Large Zero Total,Total Small Files,%% Small Grew,%% Small Decreased,%% Small Zero,Small Grew Average,Small Grew Median,Small Decreased Average,Small Decreased Median,Small Zero Total
large,942,733,23.269689737470166,8.233890214797137,12.052505966587113,46.32136752136752,17.0,-22.594202898550726,-4.0,303,724,62.03605514316013,21.951219512195124,32.13149522799576,46.32136752136752,17.0,-22.594202898550726,-4.0,303,402,0,0,0,46.32136752136752,17.0,-22.594202898550726,-4.0,303
small,1201,981,23.863636363636363,9.191919191919192,15.454545454545453,36.334391534391536,11.0,-23.593406593406595,-5.0,612,972,84.375,32.5,54.64285714285714,36.334391534391536,11.0,-23.593406593406595,-5.0,612,602,0,0,0,36.334391534391536,11.0,-23.593406593406595,-5.0,612
