Type,#Files,Total Filtered Files,%% Grew,%% Decreased,%% Zero,Grew Average,Grew Median,Decreased Average,Decreased Median,Zero Total,Total Large Files,%% Large Grew,%% Large Decreased,%% Large Zero,Large Grew Average,Large Grew Median,Large Decreased Average,Large Decreased Median,Large Zero Total,Total Small Files,%% Small Grew,%% Small Decreased,%% Small Zero,Small Grew Average,Small Grew Median,Small Decreased Average,Small Decreased Median,Small Zero Total
large,1905,349,29.116945107398568,10.739856801909307,15.095465393794749,29.235655737704917,10.0,-39.62222222222222,-7.5,253,2,209.4420600858369,77.25321888412017,108.58369098712446,29.235655737704917,10.0,-39.62222222222222,-7.5,253,347,0,0,0,29.235655737704917,10.0,-39.62222222222222,-7.5,253
small,2197,506,27.83260955388867,10.9751283063561,16.54165021713383,24.75177304964539,8.0,-25.18705035971223,-5.0,419,2,503.57142857142856,198.57142857142858,299.2857142857143,24.75177304964539,8.0,-25.18705035971223,-5.0,419,504,0,0,0,24.75177304964539,8.0,-25.18705035971223,-5.0,419
