Type,#Files,Total Filtered Files,%% Grew,%% Decreased,%% Zero,Grew Average,Grew Median,Decreased Average,Decreased Median,Zero Total,Total Large Files,%% Large Grew,%% Large Decreased,%% Large Zero,Large Grew Average,Large Grew Median,Large Decreased Average,Large Decreased Median,Large Zero Total,Total Small Files,%% Small Grew,%% Small Decreased,%% Small Zero,Small Grew Average,Small Grew Median,Small Decreased Average,Small Decreased Median,Small Zero Total
large,265,131,35.051546391752574,9.965635738831615,8.762886597938143,36.34803921568628,12.0,-44.36206896551724,-6.0,51,131,86.07594936708861,24.47257383966245,21.518987341772153,36.34803921568628,12.0,-44.36206896551724,-6.0,51,70,0,0,0,36.34803921568628,12.0,-44.36206896551724,-6.0,51
small,495,209,5.607476635514018,0.6230529595015576,3.115264797507788,49.166666666666664,17.5,-2.0,-2.0,10,209,8.411214953271028,0.9345794392523363,4.672897196261682,49.166666666666664,17.5,-2.0,-2.0,10,55,0,0,0,49.166666666666664,17.5,-2.0,-2.0,10
