Type,#Files,#Files Filtered by Language,Total Files,Only Added,Time Average,Time Median,Total Large Files,Only Added Large,Time Large Average,Time Large Median,Total Small Files,Only Added Small,Time Small Average,Time Small Median,Large p/ Small (Average),Large p/ Small (Median)
large,276,77,77,11,7594323.277142857,1989904.0,12,0,5034847.0,1295426.0,65,11,10115092.918714555,3118777.0,2.0090169410737913,2.407530032591595
small,308,115,114,10,6134079.293118097,1226428.0,13,0,3838736.0776818744,620362.0,101,10,7340510.497083603,1735617.0,1.9122206759044427,2.7977487338038114
