Type,#Files,#Files Filtered by Language,Total Files,Only Added,Time Average,Time Median,Total Large Files,Only Added Large,Time Large Average,Time Large Median,Total Small Files,Only Added Small,Time Small Average,Time Small Median,Large p/ Small (Average),Large p/ Small (Median)
large,218,196,171,20,2938991.9618930547,902481.0,4,0,546305.2234432234,113036.0,167,20,3421416.9837518465,1355050.0,6.262830441538747,11.987773806574896
small,733,331,298,109,2710148.61035818,798617.0,4,0,1060234.0071428572,472544.0,294,109,2830080.0976116303,805096.0,2.6692976065144287,1.7037482223877565
