Type,#Files,#Files Filtered by Language,Total Files,Only Added,Time Average,Time Median,Total Large Files,Only Added Large,Time Large Average,Time Large Median,Total Small Files,Only Added Small,Time Small Average,Time Small Median,Large p/ Small (Average),Large p/ Small (Median)
large,345,91,86,25,1291051.5341772153,74436.0,1,0,68056.69662921349,0.0,85,25,1646759.183006536,253302.0,24.19687208708365,0.0
small,564,195,184,36,1365331.7505703422,74983.0,1,0,757130.75,328527.5,183,36,1369054.480489671,74928.0,1.8082140772774993,0.22807223139615404
