Type,#Files,#Files Filtered by Language,Total Files,Only Added,Time Average,Time Median,Total Large Files,Only Added Large,Time Large Average,Time Large Median,Total Small Files,Only Added Small,Time Small Average,Time Small Median,Large p/ Small (Average),Large p/ Small (Median)
large,106,42,38,3,4620114.366197183,1283910.5,3,0,1323732.4113475177,413667.0,35,3,6250955.96491228,2710939.0,4.72222022466686,6.553433075396394
small,837,517,452,287,3456414.924897959,859508.0,5,2,1623475.3636363635,416720.0,447,285,3657307.757246377,879541.5,2.2527645563123952,2.1106294394317526
