Type,#Files,#Files Filtered by Language,Total Files,Only Added,Time Average,Time Median,Total Large Files,Only Added Large,Time Large Average,Time Large Median,Total Small Files,Only Added Small,Time Small Average,Time Small Median,Large p/ Small (Average),Large p/ Small (Median)
large,147,131,94,19,7303003.349081364,84544.0,1,0,2547875.5454545454,1121557.0,93,19,7444372.013513514,83406.0,2.9217957787594466,0.07436626047539269
small,317,336,239,58,12996789.232169954,86167.0,4,2,1853523.5454545454,1121557.0,235,56,13185949.606481481,84544.0,7.113990884452374,0.07538092134416709
