Type,#Files,#Files Filtered by Language,Total Files,Only Added,Time Average,Time Median,Total Large Files,Only Added Large,Time Large Average,Time Large Median,Total Small Files,Only Added Small,Time Small Average,Time Small Median,Large p/ Small (Average),Large p/ Small (Median)
large,526,436,304,43,8651620.930872483,162449.0,1,0,1884227.0833333333,0.5,303,43,8819176.762035763,170163.0,4.680527543651483,340326.0
small,599,241,218,44,7778336.325413223,314752.5,1,0,2892105.1304347827,1.0,217,44,7837083.485624673,320094.0,2.7098197099240613,320094.0
