Type,#Files,#Files Filtered by Language,Total Files,Only Added,Time Average,Time Median,Total Large Files,Only Added Large,Time Large Average,Time Large Median,Total Small Files,Only Added Small,Time Small Average,Time Small Median,Large p/ Small (Average),Large p/ Small (Median)
large,194,117,113,27,10723147.930753564,3108387.0,2,0,4116248.066666667,249806.0,111,27,11914295.742788462,4561755.0,2.8944552295743065,18.26119068397076
small,276,138,134,29,8962853.963665087,1989496.0,1,0,6575869.615384615,539756.0,133,29,9012903.63548387,2021059.5,1.37060254576789,3.744394689452271
