Type,#Files,#Files Filtered by Language,Total Files,Only Added,Time Average,Time Median,Total Large Files,Only Added Large,Time Large Average,Time Large Median,Total Small Files,Only Added Small,Time Small Average,Time Small Median,Large p/ Small (Average),Large p/ Small (Median)
large,5145,2502,2333,953,5420739.308576684,792632.0,30,10,637981.747008973,173891.0,2303,943,7544527.171001661,1741064.0,11.825616024866537,10.01238707006113
small,7338,3400,3212,1198,5928990.275819032,1221887.0,26,10,1072810.4377533295,367260.0,3186,1188,6515549.415582599,1493825.0,6.073346405192894,4.0674862495234985
