Type,#Files,#Files Filtered by Language,Total Files,Only Added,Time Average,Time Median,Total Large Files,Only Added Large,Time Large Average,Time Large Median,Total Small Files,Only Added Small,Time Small Average,Time Small Median,Large p/ Small (Average),Large p/ Small (Median)
large,127,70,63,18,8125558.097178684,1035654.0,4,0,1953583.1022727273,480875.5,59,18,15721835.013986014,3383404.0,8.047691954181936,7.035925099116091
small,534,383,298,69,10146096.848031497,1028421.5,2,0,4314459.107142857,1198329.5,296,69,10415101.554365734,1022649.0,2.413999367179742,0.8533954976490189
