Type,#Files,#Files Filtered by Language,Total Files,Only Added,Time Average,Time Median,Total Large Files,Only Added Large,Time Large Average,Time Large Median,Total Small Files,Only Added Small,Time Small Average,Time Small Median,Large p/ Small (Average),Large p/ Small (Median)
large,852,774,588,288,8496015.114035089,3029.0,11,1,4440471.184210527,522486.0,577,287,8820458.628421053,1403.0,1.9863789815335209,0.0026852394131134613
small,1368,1219,1022,443,8170494.385579937,1300283.0,7,3,9873704.857142856,5453016.0,1015,440,8153719.889201548,1292987.0,0.825801460259668,0.2371141034612772
