Type,#Files,#Files Filtered by Language,Total Files,Only Added,Time Average,Time Median,Total Large Files,Only Added Large,Time Large Average,Time Large Median,Total Small Files,Only Added Small,Time Small Average,Time Small Median,Large p/ Small (Average),Large p/ Small (Median)
large,172,168,165,67,26550580.647887323,7932557.0,1,0,1084284.5762711863,260285.0,164,67,39230002.320675105,14430444.0,36.18054077241013,55.44093589718962
small,72,69,67,7,9100075.302658487,1415820.0,1,0,10662131.666666666,6835621.0,66,7,9060778.28721174,1415820.0,0.849809266146911,0.20712382971495932
