Type,#Files,#Files Filtered by Language,Total Files,Only Added,Time Average,Time Median,Total Large Files,Only Added Large,Time Large Average,Time Large Median,Total Small Files,Only Added Small,Time Small Average,Time Small Median,Large p/ Small (Average),Large p/ Small (Median)
large,171,98,98,58,9185805.925531914,2459937.0,1,0,2566685.0303030303,379925.5,97,58,12766641.819672132,3135754.0,4.973980706220453,8.253602350987233
small,188,129,129,43,7997451.954330709,1734992.0,1,0,4925266.354838709,1815104.0,128,43,8155130.354304636,1734992.0,1.6557744834028771,0.9558636860477416
