Type,#Files,#Files Filtered by Language,Total Files,Only Added,Time Average,Time Median,Total Large Files,Only Added Large,Time Large Average,Time Large Median,Total Small Files,Only Added Small,Time Small Average,Time Small Median,Large p/ Small (Average),Large p/ Small (Median)
large,194,153,132,61,36438541.50761421,44230551.0,1,0,31810385.0,42345463.0,131,61,36559066.416666664,44230551.0,1.1492808533020478,1.0445168824816013
small,1021,1038,805,273,20196891.2319933,310880.5,1,0,39762981.25,46377189.5,804,273,20131122.862184875,289964.0,0.5062780060583328,0.006252297802565203
