Type,#Files,#Files Filtered by Language,Total Files,Only Added,Time Average,Time Median,Total Large Files,Only Added Large,Time Large Average,Time Large Median,Total Small Files,Only Added Small,Time Small Average,Time Small Median,Large p/ Small (Average),Large p/ Small (Median)
large,209,195,158,35,4231294.644444444,150062.0,6,0,1050198.2402597403,74561.5,152,35,5886324.530405405,298920.0,5.604965143485262,4.009039517713565
small,456,404,342,51,3596848.948173913,184172.0,8,0,1418884.1263157895,64940.0,334,51,3836509.16988417,213325.5,2.703891810986621,3.2849630428087466
