Type,#Files,#Files Filtered by Language,Total Files,Only Added,Time Average,Time Median,Total Large Files,Only Added Large,Time Large Average,Time Large Median,Total Small Files,Only Added Small,Time Small Average,Time Small Median,Large p/ Small (Average),Large p/ Small (Median)
large,178,177,174,82,28042089.851612903,12425497.5,4,1,9333775.652173912,2606963.0,170,81,33398412.17427386,18921283.0,3.578231727317669,7.257979112093267
small,556,544,513,161,10325887.4418239,1318191.0,5,0,3617228.970588235,352654.5,508,161,11018281.507805724,1530575.5,3.046055861377757,4.340155874942756
