Type,Added Average,Added Median,Added Max,Deleted Average,Deleted Median,Deleted Min,Zero Count
large,16.497827975673328,6.0,744,-13.236329352608422,-4.0,-874,2752
small,15.988147556265814,5.0,2067,-12.96030303030303,-3.0,-874,6322
