Type,Added Average,Added Median,Added Max,Deleted Average,Deleted Median,Deleted Min,Zero Count
large,30.505591039695467,5.0,210080,-30.62923655464693,-4.0,-17855,179542
small,25.545809082523775,4.0,210080,-25.790906486758793,-4.0,-39872,200700
