Type,Added Average,Added Median,Added Max,Deleted Average,Deleted Median,Deleted Min,Zero Count
large,13.179826635145783,3.0,1507,-10.652340425531914,-3.0,-1162,3854
small,11.261750881316098,4.0,1507,-11.989200367647058,-3.0,-1162,7942
