Type,Added Average,Added Median,Added Max,Deleted Average,Deleted Median,Deleted Min,Zero Count
large,17.785795454545454,2.0,3321,-27.685393258426966,-3.0,-1297,344
small,16.348740658732357,4.0,3321,-16.484698914116485,-3.0,-1297,1335
