Type,Added Average,Added Median,Added Max,Deleted Average,Deleted Median,Deleted Min,Zero Count
large,28.09049756323079,5.0,29720,-18.402203955633727,-3.0,-9206,54361
small,22.694257212186574,5.0,21981,-16.859204003367317,-3.0,-7580,68808
