Type,Added Average,Added Median,Added Max,Deleted Average,Deleted Median,Deleted Min,Zero Count
large,45.25764192139738,13.0,1316,-19.239436619718308,-4.0,-363,242
small,18.77190332326284,5.0,1316,-16.92,-3.0,-1323,3139
