Type,Added Average,Added Median,Added Max,Deleted Average,Deleted Median,Deleted Min,Zero Count
large,15.346153846153847,7.0,115,-286.1666666666667,-4.5,-1667,11
small,14.575070821529746,4.0,341,-35.943661971830984,-4.0,-1667,179
