Type,Added Average,Added Median,Added Max,Deleted Average,Deleted Median,Deleted Min,Zero Count
large,48.17886178861789,6.0,4488,-31.870967741935484,-3.0,-753,28
small,11.106280193236715,3.0,364,-10.831168831168831,-4.0,-212,272
