Type,Added Average,Added Median,Added Max,Deleted Average,Deleted Median,Deleted Min,Zero Count
large,41.47612732095491,7.0,1165,-26.725925925925925,-6.0,-757,479
small,23.45777777777778,5.0,1165,-18.230576441102755,-4.0,-757,1099
