Type,Added Average,Added Median,Added Max,Deleted Average,Deleted Median,Deleted Min,Zero Count
large,8.153928955866522,2.0,236,-11.37948717948718,-4.0,-175,270
small,7.666841004184101,2.0,236,-8.885780885780886,-3.0,-321,986
