Type,Added Average,Added Median,Added Max,Deleted Average,Deleted Median,Deleted Min,Zero Count
large,63.21186440677966,5.0,1305,-8.535714285714286,-2.0,-61,93
small,14.560363479013414,4.0,1305,-13.45866935483871,-3.0,-513,1373
