Type,Added Average,Added Median,Added Max,Deleted Average,Deleted Median,Deleted Min,Zero Count
large,13.736947791164658,5.0,1285,-13.447852760736197,-4.0,-198,165
small,11.252212389380531,5.0,156,-12.028571428571428,-3.0,-198,97
