language,total,large files,small p/ language,small proportion,small files,files available,files missing
Objective-C,1002.0,49.0,6110.0,0.04890219560878244,299,953.0,0.0
Python,181.0,4.0,8935.0,0.022099447513812154,198,177.0,21.0
Swift,243.0,12.0,7649.0,0.04938271604938271,378,231.0,147.0
