Large Top 50% Mean,Small Top 50% Mean
5.926147382093857,1.8238151365565802
