Large Top 10% Mean,Small Top 10% Mean,Large Top 10% Median,Small Top 10% Median
14.321862009013854,2.794401709430842,10.0,2.0
