Large Top 10% Mean,Small Top 10% Mean
14.321862009013854,2.7788304303763556
