Large Top 25% Mean,Small Top 25% Mean
8.71656037923256,2.197826527021977
