language,total,large files,small p/ language,small proportion,small files,files available
Java,554.0,22.0,9686.0,0.039711191335740074,385,532.0
Scala,2645.0,18.0,8926.0,0.006805293005671078,61,2627.0
