language,total,large files,small p/ language,small proportion,small files,files available
Java,1182.0,8.0,9686.0,0.00676818950930626,66,1174.0
JavaScript,38.0,2.0,9976.0,0.05263157894736842,526,36.0
Python,1198.0,16.0,8935.0,0.01335559265442404,120,1182.0
Scala,5132.0,172.0,8926.0,0.03351519875292284,300,4960.0
