language,total,large files p/ project,large files total,small files total,small proportion,small files p/ project,files available,files missing
Java,1523.0,4.0,1117.0,9686.0,0.0035810205908683975,35,1519.0,0.0
Rust,338.0,2.0,484.0,8690.0,0.004132231404958678,36,336.0,0.0
Scala,1257.0,19.0,568.0,8926.0,0.03345070422535211,299,1238.0,0.0
TypeScript,857.0,8.0,920.0,9508.0,0.008695652173913044,83,849.0,0.0
