language,total,large files,small p/ language,small proportion,small files,files available
Java,1523.0,4.0,9686.0,0.0026263952724885093,26,1519.0
Rust,338.0,2.0,8690.0,0.005917159763313609,52,336.0
Scala,1257.0,19.0,8926.0,0.015115354017501989,135,1238.0
TypeScript,857.0,8.0,9508.0,0.009334889148191364,89,849.0
