language,total,large files,small p/ language,small proportion,small files,files available
JavaScript,134.0,2.0,9976.0,0.014925373134328358,149,132.0
Scala,1490.0,6.0,8926.0,0.004026845637583893,36,1484.0
TypeScript,591.0,2.0,9508.0,0.00338409475465313,33,589.0
