Type,#Files,Total Filtered Files,%% Grew,%% Decreased,%% Zero,Grew Average,Grew Median,Decreased Average,Decreased Median,Zero Total,Total Large Files,%% Large Grew,%% Large Decreased,%% Large Zero,Large Grew Average,Large Grew Median,Large Decreased Average,Large Decreased Median,Large Zero Total,Total Small Files,%% Small Grew,%% Small Decreased,%% Small Zero,Small Grew Average,Small Grew Median,Small Decreased Average,Small Decreased Median,Small Zero Total
large,218,171,28.753623188405797,13.971014492753623,30.782608695652176,13.379032258064516,6.0,-13.67219917012448,-6.0,531,171,111.7117117117117,54.27927927927928,119.59459459459461,13.379032258064516,6.0,-13.67219917012448,-6.0,531,145,0,0,0,13.379032258064516,6.0,-13.67219917012448,-6.0,531
small,733,298,26.27416520210896,13.708260105448156,31.854130052724077,11.5,5.0,-11.070512820512821,-4.0,725,298,136.5296803652968,71.23287671232876,165.52511415525115,11.5,5.0,-11.070512820512821,-4.0,725,177,0,0,0,11.5,5.0,-11.070512820512821,-4.0,725
