Type,#Files,Total Filtered Files,%% Grew,%% Decreased,%% Zero,Grew Average,Grew Median,Decreased Average,Decreased Median,Zero Total,Total Large Files,%% Large Grew,%% Large Decreased,%% Large Zero,Large Grew Average,Large Grew Median,Large Decreased Average,Large Decreased Median,Large Zero Total,Total Small Files,%% Small Grew,%% Small Decreased,%% Small Zero,Small Grew Average,Small Grew Median,Small Decreased Average,Small Decreased Median,Small Zero Total
large,345,86,17.96116504854369,9.223300970873787,25.24271844660194,25.445945945945947,6.0,-47.526315789473685,-4.5,104,1,246.66666666666669,126.66666666666666,346.6666666666667,25.445945945945947,6.0,-47.526315789473685,-4.5,104,85,0,0,0,25.445945945945947,6.0,-47.526315789473685,-4.5,104
small,564,184,23.4984984984985,12.462462462462462,29.954954954954953,15.031948881789138,5.0,-23.662650602409638,-5.0,399,1,3477.777777777778,1844.4444444444443,4433.333333333334,15.031948881789138,5.0,-23.662650602409638,-5.0,399,183,0,0,0,15.031948881789138,5.0,-23.662650602409638,-5.0,399
