Type,#Files,Total Filtered Files,%% Grew,%% Decreased,%% Zero,Grew Average,Grew Median,Decreased Average,Decreased Median,Zero Total,Total Large Files,%% Large Grew,%% Large Decreased,%% Large Zero,Large Grew Average,Large Grew Median,Large Decreased Average,Large Decreased Median,Large Zero Total,Total Small Files,%% Small Grew,%% Small Decreased,%% Small Zero,Small Grew Average,Small Grew Median,Small Decreased Average,Small Decreased Median,Small Zero Total
large,106,38,51.633986928104584,13.507625272331156,13.725490196078432,21.09282700421941,9.0,-22.774193548387096,-5.5,63,3,164.58333333333331,43.05555555555556,43.75,21.09282700421941,9.0,-22.774193548387096,-5.5,63,35,0,0,0,21.09282700421941,9.0,-22.774193548387096,-5.5,63
small,837,452,33.14102564102564,11.346153846153847,14.294871794871794,16.11411992263056,7.0,-16.34463276836158,-4.0,223,452,89.44636678200692,30.622837370242213,38.581314878892734,16.11411992263056,7.0,-16.34463276836158,-4.0,223,106,0,0,0,16.11411992263056,7.0,-16.34463276836158,-4.0,223
