Type,#Files,Total Filtered Files,%% Grew,%% Decreased,%% Zero,Grew Average,Grew Median,Decreased Average,Decreased Median,Zero Total,Total Large Files,%% Large Grew,%% Large Decreased,%% Large Zero,Large Grew Average,Large Grew Median,Large Decreased Average,Large Decreased Median,Large Zero Total,Total Small Files,%% Small Grew,%% Small Decreased,%% Small Zero,Small Grew Average,Small Grew Median,Small Decreased Average,Small Decreased Median,Small Zero Total
large,147,94,18.072289156626507,8.734939759036145,13.253012048192772,24.8,9.0,-18.448275862068964,-8.0,44,1,500.0,241.66666666666666,366.66666666666663,24.8,9.0,-18.448275862068964,-8.0,44,93,0,0,0,24.8,9.0,-18.448275862068964,-8.0,44
small,317,239,16.815476190476193,6.547619047619048,10.119047619047619,17.442477876106196,6.0,-15.727272727272727,-8.0,68,239,44.48818897637795,17.322834645669293,26.77165354330709,17.442477876106196,6.0,-15.727272727272727,-8.0,68,121,0,0,0,17.442477876106196,6.0,-15.727272727272727,-8.0,68
