Type,#Files,Total Filtered Files,%% Grew,%% Decreased,%% Zero,Grew Average,Grew Median,Decreased Average,Decreased Median,Zero Total,Total Large Files,%% Large Grew,%% Large Decreased,%% Large Zero,Large Grew Average,Large Grew Median,Large Decreased Average,Large Decreased Median,Large Zero Total,Total Small Files,%% Small Grew,%% Small Decreased,%% Small Zero,Small Grew Average,Small Grew Median,Small Decreased Average,Small Decreased Median,Small Zero Total
large,526,304,37.8992628992629,11.302211302211303,16.33906633906634,18.6807131280389,7.0,-21.097826086956523,-7.0,266,1,1667.5675675675677,497.2972972972973,718.918918918919,18.6807131280389,7.0,-21.097826086956523,-7.0,266,303,0,0,0,18.6807131280389,7.0,-21.097826086956523,-7.0,266
small,599,218,39.69538315088053,13.85054735840076,22.13231794383627,17.45803357314149,6.5,-19.285223367697593,-6.0,465,1,3475.0,1212.5,1937.5,17.45803357314149,6.5,-19.285223367697593,-6.0,465,217,0,0,0,17.45803357314149,6.5,-19.285223367697593,-6.0,465
