Type,#Files,Total Filtered Files,%% Grew,%% Decreased,%% Zero,Grew Average,Grew Median,Decreased Average,Decreased Median,Zero Total,Total Large Files,%% Large Grew,%% Large Decreased,%% Large Zero,Large Grew Average,Large Grew Median,Large Decreased Average,Large Decreased Median,Large Zero Total,Total Small Files,%% Small Grew,%% Small Decreased,%% Small Zero,Small Grew Average,Small Grew Median,Small Decreased Average,Small Decreased Median,Small Zero Total
large,194,113,37.142857142857146,8.067226890756302,11.092436974789916,31.936651583710407,15.0,-15.645833333333334,-3.0,66,2,287.012987012987,62.33766233766234,85.71428571428571,31.936651583710407,15.0,-15.645833333333334,-3.0,66,111,0,0,0,31.936651583710407,15.0,-15.645833333333334,-3.0,66
small,276,134,36.94181326116374,6.359945872801083,13.667117726657645,21.600732600732602,11.0,-14.212765957446809,-4.0,101,1,1950.0,335.7142857142857,721.4285714285714,21.600732600732602,11.0,-14.212765957446809,-4.0,101,133,0,0,0,21.600732600732602,11.0,-14.212765957446809,-4.0,101
