Type,#Files,Total Filtered Files,%% Grew,%% Decreased,%% Zero,Grew Average,Grew Median,Decreased Average,Decreased Median,Zero Total,Total Large Files,%% Large Grew,%% Large Decreased,%% Large Zero,Large Grew Average,Large Grew Median,Large Decreased Average,Large Decreased Median,Large Zero Total,Total Small Files,%% Small Grew,%% Small Decreased,%% Small Zero,Small Grew Average,Small Grew Median,Small Decreased Average,Small Decreased Median,Small Zero Total
large,5145,2333,33.28144036821443,13.002572086097198,22.647894950588874,13.901565995525727,5.0,-15.22852680895367,-4.0,3346,2332,77.14151239410103,30.138060872293693,52.49450894257923,13.901565995525727,5.0,-15.22852680895367,-4.0,3346,1224,0,0,0,13.901565995525727,5.0,-15.22852680895367,-4.0,3346
small,7338,3212,29.680833828373927,11.486741912836852,23.049090025382082,12.650109170305678,5.0,-12.606488011283497,-4.0,4268,3210,110.65029192671633,42.82262935373465,85.927118985303,12.650109170305678,5.0,-12.606488011283497,-4.0,4268,1847,0,0,0,12.650109170305678,5.0,-12.606488011283497,-4.0,4268
