Type,#Files,Total Filtered Files,%% Grew,%% Decreased,%% Zero,Grew Average,Grew Median,Decreased Average,Decreased Median,Zero Total,Total Large Files,%% Large Grew,%% Large Decreased,%% Large Zero,Large Grew Average,Large Grew Median,Large Decreased Average,Large Decreased Median,Large Zero Total,Total Small Files,%% Small Grew,%% Small Decreased,%% Small Zero,Small Grew Average,Small Grew Median,Small Decreased Average,Small Decreased Median,Small Zero Total
large,852,588,5.173807599029911,1.5359741309620047,14.793856103476152,80.984375,25.0,-67.63157894736842,-9.0,183,588,7.720144752714113,2.2919179734620023,22.074788902291917,80.984375,25.0,-67.63157894736842,-9.0,183,116,0,0,0,80.984375,25.0,-67.63157894736842,-9.0,183
small,1368,1022,10.014684287812042,6.020558002936858,26.431718061674008,21.721407624633432,5.0,-14.785365853658536,-2.0,900,1022,27.927927927927925,16.78951678951679,73.71007371007371,21.721407624633432,5.0,-14.785365853658536,-2.0,900,463,0,0,0,21.721407624633432,5.0,-14.785365853658536,-2.0,900
