Type,#Files,Total Filtered Files,%% Grew,%% Decreased,%% Zero,Grew Average,Grew Median,Decreased Average,Decreased Median,Zero Total,Total Large Files,%% Large Grew,%% Large Decreased,%% Large Zero,Large Grew Average,Large Grew Median,Large Decreased Average,Large Decreased Median,Large Zero Total,Total Small Files,%% Small Grew,%% Small Decreased,%% Small Zero,Small Grew Average,Small Grew Median,Small Decreased Average,Small Decreased Median,Small Zero Total
large,194,132,5.818181818181818,1.8181818181818181,0.7272727272727273,42.8125,27.5,-18.8,-7.0,2,1,266.66666666666663,83.33333333333334,33.33333333333333,42.8125,27.5,-18.8,-7.0,2,131,0,0,0,42.8125,27.5,-18.8,-7.0,2
small,1021,805,10.017678255745432,6.482027106658809,5.1266941661756045,19.17058823529412,7.0,-10.527272727272727,-2.0,87,1,3400.0,2200.0,1739.9999999999998,19.17058823529412,7.0,-10.527272727272727,-2.0,87,804,0,0,0,19.17058823529412,7.0,-10.527272727272727,-2.0,87
