Type,#Files,Total Filtered Files,%% Grew,%% Decreased,%% Zero,Grew Average,Grew Median,Decreased Average,Decreased Median,Zero Total,Total Large Files,%% Large Grew,%% Large Decreased,%% Large Zero,Large Grew Average,Large Grew Median,Large Decreased Average,Large Decreased Median,Large Zero Total,Total Small Files,%% Small Grew,%% Small Decreased,%% Small Zero,Small Grew Average,Small Grew Median,Small Decreased Average,Small Decreased Median,Small Zero Total
large,209,158,37.42203742203743,16.320166320166322,11.33056133056133,60.525,9.5,-37.17197452229299,-8.0,109,6,114.64968152866241,50.0,34.71337579617834,60.525,9.5,-37.17197452229299,-8.0,109,152,0,0,0,60.525,9.5,-37.17197452229299,-8.0,109
small,456,342,38.544839255499156,17.292724196277494,15.905245346869712,19.223880597014926,7.0,-25.7573385518591,-6.0,470,8,388.73720136518773,174.40273037542661,160.4095563139932,19.223880597014926,7.0,-25.7573385518591,-6.0,470,334,0,0,0,19.223880597014926,7.0,-25.7573385518591,-6.0,470
