language,total,large files p/ project,large files total,small files total,small proportion,small files p/ project,files available,files missing
C,24.0,1.0,901.0,9524.0,0.0011098779134295228,11,23.0,0.0
C#,8.0,4.0,923.0,9527.0,0.004333694474539545,42,4.0,38.0
C++,127.0,1.0,421.0,8461.0,0.0023752969121140144,21,126.0,0.0
Python,2.0,1.0,574.0,8935.0,0.0017421602787456446,16,1.0,15.0
