language,total,large files p/ project,large files total,small files total,small proportion,small files p/ project,files available,files missing
C,130.0,2.0,587.0,8977.0,0.0034071550255536627,31,128.0,0.0
C++,292.0,5.0,421.0,8461.0,0.011876484560570071,101,287.0,0.0
JavaScript,112.0,13.0,1671.0,9976.0,0.007779772591262717,78,99.0,0.0
Lua,1291.0,15.0,104.0,5211.0,0.14423076923076922,752,1276.0,0.0
