language,total,large files p/ project,large files total,small files total,small proportion,small files p/ project,files available,files missing
C,476.0,4.0,587.0,8977.0,0.0068143100511073255,62,472.0,0.0
C++,75.0,2.0,421.0,8461.0,0.004750593824228029,41,73.0,0.0
Lua,1736.0,9.0,104.0,5211.0,0.08653846153846154,451,1727.0,0.0
Python,23.0,1.0,570.0,8935.0,0.0017543859649122807,16,22.0,0.0
