language,total,large files p/ project,large files total,small files total,small proportion,small files p/ project,files available,files missing
C,476.0,4.0,901.0,9524.0,0.004439511653718091,43,472.0,0.0
C++,75.0,2.0,421.0,8461.0,0.004750593824228029,41,73.0,0.0
Lua,1736.0,9.0,104.0,5264.0,0.08653846153846154,456,1727.0,0.0
Python,23.0,1.0,574.0,8935.0,0.0017421602787456446,16,22.0,0.0
