language,total,large files,small p/ language,small proportion,small files,files available
Java,5113.0,118.0,9686.0,0.02307842753764913,224,4995.0
Scala,491.0,37.0,8926.0,0.07535641547861507,673,454.0
