language,total,large files,small p/ language,small proportion,small files,files available,files missing
C,100.0,2.0,8977.0,0.02,180,98.0,82.0
C++,139.0,4.0,8461.0,0.02877697841726619,244,135.0,109.0
Java,16642.0,154.0,9686.0,0.009253695469294556,90,16488.0,0.0
Python,117.0,2.0,8935.0,0.017094017094017096,153,115.0,38.0
