language,total,large files,small p/ language,small proportion,small files,files available
C,2.0,1.0,8977.0,0.5,4489,1.0
C++,125.0,1.0,8461.0,0.008,68,124.0
Java,1252.0,1.0,9686.0,0.0007987220447284345,8,1251.0
JavaScript,1234.0,27.0,9976.0,0.02188006482982172,219,1207.0
Ruby,320.0,1.0,9419.0,0.003125,30,319.0
Rust,33.0,1.0,8690.0,0.030303030303030304,264,32.0
