Type,#Files,#Files Filtered by Language,Total Files,Only Added,Time Average,Time Median,Total Large Files,Only Added Large,Time Large Average,Time Large Median,Total Small Files,Only Added Small,Time Small Average,Time Small Median,Large p/ Small (Average),Large p/ Small (Median)
large,72282,53568,50633,18367,9033582.068842394,1211279.0,1066,85,1818198.429955921,307673.0,49567,18282,11511931.08219611,2494812.0,6.331504247572801,8.108647817650558
small,104392,80002,75892,24212,12461869.230108736,3040264.0,876,83,4680723.088124613,1004150.0,75016,24129,13034882.973908255,3426163.0,2.7848011361703593,3.4120031867748843
