Type,#Files,#Files Filtered by Language,Total Files,Only Added,Time Average,Time Median,Total Large Files,Only Added Large,Time Large Average,Time Large Median,Total Small Files,Only Added Small,Time Small Average,Time Small Median,Large p/ Small (Average),Large p/ Small (Median)
large,85611,77344,43857,8590,3709890.838296721,7476.0,720,95,795120.9069816904,84133.5,43137,8495,4275617.724178654,58.0,5.377317696762701,0.0006893805677880987
small,122989,113190,73058,15428,4753983.104724099,98937.0,618,107,1390974.6113809308,182339.0,72440,15321,4966208.858752772,94486.0,3.570308773517026,0.5181886486160393
