Type,#Files,#Files Filtered by Language,Total Files,Only Added,Time Average,Time Median,Total Large Files,Only Added Large,Time Large Average,Time Large Median,Total Small Files,Only Added Small,Time Small Average,Time Small Median,Large p/ Small (Average),Large p/ Small (Median)
large,39633,20922,14134,4552,7002302.584396133,87162.0,248,50,792934.8702648252,57196.0,13886,4502,9481646.096226515,147993.0,11.957660650060484,2.587471151828799
small,77231,37197,24352,6894,7003104.133799464,72483.0,267,66,2777227.199642698,314644.5,24085,6828,7161525.874370029,64785.0,2.578660426230663,0.20589903843861881
