Type,#Files,#Files Filtered by Language,Total Files,Only Added,Time Average,Time Median,Total Large Files,Only Added Large,Time Large Average,Time Large Median,Total Small Files,Only Added Small,Time Small Average,Time Small Median,Large p/ Small (Average),Large p/ Small (Median)
large,51303,26981,23732,10455,4594603.379347532,360279.5,70,7,421539.6628131021,68319.0,23662,10448,4987794.356709473,450612.0,11.832325156365913,6.595705440653405
small,92364,61681,53193,19797,5997877.392972529,505094.0,89,18,416508.4695687843,66960.0,53104,19779,6257809.142120985,552491.0,15.024446318221962,8.251060334528077
