Type,#Files,#Files Filtered by Language,Total Files,Only Added,Time Average,Time Median,Total Large Files,Only Added Large,Time Large Average,Time Large Median,Total Small Files,Only Added Small,Time Small Average,Time Small Median,Large p/ Small (Average),Large p/ Small (Median)
large,36994,27037,24607,11706,6129891.104610927,575499.0,639,119,1383308.2083732323,165169.0,23968,11587,8013199.446976391,1037634.0,5.7927795110822755,6.282256355611525
small,89526,71015,59231,26048,6341995.129350659,358512.5,734,259,1580354.8728956229,20474.5,58497,25789,6797866.450421835,447466.5,4.301480994560651,21.85481940950939
