Type,#Files,#Files Filtered by Language,Total Files,Only Added,Time Average,Time Median,Total Large Files,Only Added Large,Time Large Average,Time Large Median,Total Small Files,Only Added Small,Time Small Average,Time Small Median,Large p/ Small (Average),Large p/ Small (Median)
large,77891,60162,52103,24538,7276874.137671269,347464.0,870,110,904512.8898542041,1828.5,51233,24428,10138910.68793477,1738599.0,11.209249532717031,950.8334700574242
small,95033,72146,62564,28681,9368961.869818652,1287012.0,703,109,2930706.6760473805,547812.0,61861,28572,9946296.80058028,1520596.0,3.3938220026832457,2.775762487860799
