Type,#Files,#Files Filtered by Language,Total Files,Only Added,Time Average,Time Median,Total Large Files,Only Added Large,Time Large Average,Time Large Median,Total Small Files,Only Added Small,Time Small Average,Time Small Median,Large p/ Small (Average),Large p/ Small (Median)
large,94966,74978,69796,27011,13617374.877350379,2540618.0,856,125,2705011.0232746406,524705.0,68940,26886,15350546.85378801,3604491.0,5.67485556314107,6.869557179748621
small,116595,92854,88325,30670,14344822.522326477,3198011.0,734,114,4625141.0518290885,1036655.0,87591,30556,14888920.692074079,3510749.0,3.2191279196092863,3.3866127110755264
