Type,#Files,#Files Filtered by Language,Total Files,Only Added,Time Average,Time Median,Total Large Files,Only Added Large,Time Large Average,Time Large Median,Total Small Files,Only Added Small,Time Small Average,Time Small Median,Large p/ Small (Average),Large p/ Small (Median)
large,94044,61133,59165,26079,15483127.117073229,1806347.0,934,97,1170586.8809184555,91033.0,58231,25982,20278879.978163205,3893505.5,17.323686356583945,42.77026462931025
small,97728,64320,62448,28021,14757999.2972235,2500716.0,477,71,1979251.277391238,355081.0,61971,27950,15826032.075354502,3026640.0,7.9959691102051895,8.5238016114633
