Type,#Files,#Files Filtered by Language,Total Files,Only Added,Time Average,Time Median,Total Large Files,Only Added Large,Time Large Average,Time Large Median,Total Small Files,Only Added Small,Time Small Average,Time Small Median,Large p/ Small (Average),Large p/ Small (Median)
large,13056,15239,9767,3024,5323338.291497388,0.0,158,29,1025368.9728472141,1.0,9609,2995,7657212.886650035,0.0,7.467763399732795,0.0
small,37924,49131,31973,11947,6276359.761928178,0.0,160,39,1734581.6370824054,31.0,31813,11908,6911355.9094801415,0.0,3.9844512138991366,0.0
