Type,#Files,#Files Filtered by Language,Total Files,Only Added,Time Average,Time Median,Total Large Files,Only Added Large,Time Large Average,Time Large Median,Total Small Files,Only Added Small,Time Small Average,Time Small Median,Large p/ Small (Average),Large p/ Small (Median)
large,32715,23112,22641,8689,10661883.63599024,1316247.0,629,248,1688052.566463783,261077.0,22012,8441,14358627.29800754,3458666.0,8.506030904053368,13.247685548707853
small,47962,35542,34508,10444,9967371.58339704,1413939.0,524,243,2838037.2854372608,551885.0,33984,10201,10541143.099752579,1633046.0,3.714237002396707,2.95903313190248
