Type,#Files,#Files Filtered by Language,Total Files,Only Added,Time Average,Time Median,Total Large Files,Only Added Large,Time Large Average,Time Large Median,Total Small Files,Only Added Small,Time Small Average,Time Small Median,Large p/ Small (Average),Large p/ Small (Median)
large,18230,11033,9442,2691,4949393.832831535,304632.0,303,10,1300652.5010575831,112116.5,9139,2681,7583009.2735869475,689252.0,5.830157761139944,6.147641069780095
small,35819,21278,19637,5763,7520973.164862965,892724.0,257,23,2194631.871575532,212163.0,19380,5740,8284880.823813729,1106146.0,3.7750663020609427,5.213661194458977
