Type,#Files,#Files Filtered by Language,Total Files,Only Added,Time Average,Time Median,Total Large Files,Only Added Large,Time Large Average,Time Large Median,Total Small Files,Only Added Small,Time Small Average,Time Small Median,Large p/ Small (Average),Large p/ Small (Median)
large,125067,63751,61269,28962,6840712.654195658,485994.0,947,119,1175303.7031395254,10501.0,60322,28843,11099920.945391702,2137124.0,9.44430015470987,203.5162365489001
small,135994,73076,69651,30465,9826863.294142943,1306753.5,653,121,2120683.4026564136,29361.0,68998,30344,11390978.766504679,2074166.0,5.371371677750717,70.64357481012227
