Type,#Files,#Files Filtered by Language,Total Files,Only Added,Time Average,Time Median,Total Large Files,Only Added Large,Time Large Average,Time Large Median,Total Small Files,Only Added Small,Time Small Average,Time Small Median,Large p/ Small (Average),Large p/ Small (Median)
large,9849,5583,4922,1772,6951417.256920957,770996.0,83,11,1369370.5967234818,198110.0,4839,1761,8835272.275773484,1355050.0,6.4520680500324765,6.839886931502701
small,17567,9987,8835,3016,6266071.261719929,674214.0,81,17,2221537.941457923,410505.0,8754,2999,6601659.568552813,702906.0,2.971661858820362,1.712295830745058
