Type,#Files,#Files Filtered by Language,Total Files,Only Added,Time Average,Time Median,Total Large Files,Only Added Large,Time Large Average,Time Large Median,Total Small Files,Only Added Small,Time Small Average,Time Small Median,Large p/ Small (Average),Large p/ Small (Median)
large,134930,77383,66697,25433,9822295.766368803,673139.0,1081,140,1007772.8637263791,93133.5,65616,25293,12930873.718848739,1478876.0,12.831139023762805,15.879098283646593
small,149475,98090,85380,30089,9333067.983879568,773974.0,894,145,1922445.6559411145,418508.0,84486,29944,9977063.619045008,868769.0,5.18977667234023,2.075871906869164
