Type,#Files,Total Filtered Files,%% Grew,%% Decreased,%% Zero,Grew Average,Grew Median,Decreased Average,Decreased Median,Zero Total,Total Large Files,%% Large Grew,%% Large Decreased,%% Large Zero,Large Grew Average,Large Grew Median,Large Decreased Average,Large Decreased Median,Large Zero Total,Total Small Files,%% Small Grew,%% Small Decreased,%% Small Zero,Small Grew Average,Small Grew Median,Small Decreased Average,Small Decreased Median,Small Zero Total
large,718,390,41.401468788249694,14.59608323133415,24.418604651162788,14.679970436067997,8.0,-14.482180293501049,-5.0,798,364,63.640639698965195,22.436500470366884,37.53527751646284,14.679970436067997,8.0,-14.482180293501049,-5.0,798,159,0,0,0,14.679970436067997,8.0,-14.482180293501049,-5.0,798
small,2364,1037,35.357840525661516,13.123779080092346,23.104244361569883,13.50175791059769,7.0,-11.635994587280107,-4.0,1301,985,106.47058823529412,39.51871657754011,69.57219251336898,13.50175791059769,7.0,-11.635994587280107,-4.0,1301,356,0,0,0,13.50175791059769,7.0,-11.635994587280107,-4.0,1301
