Type,#Files,Total Filtered Files,%% Grew,%% Decreased,%% Zero,Grew Average,Grew Median,Decreased Average,Decreased Median,Zero Total,Total Large Files,%% Large Grew,%% Large Decreased,%% Large Zero,Large Grew Average,Large Grew Median,Large Decreased Average,Large Decreased Median,Large Zero Total,Total Small Files,%% Small Grew,%% Small Decreased,%% Small Zero,Small Grew Average,Small Grew Median,Small Decreased Average,Small Decreased Median,Small Zero Total
large,12760,6223,37.04693031033509,10.780289703998088,22.996069233609138,13.085174980948473,6.0,-10.11804995970991,-3.0,10589,6218,82.98793539599144,24.148667055847444,51.512940260751115,13.085174980948473,6.0,-10.11804995970991,-3.0,10589,3845,0,0,0,13.085174980948473,6.0,-10.11804995970991,-3.0,10589
small,15971,6918,31.654608218659856,10.188206364969027,21.01952995696789,14.32536599940245,7.0,-10.818983522859131,-3.0,8890,6914,108.96069016033205,35.069585741027105,72.35289330186376,14.32536599940245,7.0,-10.818983522859131,-3.0,8890,4777,0,0,0,14.32536599940245,7.0,-10.818983522859131,-3.0,8890
