Type,#Files,Total Filtered Files,%% Grew,%% Decreased,%% Zero,Grew Average,Grew Median,Decreased Average,Decreased Median,Zero Total,Total Large Files,%% Large Grew,%% Large Decreased,%% Large Zero,Large Grew Average,Large Grew Median,Large Decreased Average,Large Decreased Median,Large Zero Total,Total Small Files,%% Small Grew,%% Small Decreased,%% Small Zero,Small Grew Average,Small Grew Median,Small Decreased Average,Small Decreased Median,Small Zero Total
large,736,392,17.373785257169946,3.033894287745911,60.98601564351742,30.125511596180083,7.0,-53.5625,-6.0,2573,392,97.34395750332006,16.99867197875166,341.69986719787516,30.125511596180083,7.0,-53.5625,-6.0,2573,232,0,0,0,30.125511596180083,7.0,-53.5625,-6.0,2573
small,1267,739,16.889039013680122,3.4622529978044247,52.693801722681975,22.512,6.0,-30.009756097560974,-4.0,3120,738,97.84735812133071,20.058708414872797,305.2837573385518,22.512,6.0,-30.009756097560974,-4.0,3120,499,0,0,0,22.512,6.0,-30.009756097560974,-4.0,3120
