Type,#Files,Total Filtered Files,%% Grew,%% Decreased,%% Zero,Grew Average,Grew Median,Decreased Average,Decreased Median,Zero Total,Total Large Files,%% Large Grew,%% Large Decreased,%% Large Zero,Large Grew Average,Large Grew Median,Large Decreased Average,Large Decreased Median,Large Zero Total,Total Small Files,%% Small Grew,%% Small Decreased,%% Small Zero,Small Grew Average,Small Grew Median,Small Decreased Average,Small Decreased Median,Small Zero Total
large,832,99,45.32374100719424,6.83453237410072,10.431654676258994,8.53968253968254,6.0,-6.157894736842105,-5.0,29,99,45.98540145985402,6.934306569343065,10.583941605839415,8.53968253968254,6.0,-6.157894736842105,-5.0,29,2,0,0,0,8.53968253968254,6.0,-6.157894736842105,-5.0,29
small,1179,186,40.57971014492754,15.056360708534623,24.71819645732689,9.787698412698413,5.0,-40.74331550802139,-5.0,307,184,181.29496402877697,67.26618705035972,110.431654676259,9.787698412698413,5.0,-40.74331550802139,-5.0,307,28,0,0,0,9.787698412698413,5.0,-40.74331550802139,-5.0,307
