Type,#Files,Total Filtered Files,%% Grew,%% Decreased,%% Zero,Grew Average,Grew Median,Decreased Average,Decreased Median,Zero Total,Total Large Files,%% Large Grew,%% Large Decreased,%% Large Zero,Large Grew Average,Large Grew Median,Large Decreased Average,Large Decreased Median,Large Zero Total,Total Small Files,%% Small Grew,%% Small Decreased,%% Small Zero,Small Grew Average,Small Grew Median,Small Decreased Average,Small Decreased Median,Small Zero Total
large,598,501,44.57560427206296,10.539629005059021,15.317594154019112,16.420554854981084,6.0,-24.850666666666665,-5.0,545,501,74.00839944003734,17.498833411105927,25.43163789080728,16.420554854981084,6.0,-24.850666666666665,-5.0,545,352,0,0,0,16.420554854981084,6.0,-24.850666666666665,-5.0,545
small,1104,947,28.749412317818525,8.486130700517162,14.292430653502585,17.35322976287817,7.0,-21.900277008310248,-6.0,608,946,111.99633699633699,33.05860805860806,55.67765567765568,17.35322976287817,7.0,-21.900277008310248,-6.0,608,682,0,0,0,17.35322976287817,7.0,-21.900277008310248,-6.0,608
