Type,Commits Amount,70% Threshould Large,70% Threshould Small,70% Threshould Flex,Large Files,Large Mean,Large Median,Large Min,Large Max,Commits Large Mean,Commits Large Median,Authors Large Mean,Authors Large Median,Small Files,Small Mean,Small Median,Small Min,Small Max,Commits Small Mean,Commits Small Median,Authors Small Mean,Authors Small Median
large,1526,4,1,1,21,2.238095238095238,2.0,1,6,83.95238095238095,54.0,11.80952380952381,11.0,1756,1.246013667425968,1.0,1,8,2.9390660592255125,2.0,1.7944191343963554,1.0
small,1626,0,1,1,18,1.9444444444444444,2.0,1,4,24.61111111111111,18.0,6.222222222222222,6.5,2151,1.3258949325894933,1.0,1,8,3.486285448628545,2.0,2.0097629009762903,1.0
