Type,#Files,Total Filtered Files,%% Grew,%% Decreased,%% Zero,Grew Average,Grew Median,Decreased Average,Decreased Median,Zero Total,Total Large Files,%% Large Grew,%% Large Decreased,%% Large Zero,Large Grew Average,Large Grew Median,Large Decreased Average,Large Decreased Median,Large Zero Total,Total Small Files,%% Small Grew,%% Small Decreased,%% Small Zero,Small Grew Average,Small Grew Median,Small Decreased Average,Small Decreased Median,Small Zero Total
large,1570,1260,34.29434825220516,15.73015354459327,30.692584122835676,10.513455584663015,5.0,-10.537383177570094,-3.0,3758,1260,63.019660813447395,28.905898244034216,56.40102056130873,10.513455584663015,5.0,-10.537383177570094,-3.0,3758,619,0,0,0,10.513455584663015,5.0,-10.537383177570094,-3.0,3758
small,2148,1715,26.44586415601883,12.92871553463349,33.17081371889711,9.68976478067387,4.0,-8.565019505851755,-2.0,3946,1715,143.65296803652967,70.22831050228311,180.1826484018265,9.68976478067387,4.0,-8.565019505851755,-2.0,3946,856,0,0,0,9.68976478067387,4.0,-8.565019505851755,-2.0,3946
