Type,#Files,Total Filtered Files,%% Grew,%% Decreased,%% Zero,Grew Average,Grew Median,Decreased Average,Decreased Median,Zero Total,Total Large Files,%% Large Grew,%% Large Decreased,%% Large Zero,Large Grew Average,Large Grew Median,Large Decreased Average,Large Decreased Median,Large Zero Total,Total Small Files,%% Small Grew,%% Small Decreased,%% Small Zero,Small Grew Average,Small Grew Median,Small Decreased Average,Small Decreased Median,Small Zero Total
large,39,20,46.53465346534654,9.405940594059405,26.237623762376238,15.712765957446809,8.0,-9.263157894736842,-3.0,53,20,52.513966480446925,10.614525139664805,29.608938547486037,15.712765957446809,8.0,-9.263157894736842,-3.0,53,6,0,0,0,15.712765957446809,8.0,-9.263157894736842,-3.0,53
small,78,41,34.40233236151604,10.787172011661808,27.988338192419825,18.6864406779661,7.0,-8.27027027027027,-2.0,96,41,114.5631067961165,35.92233009708738,93.20388349514563,18.6864406779661,7.0,-8.27027027027027,-2.0,96,26,0,0,0,18.6864406779661,7.0,-8.27027027027027,-2.0,96
