Type,#Files,Total Filtered Files,%% Grew,%% Decreased,%% Zero,Grew Average,Grew Median,Decreased Average,Decreased Median,Zero Total,Total Large Files,%% Large Grew,%% Large Decreased,%% Large Zero,Large Grew Average,Large Grew Median,Large Decreased Average,Large Decreased Median,Large Zero Total,Total Small Files,%% Small Grew,%% Small Decreased,%% Small Zero,Small Grew Average,Small Grew Median,Small Decreased Average,Small Decreased Median,Small Zero Total
large,2779,1715,41.67224691057406,15.234065867169901,31.280818165215802,13.147323058943831,6.0,-12.87072927072927,-4.0,10277,1711,81.4261924586654,29.766860949208997,61.12168431069347,13.147323058943831,6.0,-12.87072927072927,-4.0,10277,1060,0,0,0,13.147323058943831,6.0,-12.87072927072927,-4.0,10277
small,5427,3462,32.86592917567539,14.068305380045762,36.241314889061485,11.693555598135019,5.0,-10.970008952551478,-4.0,17265,3452,162.3496474491912,69.49398589796765,179.0232268768146,11.693555598135019,5.0,-10.970008952551478,-4.0,17265,2387,0,0,0,11.693555598135019,5.0,-10.970008952551478,-4.0,17265
