Type,#Files,Total Filtered Files,%% Grew,%% Decreased,%% Zero,Grew Average,Grew Median,Decreased Average,Decreased Median,Zero Total,Total Large Files,%% Large Grew,%% Large Decreased,%% Large Zero,Large Grew Average,Large Grew Median,Large Decreased Average,Large Decreased Median,Large Zero Total,Total Small Files,%% Small Grew,%% Small Decreased,%% Small Zero,Small Grew Average,Small Grew Median,Small Decreased Average,Small Decreased Median,Small Zero Total
large,122,39,47.32297063903281,12.953367875647666,27.979274611398964,10.233576642335766,6.0,-11.293333333333333,-7.0,162,2,74.45652173913044,20.380434782608695,44.02173913043478,10.233576642335766,6.0,-11.293333333333333,-7.0,162,37,0,0,0,10.233576642335766,6.0,-11.293333333333333,-7.0,162
small,311,141,37.06896551724138,14.106583072100312,24.76489028213166,12.890063424947146,7.0,-13.994444444444444,-4.0,316,140,262.77777777777777,100.0,175.55555555555554,12.890063424947146,7.0,-13.994444444444444,-4.0,316,93,0,0,0,12.890063424947146,7.0,-13.994444444444444,-4.0,316
