Type,#Files,Total Filtered Files,%% Grew,%% Decreased,%% Zero,Grew Average,Grew Median,Decreased Average,Decreased Median,Zero Total,Total Large Files,%% Large Grew,%% Large Decreased,%% Large Zero,Large Grew Average,Large Grew Median,Large Decreased Average,Large Decreased Median,Large Zero Total,Total Small Files,%% Small Grew,%% Small Decreased,%% Small Zero,Small Grew Average,Small Grew Median,Small Decreased Average,Small Decreased Median,Small Zero Total
large,130,71,42.394014962593516,15.27431421446384,31.296758104738153,11.475,6.0,-8.579591836734695,-4.0,502,71,60.28368794326241,21.71985815602837,44.50354609929078,11.475,6.0,-8.579591836734695,-4.0,502,50,0,0,0,11.475,6.0,-8.579591836734695,-4.0,502
small,285,164,36.311423101467774,12.827058072750477,25.143586470963626,19.423550087873462,8.0,-20.402985074626866,-4.0,394,164,127.57847533632287,45.06726457399103,88.34080717488789,19.423550087873462,8.0,-20.402985074626866,-4.0,394,123,0,0,0,19.423550087873462,8.0,-20.402985074626866,-4.0,394
