Type,#Files,Total Filtered Files,%% Grew,%% Decreased,%% Zero,Grew Average,Grew Median,Decreased Average,Decreased Median,Zero Total,Total Large Files,%% Large Grew,%% Large Decreased,%% Large Zero,Large Grew Average,Large Grew Median,Large Decreased Average,Large Decreased Median,Large Zero Total,Total Small Files,%% Small Grew,%% Small Decreased,%% Small Zero,Small Grew Average,Small Grew Median,Small Decreased Average,Small Decreased Median,Small Zero Total
large,1236,639,25.375302663438255,7.941888619854722,15.641646489104117,21.106870229007633,10.0,-16.908536585365855,-6.0,323,639,49.52741020793951,15.500945179584122,30.529300567107747,21.106870229007633,10.0,-16.908536585365855,-6.0,323,244,0,0,0,21.106870229007633,10.0,-16.908536585365855,-6.0,323
small,2282,1260,16.80115273775216,6.6570605187319885,15.273775216138327,15.970840480274443,5.0,-8.991341991341992,-3.0,530,1259,43.735933983495876,17.329332333083272,39.75993998499625,15.970840480274443,5.0,-8.991341991341992,-3.0,530,532,0,0,0,15.970840480274443,5.0,-8.991341991341992,-3.0,530
