Type,#Files,Total Filtered Files,%% Grew,%% Decreased,%% Zero,Grew Average,Grew Median,Decreased Average,Decreased Median,Zero Total,Total Large Files,%% Large Grew,%% Large Decreased,%% Large Zero,Large Grew Average,Large Grew Median,Large Decreased Average,Large Decreased Median,Large Zero Total,Total Small Files,%% Small Grew,%% Small Decreased,%% Small Zero,Small Grew Average,Small Grew Median,Small Decreased Average,Small Decreased Median,Small Zero Total
large,30,15,48.25174825174825,10.48951048951049,16.783216783216783,23.71014492753623,14.0,-20.333333333333332,-14.0,24,1,100.0,21.73913043478261,34.78260869565217,23.71014492753623,14.0,-20.333333333333332,-14.0,24,14,0,0,0,23.71014492753623,14.0,-20.333333333333332,-14.0,24
small,69,28,41.208791208791204,12.454212454212454,32.05128205128205,14.84,7.0,-10.544117647058824,-5.5,175,1,424.52830188679246,128.30188679245282,330.188679245283,14.84,7.0,-10.544117647058824,-5.5,175,27,0,0,0,14.84,7.0,-10.544117647058824,-5.5,175
