Type,#Files,#Files Filtered by Language,Total Files,Only Added,Time Average,Time Median,Total Large Files,Only Added Large,Time Large Average,Time Large Median,Total Small Files,Only Added Small,Time Small Average,Time Small Median,Large p/ Small (Average),Large p/ Small (Median)
large,1183,913,882,448,3540271.9468438537,1309131.0,2,0,555177.6842105263,403268.0,880,448,3567435.16091954,1366046.0,6.425753884528885,3.3874396183183393
small,3017,2301,2256,1027,3179421.068742165,1287884.0,2,1,347412.0,347412.0,2254,1026,3180605.0190217393,1287884.0,9.15513862221725,3.707079778476276
