Type,#Files,#Files Filtered by Language,Total Files,Only Added,Time Average,Time Median,Total Large Files,Only Added Large,Time Large Average,Time Large Median,Total Small Files,Only Added Small,Time Small Average,Time Small Median,Large p/ Small (Average),Large p/ Small (Median)
large,41021,19009,17299,8777,4462599.024289206,276237.0,40,3,346495.5486354886,69099.5,17259,8774,4964671.716313183,364908.0,14.328240971245464,5.280906518860484
small,64658,40535,35801,15690,6973389.497497846,428825.0,65,13,346596.1389926369,67154.5,35736,15677,7473733.379433424,520049.0,21.563233223415097,7.744067783990649
