Type,#Files,#Files Filtered by Language,Total Files,Only Added,Time Average,Time Median,Total Large Files,Only Added Large,Time Large Average,Time Large Median,Total Small Files,Only Added Small,Time Small Average,Time Small Median,Large p/ Small (Average),Large p/ Small (Median)
large,741,530,509,278,917769.9777102331,23547.0,6,3,199591.22317596566,8084.5,503,275,1013884.6530729466,48054.5,5.079805799772444,5.9440286968891085
small,1890,1377,1290,471,1693082.4266120777,111531.0,4,3,238066.45454545456,3294.0,1286,468,1694722.4692079106,111821.0,7.118694956178017,33.94687310261081
