Type,#Files,#Files Filtered by Language,Total Files,Only Added,Time Average,Time Median,Total Large Files,Only Added Large,Time Large Average,Time Large Median,Total Small Files,Only Added Small,Time Small Average,Time Small Median,Large p/ Small (Average),Large p/ Small (Median)
large,357,325,280,56,14133216.527247956,9057257.0,5,0,7335767.333333333,3814688.0,275,56,14453210.569186876,10708386.0,1.9702384103040267,2.8071459579394173
small,2866,1436,1292,367,10843526.320709348,6047452.0,5,0,6334503.605263158,3495770.5,1287,367,10895622.052903619,6047452.0,1.7200435475087201,1.7299339301593168
