Type,#Files,#Files Filtered by Language,Total Files,Only Added,Time Average,Time Median,Total Large Files,Only Added Large,Time Large Average,Time Large Median,Total Small Files,Only Added Small,Time Small Average,Time Small Median,Large p/ Small (Average),Large p/ Small (Median)
large,172,166,151,49,4139691.9970674487,856481.0,2,0,2955665.45,1048224.0,149,49,4213463.121495327,856481.0,1.425554817611488,0.8170782199224593
small,2579,1472,1327,493,7448914.354562738,2062577.0,2,0,3694581.8125,1502945.5,1325,493,7468044.7114649685,2062577.0,2.0213504776638285,1.3723564826535626
