Type,#Files,#Files Filtered by Language,Total Files,Only Added,Time Average,Time Median,Total Large Files,Only Added Large,Time Large Average,Time Large Median,Total Small Files,Only Added Small,Time Small Average,Time Small Median,Large p/ Small (Average),Large p/ Small (Median)
large,7188,5586,4181,626,5146602.291488958,666973.0,14,1,1130807.6744345443,36344.0,4167,625,5250386.688454317,692526.5,4.643041259053845,19.054768324895445
small,15254,12985,9810,1270,4654549.877665432,629047.0,11,1,1907956.5475504324,5797.0,9799,1269,4668248.105294929,636940.0,2.446726636038096,109.87407279627394
