Type,Commits Amount,70% Threshould Large,70% Threshould Small,70% Threshould Flex,Large Files,Large Mean,Large Median,Large Min,Large Max,Commits Large Mean,Commits Large Median,Authors Large Mean,Authors Large Median,Small Files,Small Mean,Small Median,Small Min,Small Max,Commits Small Mean,Commits Small Median,Authors Small Mean,Authors Small Median
large,29867,20,2,1,942,3.8322717622080678,3.0,1,37,62.36411889596603,11.0,12.401273885350319,5.0,68689,1.6099084278414302,1.0,1,19,4.007017135203599,2.0,2.581592394706576,2.0
small,13498,3,1,1,876,2.92351598173516,2.0,1,21,20.133561643835616,6.0,6.8493150684931505,4.0,72971,1.6573296240972442,1.0,1,15,4.045620863082594,3.0,2.650737964396815,2.0
