Type,Commits Amount,70% Threshould Large,70% Threshould Small,70% Threshould Flex,Large Files,Large Mean,Large Median,Large Min,Large Max,Commits Large Mean,Commits Large Median,Authors Large Mean,Authors Large Median,Small Files,Small Mean,Small Median,Small Min,Small Max,Commits Small Mean,Commits Small Median,Authors Small Mean,Authors Small Median
large,2342,1,1,1,13,1.2307692307692308,1.0,1,2,254.23076923076923,221.0,16.923076923076923,12.0,2036,1.117878192534381,1.0,1,5,8.355599214145384,4.0,1.6110019646365423,1.0
small,1561,1,1,1,13,1.3076923076923077,1.0,1,2,116.53846153846153,83.0,11.692307692307692,6.0,2046,1.083088954056696,1.0,1,5,8.70234604105572,4.0,1.565982404692082,1.0
