Type,#Files,Total Filtered Files,%% Grew,%% Decreased,%% Zero,Grew Average,Grew Median,Decreased Average,Decreased Median,Zero Total,Total Large Files,%% Large Grew,%% Large Decreased,%% Large Zero,Large Grew Average,Large Grew Median,Large Decreased Average,Large Decreased Median,Large Zero Total,Total Small Files,%% Small Grew,%% Small Decreased,%% Small Zero,Small Grew Average,Small Grew Median,Small Decreased Average,Small Decreased Median,Small Zero Total
large,98,79,20.245398773006134,5.521472392638037,40.899795501022496,73.36363636363636,13.0,-231.7037037037037,-5.0,200,79,67.3469387755102,18.367346938775512,136.05442176870747,73.36363636363636,13.0,-231.7037037037037,-5.0,200,55,0,0,0,73.36363636363636,13.0,-231.7037037037037,-5.0,200
small,131,111,23.65079365079365,10.634920634920634,28.57142857142857,17.06040268456376,8.0,-7.850746268656716,-5.0,180,111,94.30379746835443,42.405063291139236,113.9240506329114,17.06040268456376,8.0,-7.850746268656716,-5.0,180,74,0,0,0,17.06040268456376,8.0,-7.850746268656716,-5.0,180
