Type,#Files,Total Filtered Files,%% Grew,%% Decreased,%% Zero,Grew Average,Grew Median,Decreased Average,Decreased Median,Zero Total,Total Large Files,%% Large Grew,%% Large Decreased,%% Large Zero,Large Grew Average,Large Grew Median,Large Decreased Average,Large Decreased Median,Large Zero Total,Total Small Files,%% Small Grew,%% Small Decreased,%% Small Zero,Small Grew Average,Small Grew Median,Small Decreased Average,Small Decreased Median,Small Zero Total
large,793,381,26.847826086956523,11.902173913043478,19.456521739130434,27.493927125506072,6.0,-32.49315068493151,-3.0,358,379,69.57746478873239,30.84507042253521,50.42253521126761,27.493927125506072,6.0,-32.49315068493151,-3.0,358,220,0,0,0,27.493927125506072,6.0,-32.49315068493151,-3.0,358
small,835,414,21.671159029649594,12.506738544474395,20.485175202156334,18.813432835820894,4.5,-16.021551724137932,-2.0,380,412,81.37651821862349,46.963562753036435,76.92307692307693,18.813432835820894,4.5,-16.021551724137932,-2.0,380,240,0,0,0,18.813432835820894,4.5,-16.021551724137932,-2.0,380
