Type,Commits Amount,70% Threshould Large,70% Threshould Small,70% Threshould Flex,Large Files,Large Mean,Large Median,Large Min,Large Max,Commits Large Mean,Commits Large Median,Authors Large Mean,Authors Large Median,Small Files,Small Mean,Small Median,Small Min,Small Max,Commits Small Mean,Commits Small Median,Authors Small Mean,Authors Small Median
large,1103,6,1,1,26,2.923076923076923,3.0,1,9,52.46153846153846,39.0,12.23076923076923,10.5,711,1.389592123769339,1.0,1,7,6.008438818565401,2.0,2.3558368495077358,1.0
small,638,0,1,1,23,2.4347826086956523,2.0,1,5,24.434782608695652,17.0,7.130434782608695,6.0,728,1.3942307692307692,1.0,1,6,6.0260989010989015,2.0,2.3049450549450547,1.0
