Type,#Files,Total Filtered Files,%% Grew,%% Decreased,%% Zero,Grew Average,Grew Median,Decreased Average,Decreased Median,Zero Total,Total Large Files,%% Large Grew,%% Large Decreased,%% Large Zero,Large Grew Average,Large Grew Median,Large Decreased Average,Large Decreased Median,Large Zero Total,Total Small Files,%% Small Grew,%% Small Decreased,%% Small Zero,Small Grew Average,Small Grew Median,Small Decreased Average,Small Decreased Median,Small Zero Total
large,2824,1707,25.671690694626477,8.666448230668413,14.875491480996066,25.37204850031908,8.0,-30.052930056710775,-5.0,908,1619,56.98181818181818,19.236363636363638,33.018181818181816,25.37204850031908,8.0,-30.052930056710775,-5.0,908,767,0,0,0,25.37204850031908,8.0,-30.052930056710775,-5.0,908
small,4538,2671,23.133915735928344,7.729735707176822,12.772310074090457,21.252868068833653,8.0,-24.974248927038627,-6.0,1155,2597,67.70226537216828,22.62135922330097,37.37864077669903,21.252868068833653,8.0,-24.974248927038627,-6.0,1155,1250,0,0,0,21.252868068833653,8.0,-24.974248927038627,-6.0,1155
