Type,#Files,Total Filtered Files,%% Grew,%% Decreased,%% Zero,Grew Average,Grew Median,Decreased Average,Decreased Median,Zero Total,Total Large Files,%% Large Grew,%% Large Decreased,%% Large Zero,Large Grew Average,Large Grew Median,Large Decreased Average,Large Decreased Median,Large Zero Total,Total Small Files,%% Small Grew,%% Small Decreased,%% Small Zero,Small Grew Average,Small Grew Median,Small Decreased Average,Small Decreased Median,Small Zero Total
large,4969,3247,35.27734707147502,14.069924473565749,20.397138998649528,28.700694739827025,8.0,-21.91610380376822,-5.0,4078,3247,90.09964230965764,35.93510475217169,52.09504343382728,28.700694739827025,8.0,-21.91610380376822,-5.0,4078,1428,0,0,0,28.700694739827025,8.0,-21.91610380376822,-5.0,4078
small,6364,4068,28.613900263645032,12.447411230156504,17.423010040949123,24.396392864144286,5.0,-17.371338440739073,-2.0,3106,4068,88.02415875754961,38.2916307161346,53.597929249352894,24.396392864144286,5.0,-17.371338440739073,-2.0,3106,1860,0,0,0,24.396392864144286,5.0,-17.371338440739073,-2.0,3106
