Type,Commits Amount,70% Threshould Large,70% Threshould Small,70% Threshould Flex,Large Files,Large Mean,Large Median,Large Min,Large Max,Commits Large Mean,Commits Large Median,Authors Large Mean,Authors Large Median,Small Files,Small Mean,Small Median,Small Min,Small Max,Commits Small Mean,Commits Small Median,Authors Small Mean,Authors Small Median
large,607,3,1,1,26,5.153846153846154,3.0,1,30,29.615384615384617,17.0,12.26923076923077,8.0,1847,1.309149972929074,1.0,1,16,2.2154845695722796,1.0,1.7839740119112073,1.0
small,1283,0,1,1,21,3.0952380952380953,2.0,1,10,10.476190476190476,8.0,5.714285714285714,4.0,3352,1.3723150357995226,1.0,1,28,2.8839498806682577,2.0,2.0152147971360383,1.0
