Type,#Files,Total Filtered Files,%% Grew,%% Decreased,%% Zero,Grew Average,Grew Median,Decreased Average,Decreased Median,Zero Total,Total Large Files,%% Large Grew,%% Large Decreased,%% Large Zero,Large Grew Average,Large Grew Median,Large Decreased Average,Large Decreased Median,Large Zero Total,Total Small Files,%% Small Grew,%% Small Decreased,%% Small Zero,Small Grew Average,Small Grew Median,Small Decreased Average,Small Decreased Median,Small Zero Total
large,19,5,36.49122807017544,14.736842105263156,44.21052631578947,10.759615384615385,3.0,-8.380952380952381,-4.0,126,3,47.48858447488584,19.17808219178082,57.534246575342465,10.759615384615385,3.0,-8.380952380952381,-4.0,126,2,0,0,0,10.759615384615385,3.0,-8.380952380952381,-4.0,126
small,166,25,31.958762886597935,12.164948453608247,43.91752577319588,10.30967741935484,3.0,-9.76271186440678,-3.0,213,2,120.15503875968992,45.73643410852713,165.11627906976744,10.30967741935484,3.0,-9.76271186440678,-3.0,213,23,0,0,0,10.30967741935484,3.0,-9.76271186440678,-3.0,213
