Type,#Files,Total Filtered Files,%% Grew,%% Decreased,%% Zero,Grew Average,Grew Median,Decreased Average,Decreased Median,Zero Total,Total Large Files,%% Large Grew,%% Large Decreased,%% Large Zero,Large Grew Average,Large Grew Median,Large Decreased Average,Large Decreased Median,Large Zero Total,Total Small Files,%% Small Grew,%% Small Decreased,%% Small Zero,Small Grew Average,Small Grew Median,Small Decreased Average,Small Decreased Median,Small Zero Total
large,318,298,25.118483412322274,3.859174001354096,33.10765064319567,366.97574123989216,12.0,-198.31578947368422,-8.0,489,298,82.8125,12.723214285714285,109.15178571428572,366.97574123989216,12.0,-198.31578947368422,-8.0,489,138,0,0,0,366.97574123989216,12.0,-198.31578947368422,-8.0,489
small,397,390,27.75952693823916,13.173455978975031,27.792378449408673,58.874556213017755,8.0,-41.3640897755611,-33.0,846,390,180.55555555555557,85.68376068376068,180.76923076923077,58.874556213017755,8.0,-41.3640897755611,-33.0,846,294,0,0,0,58.874556213017755,8.0,-41.3640897755611,-33.0,846
