Type,#Files,Total Filtered Files,%% Grew,%% Decreased,%% Zero,Grew Average,Grew Median,Decreased Average,Decreased Median,Zero Total,Total Large Files,%% Large Grew,%% Large Decreased,%% Large Zero,Large Grew Average,Large Grew Median,Large Decreased Average,Large Decreased Median,Large Zero Total,Total Small Files,%% Small Grew,%% Small Decreased,%% Small Zero,Small Grew Average,Small Grew Median,Small Decreased Average,Small Decreased Median,Small Zero Total
large,2502,992,36.04450625869263,18.325452016689848,35.02086230876217,41.38817718783763,6.0,-78.13266545233758,-4.0,6295,992,45.50818290370162,23.13689681814989,44.21577579546253,41.38817718783763,6.0,-78.13266545233758,-4.0,6295,454,0,0,0,41.38817718783763,6.0,-78.13266545233758,-4.0,6295
small,3059,2084,22.948599130248805,12.739716261495687,31.8528552078135,16.013358185771978,5.0,-24.48013430330162,-3.0,4468,2084,104.75105759843801,58.151643345265214,145.39537910836316,16.013358185771978,5.0,-24.48013430330162,-3.0,4468,1293,0,0,0,16.013358185771978,5.0,-24.48013430330162,-3.0,4468
