Type,#Files,Total Filtered Files,%% Grew,%% Decreased,%% Zero,Grew Average,Grew Median,Decreased Average,Decreased Median,Zero Total,Total Large Files,%% Large Grew,%% Large Decreased,%% Large Zero,Large Grew Average,Large Grew Median,Large Decreased Average,Large Decreased Median,Large Zero Total,Total Small Files,%% Small Grew,%% Small Decreased,%% Small Zero,Small Grew Average,Small Grew Median,Small Decreased Average,Small Decreased Median,Small Zero Total
large,42562,30065,30.456273764258558,12.360179744210162,16.433460076045627,38.256769946657585,8.0,-39.09748867386319,-6.0,23771,30026,98.96886372826526,40.164891944107474,53.40117715774812,38.256769946657585,8.0,-39.09748867386319,-6.0,23771,16312,0,0,0,38.256769946657585,8.0,-39.09748867386319,-6.0,23771
small,49239,33999,29.944639243544792,12.418797134123738,16.876826874578413,33.295316178261224,7.0,-32.524711293795264,-5.0,27772,33960,110.05740066557969,45.64357983606192,62.028454649007216,33.295316178261224,7.0,-32.524711293795264,-5.0,27772,18461,0,0,0,33.295316178261224,7.0,-32.524711293795264,-5.0,27772
