Type,#Files,Total Filtered Files,%% Grew,%% Decreased,%% Zero,Grew Average,Grew Median,Decreased Average,Decreased Median,Zero Total,Total Large Files,%% Large Grew,%% Large Decreased,%% Large Zero,Large Grew Average,Large Grew Median,Large Decreased Average,Large Decreased Median,Large Zero Total,Total Small Files,%% Small Grew,%% Small Decreased,%% Small Zero,Small Grew Average,Small Grew Median,Small Decreased Average,Small Decreased Median,Small Zero Total
large,2794,766,19.364423201136805,4.947681178142359,60.80609740343624,46.81254169446297,8.0,-68.25587467362924,-3.0,4707,762,51.160409556313994,13.071672354948804,160.64846416382252,46.81254169446297,8.0,-68.25587467362924,-3.0,4707,170,0,0,0,46.81254169446297,8.0,-68.25587467362924,-3.0,4707
small,4771,2008,16.193058568329718,4.468546637744035,52.02819956616052,47.36704621567314,8.0,-63.3373786407767,-3.0,4797,2001,41.9971870604782,11.58931082981716,134.9367088607595,47.36704621567314,8.0,-63.3373786407767,-3.0,4797,243,0,0,0,47.36704621567314,8.0,-63.3373786407767,-3.0,4797
