Type,#Files,Total Filtered Files,%% Grew,%% Decreased,%% Zero,Grew Average,Grew Median,Decreased Average,Decreased Median,Zero Total,Total Large Files,%% Large Grew,%% Large Decreased,%% Large Zero,Large Grew Average,Large Grew Median,Large Decreased Average,Large Decreased Median,Large Zero Total,Total Small Files,%% Small Grew,%% Small Decreased,%% Small Zero,Small Grew Average,Small Grew Median,Small Decreased Average,Small Decreased Median,Small Zero Total
large,374,293,26.822916666666668,11.54513888888889,11.71875,28.17799352750809,11.0,-14.789473684210526,-4.0,135,4,396.1538461538462,170.5128205128205,173.0769230769231,28.17799352750809,11.0,-14.789473684210526,-4.0,135,289,0,0,0,28.17799352750809,11.0,-14.789473684210526,-4.0,135
small,805,521,25.999192571659265,13.201453371013322,17.521194993944285,20.858695652173914,7.0,-9.590214067278287,-3.0,434,2,2576.0,1308.0,1736.0,20.858695652173914,7.0,-9.590214067278287,-3.0,434,519,0,0,0,20.858695652173914,7.0,-9.590214067278287,-3.0,434
