Type,#Files,Total Filtered Files,%% Grew,%% Decreased,%% Zero,Grew Average,Grew Median,Decreased Average,Decreased Median,Zero Total,Total Large Files,%% Large Grew,%% Large Decreased,%% Large Zero,Large Grew Average,Large Grew Median,Large Decreased Average,Large Decreased Median,Large Zero Total,Total Small Files,%% Small Grew,%% Small Decreased,%% Small Zero,Small Grew Average,Small Grew Median,Small Decreased Average,Small Decreased Median,Small Zero Total
large,178,122,8.854166666666668,0.5208333333333333,6.25,2116.9411764705883,96.0,-344.0,-344.0,12,121,12.142857142857142,0.7142857142857143,8.571428571428571,2116.9411764705883,96.0,-344.0,-344.0,12,23,0,0,0,2116.9411764705883,96.0,-344.0,-344.0,12
small,865,332,3.826955074875208,0.16638935108153077,2.828618968386023,550.5652173913044,24.0,-344.0,-344.0,17,324,6.388888888888888,0.2777777777777778,4.722222222222222,550.5652173913044,24.0,-344.0,-344.0,17,129,0,0,0,550.5652173913044,24.0,-344.0,-344.0,17
