Type,#Files,Total Filtered Files,%% Grew,%% Decreased,%% Zero,Grew Average,Grew Median,Decreased Average,Decreased Median,Zero Total,Total Large Files,%% Large Grew,%% Large Decreased,%% Large Zero,Large Grew Average,Large Grew Median,Large Decreased Average,Large Decreased Median,Large Zero Total,Total Small Files,%% Small Grew,%% Small Decreased,%% Small Zero,Small Grew Average,Small Grew Median,Small Decreased Average,Small Decreased Median,Small Zero Total
large,673,218,31.23569794050343,10.983981693363845,15.903890160183066,17.46153846153846,6.0,-37.875,-5.5,139,218,54.05940594059406,19.00990099009901,27.524752475247528,17.46153846153846,6.0,-37.875,-5.5,139,87,0,0,0,17.46153846153846,6.0,-37.875,-5.5,139
small,630,302,23.89580973952435,8.040770101925254,8.154020385050963,21.123222748815166,9.0,-46.36619718309859,-7.0,72,302,53.417721518987335,17.974683544303797,18.227848101265824,21.123222748815166,9.0,-46.36619718309859,-7.0,72,138,0,0,0,21.123222748815166,9.0,-46.36619718309859,-7.0,72
