Type,#Files,Total Filtered Files,%% Grew,%% Decreased,%% Zero,Grew Average,Grew Median,Decreased Average,Decreased Median,Zero Total,Total Large Files,%% Large Grew,%% Large Decreased,%% Large Zero,Large Grew Average,Large Grew Median,Large Decreased Average,Large Decreased Median,Large Zero Total,Total Small Files,%% Small Grew,%% Small Decreased,%% Small Zero,Small Grew Average,Small Grew Median,Small Decreased Average,Small Decreased Median,Small Zero Total
large,336,86,18.423855165069224,11.501597444089457,51.33120340788072,21.578034682080926,6.0,-19.15740740740741,-7.0,482,86,47.26775956284153,29.508196721311474,131.69398907103823,21.578034682080926,6.0,-19.15740740740741,-7.0,482,42,0,0,0,21.578034682080926,6.0,-19.15740740740741,-7.0,482
small,677,197,19.978005865102638,11.693548387096774,53.2258064516129,25.242201834862385,6.0,-23.238244514106583,-5.0,1452,194,63.59393232205367,37.222870478413064,169.4282380396733,25.242201834862385,6.0,-23.238244514106583,-5.0,1452,105,0,0,0,25.242201834862385,6.0,-23.238244514106583,-5.0,1452
