Type,#Files,Total Filtered Files,%% Grew,%% Decreased,%% Zero,Grew Average,Grew Median,Decreased Average,Decreased Median,Zero Total,Total Large Files,%% Large Grew,%% Large Decreased,%% Large Zero,Large Grew Average,Large Grew Median,Large Decreased Average,Large Decreased Median,Large Zero Total,Total Small Files,%% Small Grew,%% Small Decreased,%% Small Zero,Small Grew Average,Small Grew Median,Small Decreased Average,Small Decreased Median,Small Zero Total
large,8889,6916,26.350989834135902,8.440342429106474,13.701622971285893,40.84940778341794,8.0,-61.74801901743265,-5.0,3073,6899,52.0704845814978,16.6784140969163,27.074889867841414,40.84940778341794,8.0,-61.74801901743265,-5.0,3073,2221,0,0,0,40.84940778341794,8.0,-61.74801901743265,-5.0,3073
small,10489,7772,20.156449867165207,6.695857522385122,11.994489815999213,52.379057847205274,9.0,-68.02498163115357,-6.0,2438,7751,38.33988396032192,12.736290473516751,22.81489799737975,52.379057847205274,9.0,-68.02498163115357,-6.0,2438,2575,0,0,0,52.379057847205274,9.0,-68.02498163115357,-6.0,2438
