Type,#Files,Total Filtered Files,%% Grew,%% Decreased,%% Zero,Grew Average,Grew Median,Decreased Average,Decreased Median,Zero Total,Total Large Files,%% Large Grew,%% Large Decreased,%% Large Zero,Large Grew Average,Large Grew Median,Large Decreased Average,Large Decreased Median,Large Zero Total,Total Small Files,%% Small Grew,%% Small Decreased,%% Small Zero,Small Grew Average,Small Grew Median,Small Decreased Average,Small Decreased Median,Small Zero Total
large,3305,2855,36.19290361526595,12.925078811456167,22.670869944328928,17.609525574499628,6.0,-21.36792942397509,-4.0,3380,2737,76.64772727272727,27.372159090909093,48.01136363636363,17.609525574499628,6.0,-21.36792942397509,-4.0,3380,875,0,0,0,17.609525574499628,6.0,-21.36792942397509,-4.0,3380
small,1848,1614,31.969125830192063,10.177705977382875,15.598635792496859,27.46546883773161,9.0,-23.391534391534393,-4.0,869,1584,74.14654454621149,23.605328892589508,36.178184845961695,27.46546883773161,9.0,-23.391534391534393,-4.0,869,460,0,0,0,27.46546883773161,9.0,-23.391534391534393,-4.0,869
