Type,#Files,Total Filtered Files,%% Grew,%% Decreased,%% Zero,Grew Average,Grew Median,Decreased Average,Decreased Median,Zero Total,Total Large Files,%% Large Grew,%% Large Decreased,%% Large Zero,Large Grew Average,Large Grew Median,Large Decreased Average,Large Decreased Median,Large Zero Total,Total Small Files,%% Small Grew,%% Small Decreased,%% Small Zero,Small Grew Average,Small Grew Median,Small Decreased Average,Small Decreased Median,Small Zero Total
large,240,134,16.82161533991865,9.238814642649622,63.80011621150494,18.424870466321245,7.0,-17.660377358490567,-7.0,2196,134,97.80405405405406,53.71621621621622,370.94594594594594,18.424870466321245,7.0,-17.660377358490567,-7.0,2196,109,0,0,0,18.424870466321245,7.0,-17.660377358490567,-7.0,2196
small,375,251,16.25043967639817,9.567358424199789,62.18782975729863,14.38852813852814,7.0,-11.935661764705882,-5.0,3536,251,232.7455919395466,137.02770780856423,890.6801007556675,14.38852813852814,7.0,-11.935661764705882,-5.0,3536,214,0,0,0,14.38852813852814,7.0,-11.935661764705882,-5.0,3536
