Type,#Files,Total Filtered Files,%% Grew,%% Decreased,%% Zero,Grew Average,Grew Median,Decreased Average,Decreased Median,Zero Total,Total Large Files,%% Large Grew,%% Large Decreased,%% Large Zero,Large Grew Average,Large Grew Median,Large Decreased Average,Large Decreased Median,Large Zero Total,Total Small Files,%% Small Grew,%% Small Decreased,%% Small Zero,Small Grew Average,Small Grew Median,Small Decreased Average,Small Decreased Median,Small Zero Total
large,163,147,40.694660445826855,11.560393986521515,28.8232244686366,21.65987261146497,7.0,-17.340807174887892,-4.0,556,5,90.22988505747126,25.632183908045974,63.9080459770115,21.65987261146497,7.0,-17.340807174887892,-4.0,556,142,0,0,0,21.65987261146497,7.0,-17.340807174887892,-4.0,556
small,401,335,36.91679626749611,12.791601866251945,34.27293934681182,13.021590310689836,5.0,-12.533434650455927,-4.0,1763,4,575.4545454545455,199.39393939393938,534.2424242424242,13.021590310689836,5.0,-12.533434650455927,-4.0,1763,331,0,0,0,13.021590310689836,5.0,-12.533434650455927,-4.0,1763
