Type,Commits Amount,70% Threshould Large,70% Threshould Small,70% Threshould Flex,Large Files,Large Mean,Large Median,Large Min,Large Max,Commits Large Mean,Commits Large Median,Authors Large Mean,Authors Large Median,Small Files,Small Mean,Small Median,Small Min,Small Max,Commits Small Mean,Commits Small Median,Authors Small Mean,Authors Small Median
large,1385,2,1,1,42,1.0952380952380953,1.0,1,2,37.166666666666664,3.0,2.238095238095238,1.0,3285,1.0800608828006089,1.0,1,2,5.936681887366819,3.0,1.3558599695585998,1.0
small,1298,0,1,1,41,1.048780487804878,1.0,1,2,9.536585365853659,2.0,1.5121951219512195,1.0,4192,1.0989980916030535,1.0,1,2,8.030295801526718,3.0,1.4236641221374047,1.0
