Type,#Files,Total Filtered Files,%% Grew,%% Decreased,%% Zero,Grew Average,Grew Median,Decreased Average,Decreased Median,Zero Total,Total Large Files,%% Large Grew,%% Large Decreased,%% Large Zero,Large Grew Average,Large Grew Median,Large Decreased Average,Large Decreased Median,Large Zero Total,Total Small Files,%% Small Grew,%% Small Decreased,%% Small Zero,Small Grew Average,Small Grew Median,Small Decreased Average,Small Decreased Median,Small Zero Total
large,631,377,35.502471169686984,9.802306425041186,31.713344316309723,18.59628770301624,6.0,-31.11764705882353,-4.0,770,377,64.13690476190477,17.708333333333336,57.291666666666664,18.59628770301624,6.0,-31.11764705882353,-4.0,770,94,0,0,0,18.59628770301624,6.0,-31.11764705882353,-4.0,770
small,1139,715,25.377107364685003,5.8858325939071285,47.988760721679974,11.714452214452214,4.0,-14.959798994974875,-3.0,3245,715,190.87875417130144,44.27141268075639,360.9566184649611,11.714452214452214,4.0,-14.959798994974875,-3.0,3245,356,0,0,0,11.714452214452214,4.0,-14.959798994974875,-3.0,3245
