Type,Commits Amount,70% Threshould Large,70% Threshould Small,70% Threshould Flex,Large Files,Large Mean,Large Median,Large Min,Large Max,Commits Large Mean,Commits Large Median,Authors Large Mean,Authors Large Median,Small Files,Small Mean,Small Median,Small Min,Small Max,Commits Small Mean,Commits Small Median,Authors Small Mean,Authors Small Median
large,5160,45,1,1,33,30.87878787878788,28.0,2,70,208.8181818181818,133.0,89.81818181818181,72.0,2109,2.5661450924608817,1.0,1,50,6.478899952584163,3.0,4.318634423897582,2.0
small,6216,0,2,1,34,14.058823529411764,13.5,1,33,54.35294117647059,48.0,30.11764705882353,28.5,2923,2.961683202189531,1.0,1,47,11.33869312350325,3.0,5.488197057817311,2.0
