Type,#Files,Total Filtered Files,%% Grew,%% Decreased,%% Zero,Grew Average,Grew Median,Decreased Average,Decreased Median,Zero Total,Total Large Files,%% Large Grew,%% Large Decreased,%% Large Zero,Large Grew Average,Large Grew Median,Large Decreased Average,Large Decreased Median,Large Zero Total,Total Small Files,%% Small Grew,%% Small Decreased,%% Small Zero,Small Grew Average,Small Grew Median,Small Decreased Average,Small Decreased Median,Small Zero Total
large,866,824,44.59910913140312,12.03600593912398,26.846696362286565,19.298377028714107,9.0,-27.118735543562067,-7.0,2893,824,89.1320474777448,24.054154302670625,53.653560830860535,19.298377028714107,9.0,-27.118735543562067,-7.0,2893,486,0,0,0,19.298377028714107,9.0,-27.118735543562067,-7.0,2893
small,1981,1847,25.911231252179977,7.874084408789675,48.56993372863621,15.378933198721185,6.0,-14.650609080841638,-3.0,11140,1846,203.87650085763292,61.95540308747856,382.16123499142367,15.378933198721185,6.0,-14.650609080841638,-3.0,11140,1189,0,0,0,15.378933198721185,6.0,-14.650609080841638,-3.0,11140
