Type,#Files,Total Filtered Files,%% Grew,%% Decreased,%% Zero,Grew Average,Grew Median,Decreased Average,Decreased Median,Zero Total,Total Large Files,%% Large Grew,%% Large Decreased,%% Large Zero,Large Grew Average,Large Grew Median,Large Decreased Average,Large Decreased Median,Large Zero Total,Total Small Files,%% Small Grew,%% Small Decreased,%% Small Zero,Small Grew Average,Small Grew Median,Small Decreased Average,Small Decreased Median,Small Zero Total
large,7650,3350,26.429577806928044,9.080308992858184,29.08711072244085,35.25091911764706,5.0,-31.46709470304976,-4.0,5987,3344,95.48885378269264,32.80674038967878,105.09039845532737,35.25091911764706,5.0,-31.46709470304976,-4.0,5987,2122,0,0,0,35.25091911764706,5.0,-31.46709470304976,-4.0,5987
small,4771,2539,22.48743718592965,8.787987556831778,32.651351998085666,20.478584729981378,5.0,-19.134785568413886,-3.0,5458,2533,116.37770897832817,45.47987616099071,168.97832817337462,20.478584729981378,5.0,-19.134785568413886,-3.0,5458,1871,0,0,0,20.478584729981378,5.0,-19.134785568413886,-3.0,5458
