Type,#Files,Total Filtered Files,%% Grew,%% Decreased,%% Zero,Grew Average,Grew Median,Decreased Average,Decreased Median,Zero Total,Total Large Files,%% Large Grew,%% Large Decreased,%% Large Zero,Large Grew Average,Large Grew Median,Large Decreased Average,Large Decreased Median,Large Zero Total,Total Small Files,%% Small Grew,%% Small Decreased,%% Small Zero,Small Grew Average,Small Grew Median,Small Decreased Average,Small Decreased Median,Small Zero Total
large,1022,899,14.240073026015517,1.4148790506617983,8.124144226380649,14.086538461538462,6.0,-18.225806451612904,-4.0,178,899,32.5678496868476,3.2359081419624216,18.580375782881003,14.086538461538462,6.0,-18.225806451612904,-4.0,178,493,0,0,0,14.086538461538462,6.0,-18.225806451612904,-4.0,178
small,919,782,13.590844062947067,1.6690510252742015,11.39723414401526,15.750877192982456,7.0,-16.914285714285715,-2.0,239,782,35.14180024660912,4.315659679408138,29.469790382244142,15.750877192982456,7.0,-16.914285714285715,-2.0,239,485,0,0,0,15.750877192982456,7.0,-16.914285714285715,-2.0,239
