Type,Commits Amount,70% Threshould Large,70% Threshould Small,70% Threshould Flex,Large Files,Large Mean,Large Median,Large Min,Large Max,Commits Large Mean,Commits Large Median,Authors Large Mean,Authors Large Median,Small Files,Small Mean,Small Median,Small Min,Small Max,Commits Small Mean,Commits Small Median,Authors Small Mean,Authors Small Median
large,4229,9,2,1,133,2.8947368421052633,1.0,1,12,42.32330827067669,2.0,8.992481203007518,2.0,10787,1.9556874015018078,1.0,1,13,4.745434319087791,2.0,3.29767312505794,2.0
small,6606,2,1,1,138,2.7681159420289854,1.0,1,10,16.840579710144926,3.0,6.311594202898551,2.0,13894,2.0079170865121636,1.0,1,22,5.874478192025335,3.0,3.410464948898805,2.0
