Type,#Files,Total Filtered Files,%% Grew,%% Decreased,%% Zero,Grew Average,Grew Median,Decreased Average,Decreased Median,Zero Total,Total Large Files,%% Large Grew,%% Large Decreased,%% Large Zero,Large Grew Average,Large Grew Median,Large Decreased Average,Large Decreased Median,Large Zero Total,Total Small Files,%% Small Grew,%% Small Decreased,%% Small Zero,Small Grew Average,Small Grew Median,Small Decreased Average,Small Decreased Median,Small Zero Total
large,5381,4595,20.70442072251372,6.018937337916893,23.309812435920634,18.43780949606758,4.0,-16.80761523046092,-3.0,3865,4588,50.29299736302373,14.620568414884266,56.621740404336364,18.43780949606758,4.0,-16.80761523046092,-3.0,3865,2084,0,0,0,18.43780949606758,4.0,-16.80761523046092,-3.0,3865
small,7998,6370,20.971543743381275,7.843405185665972,27.878932804973864,16.985828310799803,5.0,-14.383710801393729,-4.0,8161,6305,85.20471894517696,31.866759195003468,113.26856349757112,16.985828310799803,5.0,-14.383710801393729,-4.0,8161,3435,0,0,0,16.985828310799803,5.0,-14.383710801393729,-4.0,8161
