Type,#Files,Total Filtered Files,%% Grew,%% Decreased,%% Zero,Grew Average,Grew Median,Decreased Average,Decreased Median,Zero Total,Total Large Files,%% Large Grew,%% Large Decreased,%% Large Zero,Large Grew Average,Large Grew Median,Large Decreased Average,Large Decreased Median,Large Zero Total,Total Small Files,%% Small Grew,%% Small Decreased,%% Small Zero,Small Grew Average,Small Grew Median,Small Decreased Average,Small Decreased Median,Small Zero Total
large,748,579,21.05522682445759,7.199211045364892,14.250493096646943,11.789227166276346,4.0,-20.86986301369863,-4.0,289,579,47.13024282560706,16.114790286975715,31.898454746136867,11.789227166276346,4.0,-20.86986301369863,-4.0,289,347,0,0,0,11.789227166276346,4.0,-20.86986301369863,-4.0,289
small,516,432,20.808625336927225,5.498652291105121,20.59299191374663,7.067357512953368,3.0,-15.833333333333334,-1.0,382,432,88.53211009174312,23.394495412844037,87.61467889908256,7.067357512953368,3.0,-15.833333333333334,-1.0,382,351,0,0,0,7.067357512953368,3.0,-15.833333333333334,-1.0,382
