Type,#Files,Total Filtered Files,%% Grew,%% Decreased,%% Zero,Grew Average,Grew Median,Decreased Average,Decreased Median,Zero Total,Total Large Files,%% Large Grew,%% Large Decreased,%% Large Zero,Large Grew Average,Large Grew Median,Large Decreased Average,Large Decreased Median,Large Zero Total,Total Small Files,%% Small Grew,%% Small Decreased,%% Small Zero,Small Grew Average,Small Grew Median,Small Decreased Average,Small Decreased Median,Small Zero Total
large,6818,4960,21.36089577950043,13.440999138673556,21.399655469422914,23.858064516129033,7.0,-24.113425184235822,-6.0,4969,4959,72.94117647058823,45.89705882352941,73.07352941176471,23.858064516129033,7.0,-24.113425184235822,-6.0,4969,3097,0,0,0,23.858064516129033,7.0,-24.113425184235822,-6.0,4969
small,14740,10315,23.140838108978212,14.36166659987443,30.755153021012838,15.894995093228655,6.0,-16.057203981025022,-5.0,23023,10312,151.02877070619004,93.73147340889277,200.7236268526591,15.894995093228655,6.0,-16.057203981025022,-5.0,23023,7519,0,0,0,15.894995093228655,6.0,-16.057203981025022,-5.0,23023
