Type,Commits Amount,70% Threshould Large,70% Threshould Small,70% Threshould Flex,Large Files,Large Mean,Large Median,Large Min,Large Max,Commits Large Mean,Commits Large Median,Authors Large Mean,Authors Large Median,Small Files,Small Mean,Small Median,Small Min,Small Max,Commits Small Mean,Commits Small Median,Authors Small Mean,Authors Small Median
large,22122,6,2,1,212,4.278301886792453,4.0,1,11,164.87735849056602,45.5,15.632075471698114,10.0,2671,2.2508423811306626,1.0,1,16,17.907150879820293,5.0,4.732309996256084,3.0
small,22588,4,3,1,208,4.230769230769231,4.0,1,11,102.9423076923077,42.5,14.379807692307692,10.5,3307,2.2921076504384637,2.0,1,18,21.296945872391895,5.0,5.057756274569096,3.0
