Type,#Files,Total Filtered Files,%% Grew,%% Decreased,%% Zero,Grew Average,Grew Median,Decreased Average,Decreased Median,Zero Total,Total Large Files,%% Large Grew,%% Large Decreased,%% Large Zero,Large Grew Average,Large Grew Median,Large Decreased Average,Large Decreased Median,Large Zero Total,Total Small Files,%% Small Grew,%% Small Decreased,%% Small Zero,Small Grew Average,Small Grew Median,Small Decreased Average,Small Decreased Median,Small Zero Total
large,2962,1871,29.496284740752905,10.016831561229935,50.408473254238686,37.49860821155185,5.0,-49.61270491803279,-4.0,24558,1859,56.25146794018633,19.102794958114774,96.13246692241447,37.49860821155185,5.0,-49.61270491803279,-4.0,24558,1407,0,0,0,37.49860821155185,5.0,-49.61270491803279,-4.0,24558
small,4977,2927,23.213651392190616,8.353143700303303,57.864032570975766,31.341298334412336,4.0,-41.277396140006545,-4.0,42353,2913,96.05947535052013,34.56580732700136,239.44482134780642,31.341298334412336,4.0,-41.277396140006545,-4.0,42353,2355,0,0,0,31.341298334412336,4.0,-41.277396140006545,-4.0,42353
