Type,#Files,Total Filtered Files,%% Grew,%% Decreased,%% Zero,Grew Average,Grew Median,Decreased Average,Decreased Median,Zero Total,Total Large Files,%% Large Grew,%% Large Decreased,%% Large Zero,Large Grew Average,Large Grew Median,Large Decreased Average,Large Decreased Median,Large Zero Total,Total Small Files,%% Small Grew,%% Small Decreased,%% Small Zero,Small Grew Average,Small Grew Median,Small Decreased Average,Small Decreased Median,Small Zero Total
large,1275,911,20.986945918806484,6.0106154066848365,35.15994835748099,18.63021189336979,7.0,-13.436754176610979,-4.0,2451,911,125.47169811320755,35.93481989708405,210.20583190394512,18.63021189336979,7.0,-13.436754176610979,-4.0,2451,783,0,0,0,18.63021189336979,7.0,-13.436754176610979,-4.0,2451
small,1927,1313,19.945925067593663,7.508690614136733,44.27964465044419,15.03408210689388,6.0,-14.359053497942387,-4.0,5732,1313,154.24133811230584,58.06451612903226,342.4133811230585,15.03408210689388,6.0,-14.359053497942387,-4.0,5732,1089,0,0,0,15.03408210689388,6.0,-14.359053497942387,-4.0,5732
