Type,Commits Amount,70% Threshould Large,70% Threshould Small,70% Threshould Flex,Large Files,Large Mean,Large Median,Large Min,Large Max,Commits Large Mean,Commits Large Median,Authors Large Mean,Authors Large Median,Small Files,Small Mean,Small Median,Small Min,Small Max,Commits Small Mean,Commits Small Median,Authors Small Mean,Authors Small Median
large,901,8,1,1,19,6.2105263157894735,5.0,1,15,39.421052631578945,25.0,16.31578947368421,12.0,2241,2.252119589468987,1.0,1,15,4.836680053547523,3.0,3.531012940651495,2.0
small,2559,0,1,1,23,4.086956521739131,4.0,1,10,16.304347826086957,14.0,8.217391304347826,8.0,2648,2.3444108761329305,2.0,1,12,7.087990936555891,4.0,4.07666163141994,3.0
