Type,#Files,Total Filtered Files,%% Grew,%% Decreased,%% Zero,Grew Average,Grew Median,Decreased Average,Decreased Median,Zero Total,Total Large Files,%% Large Grew,%% Large Decreased,%% Large Zero,Large Grew Average,Large Grew Median,Large Decreased Average,Large Decreased Median,Large Zero Total,Total Small Files,%% Small Grew,%% Small Decreased,%% Small Zero,Small Grew Average,Small Grew Median,Small Decreased Average,Small Decreased Median,Small Zero Total
large,72282,50633,24.918096175478066,13.405160292463442,25.674564116985376,40.235445145090075,7.0,-35.306411433066735,-4.0,73039,50386,61.203926749035155,32.92580792775058,63.06196631008194,40.235445145090075,7.0,-35.306411433066735,-4.0,73039,30791,0,0,0,40.235445145090075,7.0,-35.306411433066735,-4.0,73039
small,104392,75892,17.921698568080647,11.627196375909667,25.185857974232178,35.78523720886581,6.0,-26.248740265689417,-3.0,89844,75624,65.11412362628968,42.24458409296925,91.50667630852591,35.78523720886581,6.0,-26.248740265689417,-3.0,89844,49956,0,0,0,35.78523720886581,6.0,-26.248740265689417,-3.0,89844
