Type,#Files,Total Filtered Files,%% Grew,%% Decreased,%% Zero,Grew Average,Grew Median,Decreased Average,Decreased Median,Zero Total,Total Large Files,%% Large Grew,%% Large Decreased,%% Large Zero,Large Grew Average,Large Grew Median,Large Decreased Average,Large Decreased Median,Large Zero Total,Total Small Files,%% Small Grew,%% Small Decreased,%% Small Zero,Small Grew Average,Small Grew Median,Small Decreased Average,Small Decreased Median,Small Zero Total
large,85611,43857,35.15390500853393,13.182272968041906,27.640515567064917,25.886388749372173,6.0,-27.525350477721226,-4.0,117410,43631,98.93462662240862,37.09924271034167,77.78948275062444,25.886388749372173,6.0,-27.525350477721226,-4.0,117410,29139,0,0,0,25.886388749372173,6.0,-27.525350477721226,-4.0,117410
small,122989,73058,31.61931749180262,12.23592276241752,29.087965024490952,22.49691969703953,6.0,-23.546343593679698,-4.0,179640,72837,149.8078236119955,57.97205962454641,137.81463609233674,22.49691969703953,6.0,-23.546343593679698,-4.0,179640,47079,0,0,0,22.49691969703953,6.0,-23.546343593679698,-4.0,179640
