Type,#Files,Total Filtered Files,%% Grew,%% Decreased,%% Zero,Grew Average,Grew Median,Decreased Average,Decreased Median,Zero Total,Total Large Files,%% Large Grew,%% Large Decreased,%% Large Zero,Large Grew Average,Large Grew Median,Large Decreased Average,Large Decreased Median,Large Zero Total,Total Small Files,%% Small Grew,%% Small Decreased,%% Small Zero,Small Grew Average,Small Grew Median,Small Decreased Average,Small Decreased Median,Small Zero Total
large,39633,14134,34.97438790271952,16.850303432839894,25.701261953070265,67.02502601456816,8.0,-83.41452483801297,-8.0,28248,14088,79.57933090427294,38.340510102683005,58.47962901623054,67.02502601456816,8.0,-83.41452483801297,-8.0,28248,5941,0,0,0,67.02502601456816,8.0,-83.41452483801297,-8.0,28248
small,77231,24352,27.947351927295514,14.56805599080748,33.249242661652566,40.57019511101144,6.0,-38.20210096084899,-5.0,63659,24161,152.71419601575434,79.60500028540442,181.68559849306467,40.57019511101144,6.0,-38.20210096084899,-5.0,63659,11924,0,0,0,40.57019511101144,6.0,-38.20210096084899,-5.0,63659
