Type,#Files,Total Filtered Files,%% Grew,%% Decreased,%% Zero,Grew Average,Grew Median,Decreased Average,Decreased Median,Zero Total,Total Large Files,%% Large Grew,%% Large Decreased,%% Large Zero,Large Grew Average,Large Grew Median,Large Decreased Average,Large Decreased Median,Large Zero Total,Total Small Files,%% Small Grew,%% Small Decreased,%% Small Zero,Small Grew Average,Small Grew Median,Small Decreased Average,Small Decreased Median,Small Zero Total
large,36994,24607,36.47240422566401,11.870676965962822,20.96484257968711,58.510741263236845,10.0,-103.4527597937013,-7.0,32189,24606,86.5892503711034,28.182211776348343,49.77269915883226,58.510741263236845,10.0,-103.4527597937013,-7.0,32189,11756,0,0,0,58.510741263236845,10.0,-103.4527597937013,-7.0,32189
small,89526,59231,28.511735616781188,10.425675483030954,23.42244735683308,36.01505538827347,8.0,-45.77657247037374,-5.0,73936,59222,100.22159862809292,36.64729070622035,82.33224204360705,36.01505538827347,8.0,-45.77657247037374,-5.0,73936,30608,0,0,0,36.01505538827347,8.0,-45.77657247037374,-5.0,73936
