Type,#Files,Total Filtered Files,%% Grew,%% Decreased,%% Zero,Grew Average,Grew Median,Decreased Average,Decreased Median,Zero Total,Total Large Files,%% Large Grew,%% Large Decreased,%% Large Zero,Large Grew Average,Large Grew Median,Large Decreased Average,Large Decreased Median,Large Zero Total,Total Small Files,%% Small Grew,%% Small Decreased,%% Small Zero,Small Grew Average,Small Grew Median,Small Decreased Average,Small Decreased Median,Small Zero Total
large,94966,69796,24.190580511149033,8.967649936715835,19.48551143289374,20.75741678976214,7.0,-16.514989014262838,-4.0,58348,69794,67.52710424998368,25.03286069860447,54.39307921059746,20.75741678976214,7.0,-16.514989014262838,-4.0,58348,39434,0,0,0,20.75741678976214,7.0,-16.514989014262838,-4.0,58348
small,116595,88325,22.083752128695597,8.953801446731834,19.905582260088845,19.18493102228511,6.0,-14.491362763915546,-4.0,76445,88321,78.045054661906,31.643170022453717,70.347296352192,19.18493102228511,6.0,-14.491362763915546,-4.0,76445,55303,0,0,0,19.18493102228511,6.0,-14.491362763915546,-4.0,76445
