Type,Commits Amount,70% Threshould Large,70% Threshould Small,70% Threshould Flex,Large Files,Large Mean,Large Median,Large Min,Large Max,Commits Large Mean,Commits Large Median,Authors Large Mean,Authors Large Median,Small Files,Small Mean,Small Median,Small Min,Small Max,Commits Small Mean,Commits Small Median,Authors Small Mean,Authors Small Median
large,44819,37,1,1,1710,3.721637426900585,2.0,1,32,45.12280701754386,21.0,10.91812865497076,6.0,187741,1.559638011941984,1.0,1,29,4.229262654401542,2.0,2.4530017417612564,2.0
small,42350,1,2,1,1661,3.5659241420830825,2.0,1,28,26.912101143889224,15.0,8.82901866345575,5.0,210622,1.6188954620125153,1.0,1,38,4.541534122741214,2.0,2.5874505037460476,2.0
