Type,#Files,Total Filtered Files,%% Grew,%% Decreased,%% Zero,Grew Average,Grew Median,Decreased Average,Decreased Median,Zero Total,Total Large Files,%% Large Grew,%% Large Decreased,%% Large Zero,Large Grew Average,Large Grew Median,Large Decreased Average,Large Decreased Median,Large Zero Total,Total Small Files,%% Small Grew,%% Small Decreased,%% Small Zero,Small Grew Average,Small Grew Median,Small Decreased Average,Small Decreased Median,Small Zero Total
large,77891,52103,31.520999407742025,12.52496863975633,20.2486012043805,42.685553234446296,7.0,-55.11909656954887,-5.0,55044,51821,76.57393588975971,30.426895202008918,49.18990893736428,42.685553234446296,7.0,-55.11909656954887,-5.0,55044,24449,0,0,0,42.685553234446296,7.0,-55.11909656954887,-5.0,55044
small,95033,62564,28.021868544042956,11.319837943461982,19.33282763490438,32.53064381323054,7.0,-34.219405243491956,-5.0,55306,62358,92.52103459021502,37.375206306337496,63.83204644345186,32.53064381323054,7.0,-34.219405243491956,-5.0,55306,30532,0,0,0,32.53064381323054,7.0,-34.219405243491956,-5.0,55306
