Type,#Files,Total Filtered Files,%% Grew,%% Decreased,%% Zero,Grew Average,Grew Median,Decreased Average,Decreased Median,Zero Total,Total Large Files,%% Large Grew,%% Large Decreased,%% Large Zero,Large Grew Average,Large Grew Median,Large Decreased Average,Large Decreased Median,Large Zero Total,Total Small Files,%% Small Grew,%% Small Decreased,%% Small Zero,Small Grew Average,Small Grew Median,Small Decreased Average,Small Decreased Median,Small Zero Total
large,94044,59165,24.09160100286533,7.691171203438396,17.762804441260744,19.334838601772873,5.0,-26.44187670993655,-4.0,39675,56503,54.23293221261414,17.313700590594827,39.986091794158554,19.334838601772873,5.0,-26.44187670993655,-4.0,39675,32389,0,0,0,19.334838601772873,5.0,-26.44187670993655,-4.0,39675
small,97728,62448,17.19676285748645,6.283655280844829,22.96910283762176,16.838280238280237,5.0,-15.650978168415083,-3.0,51570,59804,52.38734888264746,19.142209739352246,69.97191354255709,16.838280238280237,5.0,-15.650978168415083,-3.0,51570,34180,0,0,0,16.838280238280237,5.0,-15.650978168415083,-3.0,51570
