Type,Commits Amount,70% Threshould Large,70% Threshould Small,70% Threshould Flex,Large Files,Large Mean,Large Median,Large Min,Large Max,Commits Large Mean,Commits Large Median,Authors Large Mean,Authors Large Median,Small Files,Small Mean,Small Median,Small Min,Small Max,Commits Small Mean,Commits Small Median,Authors Small Mean,Authors Small Median
large,43387,11,3,1,2324,2.8528399311531842,2.0,1,16,46.533562822719446,14.0,8.185886402753873,4.0,132406,1.4164463846049273,1.0,1,12,3.222172711206441,2.0,2.054181834660061,1.0
small,32092,1,2,1,1875,2.803733333333333,2.0,1,14,26.581866666666667,9.0,6.758933333333333,4.0,144312,1.4675979821497867,1.0,1,12,3.4786088474970898,2.0,2.1490936304673207,1.0
