Type,#Files,Total Filtered Files,%% Grew,%% Decreased,%% Zero,Grew Average,Grew Median,Decreased Average,Decreased Median,Zero Total,Total Large Files,%% Large Grew,%% Large Decreased,%% Large Zero,Large Grew Average,Large Grew Median,Large Decreased Average,Large Decreased Median,Large Zero Total,Total Small Files,%% Small Grew,%% Small Decreased,%% Small Zero,Small Grew Average,Small Grew Median,Small Decreased Average,Small Decreased Median,Small Zero Total
large,13056,9767,34.86845827439887,9.536067892503535,13.355021216407357,25.479717669965925,6.0,-37.98427766241471,-5.0,4721,9756,62.30287100687424,17.039021431459766,23.862717347351396,25.479717669965925,6.0,-37.98427766241471,-5.0,4721,2809,0,0,0,25.479717669965925,6.0,-37.98427766241471,-5.0,4721
small,37924,31973,21.344564526382708,5.913714384788765,10.76691903138184,21.752183036620863,6.0,-27.295382360127046,-5.0,7452,31962,39.46201517256117,10.933326210065179,19.905972860348328,21.752183036620863,6.0,-27.295382360127046,-5.0,7452,6259,0,0,0,21.752183036620863,6.0,-27.295382360127046,-5.0,7452
