Type,#Files,Total Filtered Files,%% Grew,%% Decreased,%% Zero,Grew Average,Grew Median,Decreased Average,Decreased Median,Zero Total,Total Large Files,%% Large Grew,%% Large Decreased,%% Large Zero,Large Grew Average,Large Grew Median,Large Decreased Average,Large Decreased Median,Large Zero Total,Total Small Files,%% Small Grew,%% Small Decreased,%% Small Zero,Small Grew Average,Small Grew Median,Small Decreased Average,Small Decreased Median,Small Zero Total
large,125067,61269,34.63103483461212,12.30323558471229,23.939494242346566,25.910515120156376,6.0,-45.40043692855409,-4.0,96192,61208,76.20716660186093,27.073829252397356,52.67994545364929,25.910515120156376,6.0,-45.40043692855409,-4.0,96192,30876,0,0,0,25.910515120156376,6.0,-45.40043692855409,-4.0,96192
small,135994,69651,28.963681374400984,11.122516951343183,25.910451174166354,21.85126449210068,6.0,-31.254664908713043,-4.0,104245,69541,104.4456793553765,40.10881158744813,93.43545250024648,21.85126449210068,6.0,-31.254664908713043,-4.0,104245,37456,0,0,0,21.85126449210068,6.0,-31.254664908713043,-4.0,104245
