Type,Commits Amount,70% Threshould Large,70% Threshould Small,70% Threshould Flex,Large Files,Large Mean,Large Median,Large Min,Large Max,Commits Large Mean,Commits Large Median,Authors Large Mean,Authors Large Median,Small Files,Small Mean,Small Median,Small Min,Small Max,Commits Small Mean,Commits Small Median,Authors Small Mean,Authors Small Median
large,86747,79,1,1,1737,5.298215313759355,3.0,1,65,88.56764536557283,32.0,18.94818652849741,9.0,148277,1.467793386701916,1.0,0,53,4.389959332870236,2.0,2.379762201824963,1.0
small,37248,8,3,1,656,3.4253048780487805,3.0,1,26,44.40243902439025,21.0,10.327743902439025,7.0,41983,1.6325893814162875,1.0,1,36,5.992258771407474,2.0,2.756663411380797,2.0
