Type,Commits Amount,70% Threshould Large,70% Threshould Small,70% Threshould Flex,Large Files,Large Mean,Large Median,Large Min,Large Max,Commits Large Mean,Commits Large Median,Authors Large Mean,Authors Large Median,Small Files,Small Mean,Small Median,Small Min,Small Max,Commits Small Mean,Commits Small Median,Authors Small Mean,Authors Small Median
large,11125,34,2,2,251,3.147410358565737,2.0,1,18,61.386454183266935,23.0,10.752988047808765,6.0,16088,1.3860019890601691,1.0,1,15,3.830619094977623,2.0,2.0946668324216806,1.0
small,17450,10,3,1,265,2.8754716981132074,2.0,1,17,39.1811320754717,17.0,8.441509433962263,5.0,21270,1.4218617771509168,1.0,1,19,5.110907381288199,2.0,2.2723084156088387,1.0
