Type,#Files,Total Filtered Files,%% Grew,%% Decreased,%% Zero,Grew Average,Grew Median,Decreased Average,Decreased Median,Zero Total,Total Large Files,%% Large Grew,%% Large Decreased,%% Large Zero,Large Grew Average,Large Grew Median,Large Decreased Average,Large Decreased Median,Large Zero Total,Total Small Files,%% Small Grew,%% Small Decreased,%% Small Zero,Small Grew Average,Small Grew Median,Small Decreased Average,Small Decreased Median,Small Zero Total
large,9849,4922,30.67139899438036,11.745785270629991,21.28438331854481,19.055086788813885,6.0,-18.222536984576646,-5.0,5757,4921,74.67146714671468,28.595859585958593,51.81818181818182,19.055086788813885,6.0,-18.222536984576646,-5.0,5757,2599,0,0,0,19.055086788813885,6.0,-18.222536984576646,-5.0,5757
small,17567,8835,27.392841635134296,11.510865744474081,23.37323987345698,15.755283816425122,6.0,-16.410454463804562,-4.0,11304,8833,104.38893704199828,43.86573162083366,89.07099519344416,15.755283816425122,6.0,-16.410454463804562,-4.0,11304,5048,0,0,0,15.755283816425122,6.0,-16.410454463804562,-4.0,11304
