Type,Commits Amount,70% Threshould Large,70% Threshould Small,70% Threshould Flex,Large Files,Large Mean,Large Median,Large Min,Large Max,Commits Large Mean,Commits Large Median,Authors Large Mean,Authors Large Median,Small Files,Small Mean,Small Median,Small Min,Small Max,Commits Small Mean,Commits Small Median,Authors Small Mean,Authors Small Median
large,89397,28,3,1,2200,2.7995454545454543,2.0,1,39,67.46181818181819,18.0,10.306818181818182,5.0,161341,1.4992593327176602,1.0,1,25,4.027153668317415,2.0,2.2780074500591914,1.0
small,88651,9,3,1,2098,2.4799809342230694,2.0,1,18,37.71210676835081,13.0,7.546711153479504,4.0,188882,1.563245836024608,1.0,0,27,4.582517127095223,2.0,2.4309727766542073,2.0
