Type,Added Average,Added Median,Added Max,Deleted Average,Deleted Median,Deleted Min,Zero Count
large,21.365160152176003,4.0,210080,-21.972748826613127,-3.0,-824753,3349179
small,18.798111817132686,4.0,210080,-18.00040087748927,-3.0,-130420,3636287
