Type,Added Average,Added Median,Added Max,Deleted Average,Deleted Median,Deleted Min,Zero Count
large,51.50647668393783,7.0,5158,-27.808988764044944,-9.0,-593,2110
small,14.43711001642036,3.0,5158,-9.880178457616315,-2.0,-690,6229
