Type,Added Average,Added Median,Added Max,Deleted Average,Deleted Median,Deleted Min,Zero Count
large,31.462047661076788,7.0,5280,-22.518488745980708,-2.5,-2646,3068
small,19.591348737238043,7.0,2850,-16.62633996937213,-3.0,-898,4441
