Type,Added Average,Added Median,Added Max,Deleted Average,Deleted Median,Deleted Min,Zero Count
large,24.80679216484355,11.0,1364,-36.47834101382489,-6.0,-4611,1991
small,24.266250570863146,10.0,1364,-37.009643201542914,-6.0,-4611,3638
