Type,Added Average,Added Median,Added Max,Deleted Average,Deleted Median,Deleted Min,Zero Count
large,16.789081885856078,8.0,257,-12.119266055045872,-2.0,-245,328
small,12.276712328767124,5.0,185,-10.426356589147288,-2.0,-292,363
