Type,Added Average,Added Median,Added Max,Deleted Average,Deleted Median,Deleted Min,Zero Count
large,38.265625,4.0,1375,-10.631046931407942,-1.0,-2062,134
small,23.95906432748538,1.0,12250,-16.913440860215054,-1.0,-8901,3146
