Type,Added Average,Added Median,Added Max,Deleted Average,Deleted Median,Deleted Min,Zero Count
large,17.165420560747663,5.0,4130,-21.67948717948718,-4.0,-3025,2944
small,21.18388683886839,5.0,9742,-22.24,-4.0,-3025,2950
