Type,Added Average,Added Median,Added Max,Deleted Average,Deleted Median,Deleted Min,Zero Count
large,38.4125,4.0,3794,-4.476584022038567,-2.0,-120,71
small,19.581475978207035,5.0,3794,-23.241560390097526,-3.0,-2688,1714
