Type,Added Average,Added Median,Added Max,Deleted Average,Deleted Median,Deleted Min,Zero Count
large,39.99523428647604,6.0,68602,-51.60037084811351,-3.0,-68602,25518
small,22.1533350176857,5.0,32546,-25.513242581306603,-3.0,-7062,37136
