Type,Added Average,Added Median,Added Max,Deleted Average,Deleted Median,Deleted Min,Zero Count
large,29.735021097046413,8.0,1670,-46.606628242074926,-6.0,-15025,4291
small,24.352982385908728,7.0,1448,-64.60461811722912,-7.0,-15025,6216
