Type,Added Average,Added Median,Added Max,Deleted Average,Deleted Median,Deleted Min,Zero Count
large,28.311622276029055,5.0,19359,-28.406139133117385,-3.0,-17095,11268
small,25.575969948418926,5.0,19359,-30.864879299295023,-4.0,-17095,15907
