Type,Added Average,Added Median,Added Max,Deleted Average,Deleted Median,Deleted Min,Zero Count
large,35.92333756882677,6.0,2810,-117.09897610921502,-3.0,-3388,719
small,20.93576709796673,5.0,2810,-49.39389481426995,-3.0,-3388,4506
