Type,Added Average,Added Median,Added Max,Deleted Average,Deleted Median,Deleted Min,Zero Count
large,11.394638069705094,6.0,399,-8.604240282685513,-4.0,-256,585
small,12.812313803376366,6.0,399,-8.708333333333334,-4.0,-256,688
