Type,Added Average,Added Median,Added Max,Deleted Average,Deleted Median,Deleted Min,Zero Count
large,35.32945383615085,6.0,16556,-45.84863275507204,-5.0,-112362,49520
small,32.40250361097737,5.0,114331,-31.673109851223316,-4.0,-102225,67871
