Type,Added Average,Added Median,Added Max,Deleted Average,Deleted Median,Deleted Min,Zero Count
large,21.0176394532693,6.0,1550,-22.135961930659416,-6.0,-1476,8358
small,21.330921837708832,6.0,4908,-21.752468387320285,-6.0,-2398,10041
