Type,Added Average,Added Median,Added Max,Deleted Average,Deleted Median,Deleted Min,Zero Count
large,38.458321559762645,8.0,7017,-53.50188323917138,-4.0,-9867,7389
small,26.266361805672094,6.0,10593,-30.662078324932143,-3.0,-9867,20126
