Type,Added Average,Added Median,Added Max,Deleted Average,Deleted Median,Deleted Min,Zero Count
large,112.86754966887418,23.0,1322,-508.2238805970149,-13.0,-15703,682
small,34.33373493975903,7.0,1322,-110.4144385026738,-8.0,-15703,1046
