Type,Added Average,Added Median,Added Max,Deleted Average,Deleted Median,Deleted Min,Zero Count
large,20.29223480471458,6.0,6439,-24.71045708648471,-4.0,-7141,26330
small,21.50339228897623,6.0,6439,-28.940514590053258,-4.0,-8708,27634
