Type,Added Average,Added Median,Added Max,Deleted Average,Deleted Median,Deleted Min,Zero Count
large,38.385008853039544,8.0,18293,-37.27931904161412,-4.0,-10927,3631
small,43.04204979853291,7.0,43817,-33.45410460685833,-4.0,-10927,5862
