Type,Added Average,Added Median,Added Max,Deleted Average,Deleted Median,Deleted Min,Zero Count
large,31.115920976176643,5.0,16884,-17.37861635220126,-3.0,-1176,3164
small,11.981030577576444,3.0,510,-11.774774774774775,-1.0,-621,3262
