Type,Added Average,Added Median,Added Max,Deleted Average,Deleted Median,Deleted Min,Zero Count
large,37.327188940092164,14.0,1234,-58.61764705882353,-5.0,-1292,87
small,23.470394736842106,10.0,1234,-27.074626865671643,-4.0,-1292,273
