Type,Added Average,Added Median,Added Max,Deleted Average,Deleted Median,Deleted Min,Zero Count
large,22.29683698296837,6.0,5872,-27.301167315175096,-6.0,-10154,2580
small,16.502493765586035,5.0,5872,-22.019571295433366,-6.0,-1153,2916
