Type,Added Average,Added Median,Added Max,Deleted Average,Deleted Median,Deleted Min,Zero Count
large,37.9897859922179,7.0,8098,-16.253658536585366,-2.0,-1116,2300
small,29.79254947613504,6.0,8098,-28.85253199777407,-4.0,-4378,4565
