Type,#Files,Total Filtered Files,%% Grew,%% Decreased,%% Zero,Grew Average,Grew Median,Decreased Average,Decreased Median,Zero Total,Total Large Files,%% Large Grew,%% Large Decreased,%% Large Zero,Large Grew Average,Large Grew Median,Large Decreased Average,Large Decreased Median,Large Zero Total,Total Small Files,%% Small Grew,%% Small Decreased,%% Small Zero,Small Grew Average,Small Grew Median,Small Decreased Average,Small Decreased Median,Small Zero Total
large,110,98,36.875,12.375,19.625,21.128813559322033,5.0,-11.676767676767676,-5.0,157,93,270.64220183486236,90.82568807339449,144.03669724770643,21.128813559322033,5.0,-11.676767676767676,-5.0,157,79,0,0,0,21.128813559322033,5.0,-11.676767676767676,-5.0,157
small,135,110,40.73410922112802,17.367949865711726,17.00984780662489,30.375824175824174,6.0,-23.22680412371134,-4.0,190,106,339.55223880597015,144.77611940298507,141.7910447761194,30.375824175824174,6.0,-23.22680412371134,-4.0,190,85,0,0,0,30.375824175824174,6.0,-23.22680412371134,-4.0,190
