Type,#Files,Total Filtered Files,%% Grew,%% Decreased,%% Zero,Grew Average,Grew Median,Decreased Average,Decreased Median,Zero Total,Total Large Files,%% Large Grew,%% Large Decreased,%% Large Zero,Large Grew Average,Large Grew Median,Large Decreased Average,Large Decreased Median,Large Zero Total,Total Small Files,%% Small Grew,%% Small Decreased,%% Small Zero,Small Grew Average,Small Grew Median,Small Decreased Average,Small Decreased Median,Small Zero Total
large,522,57,33.02752293577982,17.12538226299694,12.232415902140673,60.842592592592595,25.0,-91.875,-68.0,40,1,192.85714285714286,100.0,71.42857142857143,60.842592592592595,25.0,-91.875,-68.0,40,56,0,0,0,60.842592592592595,25.0,-91.875,-68.0,40
small,1251,415,20.67238912732475,5.007153075822604,9.799713876967097,24.273356401384085,8.0,-9.785714285714286,-2.0,137,408,69.13875598086125,16.74641148325359,32.77511961722488,24.273356401384085,8.0,-9.785714285714286,-2.0,137,304,0,0,0,24.273356401384085,8.0,-9.785714285714286,-2.0,137
