Type,Commits Amount,70% Threshould Large,70% Threshould Small,70% Threshould Flex,Large Files,Large Mean,Large Median,Large Min,Large Max,Commits Large Mean,Commits Large Median,Authors Large Mean,Authors Large Median,Small Files,Small Mean,Small Median,Small Min,Small Max,Commits Small Mean,Commits Small Median,Authors Small Mean,Authors Small Median
large,5492,22,2,1,44,14.931818181818182,14.0,1,63,135.1590909090909,98.0,49.59090909090909,42.5,3111,2.6001285760205723,1.0,1,36,6.465445194471231,2.0,4.388942462230794,2.0
small,7293,1,2,1,36,11.805555555555555,12.0,1,28,60.80555555555556,31.5,28.86111111111111,22.5,3819,2.8567687876407435,1.0,1,25,8.427075150562974,3.0,5.132495417648599,2.0
