Type,#Files,Total Filtered Files,%% Grew,%% Decreased,%% Zero,Grew Average,Grew Median,Decreased Average,Decreased Median,Zero Total,Total Large Files,%% Large Grew,%% Large Decreased,%% Large Zero,Large Grew Average,Large Grew Median,Large Decreased Average,Large Decreased Median,Large Zero Total,Total Small Files,%% Small Grew,%% Small Decreased,%% Small Zero,Small Grew Average,Small Grew Median,Small Decreased Average,Small Decreased Median,Small Zero Total
large,1266,929,49.87455773560631,13.316178835638471,22.79832743647475,29.427963369018446,10.0,-20.522705314009663,-5.0,3544,42,132.05586782490207,35.258048032703115,60.36450349173905,29.427963369018446,10.0,-20.522705314009663,-5.0,3544,887,0,0,0,29.427963369018446,10.0,-20.522705314009663,-5.0,3544
small,7966,5413,34.75069756156739,11.779691859759795,17.545189858061384,26.090329900506198,8.0,-14.195417095777549,-4.0,5785,5412,170.78551199880758,57.89238336562826,86.22745565658072,26.090329900506198,8.0,-14.195417095777549,-4.0,5785,3548,0,0,0,26.090329900506198,8.0,-14.195417095777549,-4.0,5785
