Type,#Files,Total Filtered Files,%% Grew,%% Decreased,%% Zero,Grew Average,Grew Median,Decreased Average,Decreased Median,Zero Total,Total Large Files,%% Large Grew,%% Large Decreased,%% Large Zero,Large Grew Average,Large Grew Median,Large Decreased Average,Large Decreased Median,Large Zero Total,Total Small Files,%% Small Grew,%% Small Decreased,%% Small Zero,Small Grew Average,Small Grew Median,Small Decreased Average,Small Decreased Median,Small Zero Total
large,454,264,29.866117404737384,5.76725025746653,11.431513903192585,41.813793103448276,17.0,-23.553571428571427,-4.0,111,254,90.34267912772586,17.445482866043612,34.57943925233645,41.813793103448276,17.0,-23.553571428571427,-4.0,111,145,0,0,0,41.813793103448276,17.0,-23.553571428571427,-4.0,111
small,1577,809,15.97254004576659,4.164759725400458,9.061784897025172,27.98567335243553,8.0,-65.98901098901099,-6.0,198,770,44.91634491634492,11.711711711711711,25.482625482625483,27.98567335243553,8.0,-65.98901098901099,-6.0,198,472,0,0,0,27.98567335243553,8.0,-65.98901098901099,-6.0,198
