Type,#Files,Total Filtered Files,%% Grew,%% Decreased,%% Zero,Grew Average,Grew Median,Decreased Average,Decreased Median,Zero Total,Total Large Files,%% Large Grew,%% Large Decreased,%% Large Zero,Large Grew Average,Large Grew Median,Large Decreased Average,Large Decreased Median,Large Zero Total,Total Small Files,%% Small Grew,%% Small Decreased,%% Small Zero,Small Grew Average,Small Grew Median,Small Decreased Average,Small Decreased Median,Small Zero Total
large,1241,692,41.40893470790378,6.426116838487972,7.353951890034365,39.24896265560166,13.0,-106.9144385026738,-6.0,214,644,100.0,15.518672199170124,17.759336099585063,39.24896265560166,13.0,-106.9144385026738,-6.0,214,400,0,0,0,39.24896265560166,13.0,-106.9144385026738,-6.0,214
small,2994,1676,42.40932919653365,10.024606825719482,12.41039905852145,23.518920282542886,8.0,-24.76520811099253,-4.0,1160,1548,169.54662104362703,40.07698887938409,49.615055603079554,23.518920282542886,8.0,-24.76520811099253,-4.0,1160,1040,0,0,0,23.518920282542886,8.0,-24.76520811099253,-4.0,1160
