Type,Commits Amount,70% Threshould Large,70% Threshould Small,70% Threshould Flex,Large Files,Large Mean,Large Median,Large Min,Large Max,Commits Large Mean,Commits Large Median,Authors Large Mean,Authors Large Median,Small Files,Small Mean,Small Median,Small Min,Small Max,Commits Small Mean,Commits Small Median,Authors Small Mean,Authors Small Median
large,1367,2,1,1,74,2.635135135135135,2.0,1,8,24.12162162162162,16.5,6.6891891891891895,4.0,2666,1.2843210802700675,1.0,1,9,2.9939984996249063,1.0,1.8507126781695424,1.0
small,2708,2,1,1,67,2.5223880597014925,2.0,1,7,26.82089552238806,13.0,6.970149253731344,5.0,3393,1.3834364868847628,1.0,1,11,4.336575302092544,2.0,2.2186855290303567,1.0
