Type,#Files,Total Filtered Files,%% Grew,%% Decreased,%% Zero,Grew Average,Grew Median,Decreased Average,Decreased Median,Zero Total,Total Large Files,%% Large Grew,%% Large Decreased,%% Large Zero,Large Grew Average,Large Grew Median,Large Decreased Average,Large Decreased Median,Large Zero Total,Total Small Files,%% Small Grew,%% Small Decreased,%% Small Zero,Small Grew Average,Small Grew Median,Small Decreased Average,Small Decreased Median,Small Zero Total
large,342,260,47.09182167109536,15.73664009447889,19.368172423974016,24.665203761755485,10.0,-12.51594746716698,-4.0,656,255,103.30310880829015,34.520725388601036,42.487046632124354,24.665203761755485,10.0,-12.51594746716698,-4.0,656,170,0,0,0,24.665203761755485,10.0,-12.51594746716698,-4.0,656
small,1143,852,37.37158364024036,16.592362861019577,26.322930800542743,19.59310165975104,6.0,-9.129672897196262,-2.0,2716,828,246.54731457800509,109.46291560102301,173.65728900255755,19.59310165975104,6.0,-9.129672897196262,-2.0,2716,608,0,0,0,19.59310165975104,6.0,-9.129672897196262,-2.0,2716
