Type,#Files,Total Filtered Files,%% Grew,%% Decreased,%% Zero,Grew Average,Grew Median,Decreased Average,Decreased Median,Zero Total,Total Large Files,%% Large Grew,%% Large Decreased,%% Large Zero,Large Grew Average,Large Grew Median,Large Decreased Average,Large Decreased Median,Large Zero Total,Total Small Files,%% Small Grew,%% Small Decreased,%% Small Zero,Small Grew Average,Small Grew Median,Small Decreased Average,Small Decreased Median,Small Zero Total
large,371,301,23.972602739726025,7.648401826484018,16.210045662100455,55.50952380952381,7.0,-15.298507462686567,-2.0,142,275,42.0,13.4,28.4,55.50952380952381,7.0,-15.298507462686567,-2.0,142,125,0,0,0,55.50952380952381,7.0,-15.298507462686567,-2.0,142
small,716,614,7.315436241610739,1.74496644295302,15.973154362416109,18.06422018348624,3.0,-9.115384615384615,-4.5,238,584,18.22742474916388,4.3478260869565215,39.79933110367893,18.06422018348624,3.0,-9.115384615384615,-4.5,238,311,0,0,0,18.06422018348624,3.0,-9.115384615384615,-4.5,238
