Type,#Files,Total Filtered Files,%% Grew,%% Decreased,%% Zero,Grew Average,Grew Median,Decreased Average,Decreased Median,Zero Total,Total Large Files,%% Large Grew,%% Large Decreased,%% Large Zero,Large Grew Average,Large Grew Median,Large Decreased Average,Large Decreased Median,Large Zero Total,Total Small Files,%% Small Grew,%% Small Decreased,%% Small Zero,Small Grew Average,Small Grew Median,Small Decreased Average,Small Decreased Median,Small Zero Total
large,1442,1382,40.978980147917476,11.512261580381471,16.348773841961854,15.623367371170744,4.0,-24.095519864750635,-2.0,1680,1381,91.20641108945202,25.622698722113928,36.3872644574399,15.623367371170744,4.0,-24.095519864750635,-2.0,1680,1050,0,0,0,15.623367371170744,4.0,-24.095519864750635,-2.0,1680
small,799,772,37.890264178828744,10.271568446332903,16.885276186957324,16.175036567528036,4.0,-13.352517985611511,-2.0,914,4,1577.6923076923078,427.6923076923077,703.0769230769231,16.175036567528036,4.0,-13.352517985611511,-2.0,914,768,0,0,0,16.175036567528036,4.0,-13.352517985611511,-2.0,914
