Type,#Files,#Files Filtered by Language,Total Files,Only Added,Time Average,Time Median,Total Large Files,Only Added Large,Time Large Average,Time Large Median,Total Small Files,Only Added Small,Time Small Average,Time Small Median,Large p/ Small (Average),Large p/ Small (Median)
large,1823,1243,1241,748,11690209.02980626,4569837.0,5,3,941971.0703812317,451584.0,1236,745,13882283.876794258,5785122.0,14.737484316982114,12.810732886904763
small,1517,903,901,506,15344175.535421327,5785122.0,6,2,3240012.3113207547,1674765.5,895,504,16383075.374898786,6049828.0,5.056485531754171,3.6123433400078997
