Type,#Files,#Files Filtered by Language,Total Files,Only Added,Time Average,Time Median,Total Large Files,Only Added Large,Time Large Average,Time Large Median,Total Small Files,Only Added Small,Time Small Average,Time Small Median,Large p/ Small (Average),Large p/ Small (Median)
large,718,504,390,139,4980579.607,600807.0,13,1,1784736.7247446084,366391.5,377,138,9529105.583198708,1639381.0,5.339221999010695,4.474396922417687
small,2364,1346,1037,429,6261580.47080145,730663.5,15,3,3263504.1952326903,966864.0,1022,426,6908166.810771114,673638.0,2.1167942179643977,0.6967246686193715
