Type,#Files,#Files Filtered by Language,Total Files,Only Added,Time Average,Time Median,Total Large Files,Only Added Large,Time Large Average,Time Large Median,Total Small Files,Only Added Small,Time Small Average,Time Small Median,Large p/ Small (Average),Large p/ Small (Median)
large,12760,6401,6223,2239,10969636.99044974,1690219.0,119,11,1742475.555657514,587354.0,6104,2228,15832957.651437925,3919582.0,9.086473322412516,6.6732873190614175
small,15971,7203,6918,2012,13463545.913421428,3022558.0,93,12,3652897.2357644304,1361630.5,6825,2000,15034278.887258422,3698149.0,4.11571361495261,2.7159710361952087
