Type,#Files,#Files Filtered by Language,Total Files,Only Added,Time Average,Time Median,Total Large Files,Only Added Large,Time Large Average,Time Large Median,Total Small Files,Only Added Small,Time Small Average,Time Small Median,Large p/ Small (Average),Large p/ Small (Median)
large,736,404,392,152,4805393.805569749,673358.0,5,0,2835494.6790830945,772213.0,387,152,4998239.4704067325,672673.0,1.7627398518070923,0.8710977411672686
small,1267,771,739,227,5895969.953437613,673358.0,3,0,2196885.7680608365,725545.0,736,227,6081807.420630372,666771.0,2.7683767217440294,0.9189933084784542
