Type,#Files,#Files Filtered by Language,Total Files,Only Added,Time Average,Time Median,Total Large Files,Only Added Large,Time Large Average,Time Large Median,Total Small Files,Only Added Small,Time Small Average,Time Small Median,Large p/ Small (Average),Large p/ Small (Median)
large,127,107,106,25,6583887.047169811,472728.0,20,0,3535971.507713885,338349.5,86,25,18143268.853723403,3610667.0,5.131056292207962,10.671412252715019
small,490,411,402,56,8984008.761239368,794132.5,13,0,5718192.032967033,351820.5,389,56,9390005.103142077,925440.0,1.6421283246533132,2.6304322800973794
