Type,#Files,#Files Filtered by Language,Total Files,Only Added,Time Average,Time Median,Total Large Files,Only Added Large,Time Large Average,Time Large Median,Total Small Files,Only Added Small,Time Small Average,Time Small Median,Large p/ Small (Average),Large p/ Small (Median)
large,832,117,99,78,1909837.6852791877,406764.0,12,11,1974146.1657142858,520730.0,87,67,1398292.9545454546,0.0,0.7083026469012866,0.0
small,1179,220,186,128,5365196.57437276,306303.0,12,10,6243082.647058823,871506.0,174,118,5292819.934044617,235605.0,0.8477895029209834,0.2703423728580182
