Type,#Files,#Files Filtered by Language,Total Files,Only Added,Time Average,Time Median,Total Large Files,Only Added Large,Time Large Average,Time Large Median,Total Small Files,Only Added Small,Time Small Average,Time Small Median,Large p/ Small (Average),Large p/ Small (Median)
large,81657,35358,34465,15695,7020116.102155241,1058409.0,204,12,729207.1952610795,12528.0,34261,15683,9892844.165202616,2786302.0,13.566575082491694,222.4059706257982
small,77131,35459,34373,15296,9242362.28470732,2300293.0,123,13,1009872.8773196428,10783.0,34250,15283,10538453.277775906,3164344.5,10.435425601038592,293.4567838263934
