Type,#Files,#Files Filtered by Language,Total Files,Only Added,Time Average,Time Median,Total Large Files,Only Added Large,Time Large Average,Time Large Median,Total Small Files,Only Added Small,Time Small Average,Time Small Median,Large p/ Small (Average),Large p/ Small (Median)
large,598,501,501,134,16214163.947661106,492724.0,18,3,2611535.920219245,124651.5,483,131,31998980.358303886,3348176.0,12.252935182916225,26.86029450106898
small,1104,955,947,260,27916349.559880238,2065203.0,4,1,5569611.2949640285,525569.0,943,259,28886732.758512966,2202356.0,5.186489905432356,4.190422190045456
