Type,#Files,#Files Filtered by Language,Total Files,Only Added,Time Average,Time Median,Total Large Files,Only Added Large,Time Large Average,Time Large Median,Total Small Files,Only Added Small,Time Small Average,Time Small Median,Large p/ Small (Average),Large p/ Small (Median)
large,1570,1270,1260,624,5512727.522490105,596476.0,26,9,768218.1930279993,169864.0,1234,615,9983658.644941464,2944516.0,12.995863330950286,17.334549992935525
small,2148,1729,1715,856,8009735.495911496,1879295.0,12,9,2209027.780911063,809198.0,1703,847,8278924.770787195,1986123.5,3.7477685171404875,2.4544345141732924
