Type,#Files,#Files Filtered by Language,Total Files,Only Added,Time Average,Time Median,Total Large Files,Only Added Large,Time Large Average,Time Large Median,Total Small Files,Only Added Small,Time Small Average,Time Small Median,Large p/ Small (Average),Large p/ Small (Median)
large,279,151,151,93,20066427.23181818,2349699.5,7,3,5326206.8125,758752.0,144,90,33281797.262931034,9453355.0,6.248686623437613,12.459084127620091
small,357,214,213,88,34900412.89445438,10215567.0,6,3,25364693.88,10567107.0,207,85,35346841.68726592,10213573.5,1.3935449745418302,0.9665439651552691
