Type,#Files,#Files Filtered by Language,Total Files,Only Added,Time Average,Time Median,Total Large Files,Only Added Large,Time Large Average,Time Large Median,Total Small Files,Only Added Small,Time Small Average,Time Small Median,Large p/ Small (Average),Large p/ Small (Median)
large,39,24,20,11,4396570.588541667,572997.0,2,0,3074783.35443038,629670.0,18,11,10538993.61764706,502356.5,3.4275564821377356,0.797809169882637
small,78,45,41,13,11648102.955974843,3291795.0,2,0,7361692.622950819,3236454.0,39,13,12665499.961089494,3301393.0,1.72046030848986,1.0200648611103387
