Type,#Files,#Files Filtered by Language,Total Files,Only Added,Time Average,Time Median,Total Large Files,Only Added Large,Time Large Average,Time Large Median,Total Small Files,Only Added Small,Time Small Average,Time Small Median,Large p/ Small (Average),Large p/ Small (Median)
large,38,25,25,13,4525460.7680525165,71503.0,2,0,2383947.763052209,28856.0,23,13,7089098.932692308,85947.5,2.9736804818306983,2.9784966731355698
small,44,28,28,16,4504030.262939959,80231.0,1,0,2131520.3532934133,51244.0,27,16,5757856.702531646,85834.0,2.7012909792933377,1.6750058543439232
