Type,#Files,#Files Filtered by Language,Total Files,Only Added,Time Average,Time Median,Total Large Files,Only Added Large,Time Large Average,Time Large Median,Total Small Files,Only Added Small,Time Small Average,Time Small Median,Large p/ Small (Average),Large p/ Small (Median)
large,1795,1531,1521,896,24833464.81577111,4655509.0,4,0,1455887.3450704226,349822.0,1517,896,30611734.61705831,8459045.0,21.026169861774292,24.180997764577413
small,880,702,700,243,31617872.517299578,11236046.0,1,0,7112361.333333333,4302270.0,699,243,31680069.246192895,11236046.0,4.45422662902666,2.6116552424650243
