Type,#Files,#Files Filtered by Language,Total Files,Only Added,Time Average,Time Median,Total Large Files,Only Added Large,Time Large Average,Time Large Median,Total Small Files,Only Added Small,Time Small Average,Time Small Median,Large p/ Small (Average),Large p/ Small (Median)
large,2779,1759,1715,562,7133899.673057011,1085231.0,87,4,1942325.0979084966,507362.0,1628,558,11927279.131132701,2431484.0,6.14072234559294,4.792404634166532
small,5427,3565,3462,995,9087498.926607704,1501941.5,73,5,3497648.5611814344,1033381.5,3389,990,9954205.633662121,1569212.0,2.845970788528792,1.5185214753699383
