Type,#Files,#Files Filtered by Language,Total Files,Only Added,Time Average,Time Median,Total Large Files,Only Added Large,Time Large Average,Time Large Median,Total Small Files,Only Added Small,Time Small Average,Time Small Median,Large p/ Small (Average),Large p/ Small (Median)
large,5931,4261,4146,3316,14316731.843536654,1182669.0,127,44,3606931.702775291,279993.0,4019,3272,25028929.52182673,6615298.0,6.939119335852313,23.62665495208809
small,8289,6281,5945,3654,16379916.472494313,3319815.0,68,42,13007091.615925059,1792984.0,5877,3612,16448126.959079284,3372149.0,1.2645507116242065,1.8807468443667092
