Type,#Files,#Files Filtered by Language,Total Files,Only Added,Time Average,Time Median,Total Large Files,Only Added Large,Time Large Average,Time Large Median,Total Small Files,Only Added Small,Time Small Average,Time Small Median,Large p/ Small (Average),Large p/ Small (Median)
large,2611,1945,1932,491,11855908.731136689,3875996.0,29,0,2094016.4235377025,354887.5,1903,491,14505765.29440459,6295522.0,6.927245236165845,17.7394864569758
small,2241,1197,1197,211,9764980.928099494,3547821.0,15,0,4219244.389121339,1307187.0,1182,211,10092301.729749752,3880196.0,2.391968987568289,2.9683557134518628
