Type,#Files,#Files Filtered by Language,Total Files,Only Added,Time Average,Time Median,Total Large Files,Only Added Large,Time Large Average,Time Large Median,Total Small Files,Only Added Small,Time Small Average,Time Small Median,Large p/ Small (Average),Large p/ Small (Median)
large,8625,7052,6248,3212,7716396.002300793,477459.5,249,16,2506595.876827736,182332.5,5999,3196,12068792.843298182,1171177.0,4.8148139693631204,6.42330357999808
small,10073,8247,7252,3272,11583450.598983746,989935.0,176,13,4683300.828724424,490870.0,7076,3259,13104444.819157183,1225313.5,2.7981215169400935,2.4962077535803777
