Type,#Files,#Files Filtered by Language,Total Files,Only Added,Time Average,Time Median,Total Large Files,Only Added Large,Time Large Average,Time Large Median,Total Small Files,Only Added Small,Time Small Average,Time Small Median,Large p/ Small (Average),Large p/ Small (Median)
large,122,39,39,22,4410541.851851852,790472.5,2,0,1946629.0409836066,609378.0,37,22,9593255.005747126,1643915.5,4.9281372073334415,2.697694206223395
small,311,142,141,47,15877373.039543059,4073940.0,2,1,8456062.0,6759765.0,139,46,16140731.666060055,3971733.0,1.9087764098773228,0.5875548928106229
