Type,#Files,#Files Filtered by Language,Total Files,Only Added,Time Average,Time Median,Total Large Files,Only Added Large,Time Large Average,Time Large Median,Total Small Files,Only Added Small,Time Small Average,Time Small Median,Large p/ Small (Average),Large p/ Small (Median)
large,130,72,71,16,11832543.531776913,432554.0,5,0,2104536.859848485,114230.5,66,16,32969940.744855966,11226793.0,15.666126535426717,98.28192120318128
small,285,176,164,36,20905077.742219612,1428192.0,5,0,8612724.413284132,598877.0,159,36,23231354.105446927,1853226.0,2.6973293223704276,3.0945018760112677
