Type,#Files,#Files Filtered by Language,Total Files,Only Added,Time Average,Time Median,Total Large Files,Only Added Large,Time Large Average,Time Large Median,Total Small Files,Only Added Small,Time Small Average,Time Small Median,Large p/ Small (Average),Large p/ Small (Median)
large,1236,643,639,388,14626427.145038167,1565483.0,7,1,2081882.7734939759,184799.0,632,387,19700487.49025341,4157175.0,9.462822662771995,22.49565744403379
small,2282,1263,1260,724,23650119.157136425,5257965.0,11,6,10938385.239436619,2408770.0,1249,718,24069901.998139534,5570736.5,2.2004986541669154,2.312689256342449
