Type,#Files,#Files Filtered by Language,Total Files,Only Added,Time Average,Time Median,Total Large Files,Only Added Large,Time Large Average,Time Large Median,Total Small Files,Only Added Small,Time Small Average,Time Small Median,Large p/ Small (Average),Large p/ Small (Median)
large,30,15,15,3,28509064.609375,4382380.0,1,0,5316154.676470588,958625.5,14,3,54794362.53333333,16115823.0,10.307142261276619,16.811385676679787
small,69,29,28,2,11789387.24020443,1495262.0,1,0,6951894.576923077,1416119.5,27,2,12259573.442990655,1517951.0,1.7634866736452681,1.07190883255262
