language,total,large files p/ project,large files total,small files total,small proportion,small files p/ project,files available,files missing
C,612.0,1.0,874.0,9504.0,0.0011441647597254005,11,611.0,0.0
Go,1069.0,2.0,601.0,9008.0,0.0033277870216306157,30,1067.0,0.0
JavaScript,73.0,5.0,1579.0,9941.0,0.0031665611146295125,32,68.0,0.0
