language,total,large files p/ project,large files total,small files total,small proportion,small files p/ project,files available,files missing
C,9.0,4.0,874.0,9504.0,0.004576659038901602,44,5.0,39.0
C++,81.0,6.0,434.0,8510.0,0.013824884792626729,118,75.0,43.0
JavaScript,9.0,1.0,1579.0,9941.0,0.0006333122229259025,7,8.0,0.0
Objective-C,7.0,1.0,146.0,6111.0,0.00684931506849315,42,6.0,36.0
