language,total,large files p/ project,large files total,small files total,small proportion,small files p/ project,files available,files missing
C,1030.0,28.0,874.0,9504.0,0.032036613272311214,305,1002.0,0.0
JavaScript,3.0,1.0,1579.0,9941.0,0.0006333122229259025,7,2.0,5.0
PHP,20472.0,71.0,572.0,8936.0,0.12412587412587413,1110,20401.0,0.0
