language,total,large files p/ project,large files total,small files total,small proportion,small files p/ project,files available,files missing
C,1029.0,28.0,901.0,9524.0,0.03107658157602664,296,1001.0,0.0
JavaScript,3.0,1.0,1671.0,9976.0,0.0005984440454817474,6,2.0,4.0
PHP,20400.0,70.0,568.0,8926.0,0.12323943661971831,1101,20330.0,0.0
