language,total,large files p/ project,large files total,small files total,small proportion,small files p/ project,files available,files missing
C,651.0,13.0,587.0,8977.0,0.022146507666098807,199,638.0,0.0
C++,208.0,1.0,421.0,8461.0,0.0023752969121140144,21,207.0,0.0
Python,1196.0,13.0,570.0,8935.0,0.02280701754385965,204,1183.0,0.0
