language,total,large files p/ project,large files total,small files total,small proportion,small files p/ project,files available,files missing
C,668.0,13.0,874.0,9504.0,0.014874141876430207,142,655.0,0.0
C++,215.0,1.0,434.0,8510.0,0.002304147465437788,20,214.0,0.0
Python,1221.0,13.0,562.0,8911.0,0.023131672597864767,207,1208.0,0.0
