Type,Added Average,Added Median,Added Max,Deleted Average,Deleted Median,Deleted Min,Zero Count
large,12.924590163934425,4.0,214,-10.064516129032258,-3.0,-133,63
small,13.086816720257234,5.0,182,-11.720930232558139,-4.0,-133,53
