Type,Added Average,Added Median,Added Max,Deleted Average,Deleted Median,Deleted Min,Zero Count
large,17.356367226061206,6.0,1214,-11.410404624277456,-4.0,-270,313
small,15.42202380952381,5.0,1214,-13.520169851380043,-4.0,-324,566
