Type,Added Average,Added Median,Added Max,Deleted Average,Deleted Median,Deleted Min,Zero Count
large,17.30625,6.0,339,-13.246913580246913,-4.0,-166,151
small,16.591954022988507,6.0,339,-13.051282051282051,-4.0,-166,149
