Type,Added Average,Added Median,Added Max,Deleted Average,Deleted Median,Deleted Min,Zero Count
large,16.82894736842105,6.0,519,-19.989583333333332,-4.0,-509,1070
small,17.98181818181818,6.0,1107,-27.783505154639176,-4.0,-3918,1450
