Type,Added Average,Added Median,Added Max,Deleted Average,Deleted Median,Deleted Min,Zero Count
large,112.39520958083833,9.0,7377,-124.47368421052632,-6.5,-4181,68
small,41.4804992199688,5.0,7377,-121.91326530612245,-8.0,-7237,332
