Type,Added Average,Added Median,Added Max,Deleted Average,Deleted Median,Deleted Min,Zero Count
large,114.95689655172414,7.0,5215,-34.21111111111111,-6.0,-2161,719
small,17.575982996811902,6.0,4401,-17.61864406779661,-4.0,-2161,1214
