Type,Added Average,Added Median,Added Max,Deleted Average,Deleted Median,Deleted Min,Zero Count
large,13.28169014084507,5.0,334,-15.801418439716311,-4.0,-561,963
small,12.196132596685082,5.0,334,-17.027522935779817,-4.0,-561,1055
