Type,Added Average,Added Median,Added Max,Deleted Average,Deleted Median,Deleted Min,Zero Count
large,22.604722666338702,5.0,17287,-40.32596793116934,-4.0,-19076,7493
small,21.51023700210944,5.0,17287,-45.17073675496689,-4.0,-19076,7848
