Type,Added Average,Added Median,Added Max,Deleted Average,Deleted Median,Deleted Min,Zero Count
large,26.273430782459158,6.0,734,-19.72876712328767,-4.0,-409,738
small,26.85413894064413,6.0,3802,-18.90296712109062,-5.0,-765,2013
