Type,Added Average,Added Median,Added Max,Deleted Average,Deleted Median,Deleted Min,Zero Count
large,16.64406779661017,6.0,584,-7.313974591651543,-2.0,-255,1564
small,16.753072625698323,6.0,584,-7.474452554744525,-2.0,-266,1666
