Type,Added Average,Added Median,Added Max,Deleted Average,Deleted Median,Deleted Min,Zero Count
large,20.389830508474578,6.0,1264,-16.036363636363635,-4.5,-181,254
small,22.03787878787879,7.0,348,-20.164948453608247,-5.0,-181,174
