Type,Added Average,Added Median,Added Max,Deleted Average,Deleted Median,Deleted Min,Zero Count
large,12.745353159851302,4.0,809,-34.53179190751445,-4.0,-2991,278
small,11.260765550239235,4.0,121,-30.210526315789473,-4.0,-2991,271
