Type,Added Average,Added Median,Added Max,Deleted Average,Deleted Median,Deleted Min,Zero Count
large,31.74705615942029,8.0,3593,-43.36469864698647,-5.0,-12111,2673
small,25.822745227123107,7.0,3593,-31.712579617834393,-4.0,-12111,4867
