Type,Added Average,Added Median,Added Max,Deleted Average,Deleted Median,Deleted Min,Zero Count
large,12.04109589041096,4.0,848,-11.175182481751825,-3.0,-188,251
small,21.114285714285714,4.0,848,-12.133333333333333,-2.0,-130,149
