language,total,large files p/ project,large files total,small files total,small proportion,small files p/ project,files available,files missing
C,24,1.0,901.0,9524.0,0.0011098779134295228,11,23.0,0.0
JavaScript,32,6.0,1671.0,9976.0,0.003590664272890485,36,26.0,10.0
Objective-C,12,2.0,146.0,6111.0,0.0136986301369863,84,10.0,74.0
PHP,19,1.0,568.0,8926.0,0.0017605633802816902,16,18.0,0.0
Ruby,68,2.0,845.0,9419.0,0.002366863905325444,23,66.0,0.0
