language,total,large files p/ project,large files total,small files total,small proportion,small files p/ project,files available,files missing
C,24,1.0,874.0,9504.0,0.0011441647597254005,11,23.0,0.0
JavaScript,32,6.0,1579.0,9941.0,0.0037998733375554147,38,26.0,12.0
Objective-C,12,2.0,146.0,6111.0,0.0136986301369863,84,10.0,74.0
PHP,19,1.0,572.0,8936.0,0.0017482517482517483,16,18.0,0.0
Ruby,68,2.0,855.0,9431.0,0.0023391812865497076,23,66.0,0.0
