language,total,large files p/ project,large files total,small files total,small proportion,small files p/ project,files available,files missing
C,501.0,19.0,874.0,9504.0,0.021739130434782608,207,482.0,0.0
Ruby,7986.0,200.0,855.0,9431.0,0.23391812865497075,2207,7786.0,0.0
Rust,71.0,3.0,487.0,8701.0,0.006160164271047228,54,68.0,0.0
