language,total,large files p/ project,large files total,small files total,small proportion,small files p/ project,files available,files missing
C,501.0,19.0,901.0,9524.0,0.021087680355160933,201,482.0,0.0
Ruby,7965.0,201.0,845.0,9419.0,0.2378698224852071,2241,7764.0,0.0
Rust,71.0,3.0,484.0,8692.0,0.006198347107438017,54,68.0,0.0
