Type,Added Average,Added Median,Added Max,Deleted Average,Deleted Median,Deleted Min,Zero Count
large,13.650283553875237,7.0,514,-6.689655172413793,-2.0,-593,525
small,15.641059602649007,7.0,686,-9.772609819121447,-2.0,-529,1234
