Type,Added Average,Added Median,Added Max,Deleted Average,Deleted Median,Deleted Min,Zero Count
large,26.52020525978191,11.0,1491,-33.72074468085106,-5.0,-1988,1795
small,21.86413043478261,7.0,1491,-33.27858627858628,-5.0,-1988,4470
