Type,Added Average,Added Median,Added Max,Deleted Average,Deleted Median,Deleted Min,Zero Count
large,13.704735376044567,6.0,545,-11.318739054290718,-4.0,-364,1395
small,12.583150183150183,6.0,199,-12.669552669552669,-5.0,-364,1917
