Type,Added Average,Added Median,Added Max,Deleted Average,Deleted Median,Deleted Min,Zero Count
large,11.76196636481242,5.0,283,-10.774038461538462,-4.0,-185,1885
small,11.765373699148533,5.0,363,-11.725641025641025,-4.0,-431,2479
