Type,Added Average,Added Median,Added Max,Deleted Average,Deleted Median,Deleted Min,Zero Count
large,10.03588143525741,4.0,416,-10.828220858895705,-3.0,-634,1766
small,13.494221617946975,4.0,416,-14.110787172011662,-4.0,-634,2812
