Type,Added Average,Added Median,Added Max,Deleted Average,Deleted Median,Deleted Min,Zero Count
large,22.195384615384615,7.0,1225,-15.405405405405405,-4.0,-601,340
small,17.229086229086228,6.0,1225,-15.513026052104209,-4.0,-659,906
