Type,Added Average,Added Median,Added Max,Deleted Average,Deleted Median,Deleted Min,Zero Count
large,23.866167023554603,10.0,3488,-24.835195530726256,-7.0,-711,801
small,31.557964184731386,10.0,3488,-24.583673469387755,-5.5,-1722,902
