Type,Added Average,Added Median,Added Max,Deleted Average,Deleted Median,Deleted Min,Zero Count
large,6.771428571428571,1.0,61,-30.571428571428573,-3.0,-412,4
small,7.3478260869565215,1.0,61,-9.746478873239436,-1.0,-412,63
