Type,Added Average,Added Median,Added Max,Deleted Average,Deleted Median,Deleted Min,Zero Count
large,14.871155713823244,6.0,648,-18.89,-4.0,-2044,1683
small,15.287844408427876,6.0,580,-16.87278106508876,-4.0,-2044,1803
