Type,Added Average,Added Median,Added Max,Deleted Average,Deleted Median,Deleted Min,Zero Count
large,23.461012311901506,11.0,511,-16.269406392694062,-3.0,-482,475
small,23.90469798657718,10.0,511,-25.102678571428573,-4.0,-1641,447
