Type,Added Average,Added Median,Added Max,Deleted Average,Deleted Median,Deleted Min,Zero Count
large,14.710191082802547,6.0,340,-13.77536231884058,-4.0,-267,483
small,14.065822784810127,5.0,340,-12.215827338129497,-3.0,-632,1239
