Type,Added Average,Added Median,Added Max,Deleted Average,Deleted Median,Deleted Min,Zero Count
large,17.944053916950505,5.0,51363,-13.11747572815534,-3.0,-2874,11207
small,16.478407313845782,5.0,51363,-12.00831289179613,-3.0,-1394,13149
