Type,Added Average,Added Median,Added Max,Deleted Average,Deleted Median,Deleted Min,Zero Count
large,17.672268907563026,6.0,330,-14.13135593220339,-4.0,-364,1049
small,17.483483483483482,7.0,592,-19.66427289048474,-4.0,-743,1598
