Type,Added Average,Added Median,Added Max,Deleted Average,Deleted Median,Deleted Min,Zero Count
large,23.640449438202246,4.0,525,-14.103333333333333,-2.0,-483,457
small,20.15423901940756,4.0,2287,-12.17269076305221,-2.0,-938,1115
