Type,Added Average,Added Median,Added Max,Deleted Average,Deleted Median,Deleted Min,Zero Count
large,27.84650317892825,6.0,2761,-26.316185696361355,-2.0,-3242,3464
small,21.50974930362117,6.0,2103,-14.930216329378926,-2.0,-2607,5779
