Type,Added Average,Added Median,Added Max,Deleted Average,Deleted Median,Deleted Min,Zero Count
large,14.277310924369749,5.0,636,-9.029166666666667,-1.5,-492,1044
small,8.132450331125828,3.0,636,-5.208453410182517,-3.0,-492,5650
