Type,Added Average,Added Median,Added Max,Deleted Average,Deleted Median,Deleted Min,Zero Count
large,24.347305389221557,7.0,601,-19.844444444444445,-8.0,-104,92
small,15.271084337349398,6.0,646,-13.449612403100776,-4.0,-273,301
