Type,Added Average,Added Median,Added Max,Deleted Average,Deleted Median,Deleted Min,Zero Count
large,41.76190476190476,9.0,1228,-19.10126582278481,-3.0,-527,240
small,29.012738853503183,7.0,1228,-16.453634085213032,-2.0,-661,517
