Type,Added Average,Added Median,Added Max,Deleted Average,Deleted Median,Deleted Min,Zero Count
large,18.354166666666668,8.0,222,-18.43859649122807,-3.0,-226,206
small,16.187919463087248,8.0,318,-14.217391304347826,-2.0,-226,213
