Type,Added Average,Added Median,Added Max,Deleted Average,Deleted Median,Deleted Min,Zero Count
large,27.874875868917577,6.0,9886,-20.741545893719806,-4.0,-809,743
small,19.290712203248646,6.0,9886,-16.984223300970875,-4.0,-809,1356
