Type,Added Average,Added Median,Added Max,Deleted Average,Deleted Median,Deleted Min,Zero Count
large,13.63265306122449,4.0,358,-26.90532544378698,-6.0,-1438,224
small,13.674291938997822,5.0,369,-17.770726714431934,-4.0,-1438,1842
