Type,#Files,Total Filtered Files,%% Grew,%% Decreased,%% Zero,Grew Average,Grew Median,Decreased Average,Decreased Median,Zero Total,Total Large Files,%% Large Grew,%% Large Decreased,%% Large Zero,Large Grew Average,Large Grew Median,Large Decreased Average,Large Decreased Median,Large Zero Total,Total Small Files,%% Small Grew,%% Small Decreased,%% Small Zero,Small Grew Average,Small Grew Median,Small Decreased Average,Small Decreased Median,Small Zero Total
large,4691,3447,32.93162565550625,11.834409035901574,17.12888261395724,40.178533149594244,10.0,-45.58414997869621,-5.0,3397,3444,82.78615794143744,29.750285207250606,43.059956902015465,40.178533149594244,10.0,-45.58414997869621,-5.0,3397,2397,0,0,0,40.178533149594244,10.0,-45.58414997869621,-5.0,3397
small,13539,9076,23.41999675302085,9.743256720087205,18.725792610803165,22.76747870865518,6.0,-18.314925017852893,-4.0,8074,9065,76.97819789602075,32.02469888702546,61.54901661838695,22.76747870865518,6.0,-18.314925017852893,-4.0,8074,6440,0,0,0,22.76747870865518,6.0,-18.314925017852893,-4.0,8074
