Type,#Files,Total Filtered Files,%% Grew,%% Decreased,%% Zero,Grew Average,Grew Median,Decreased Average,Decreased Median,Zero Total,Total Large Files,%% Large Grew,%% Large Decreased,%% Large Zero,Large Grew Average,Large Grew Median,Large Decreased Average,Large Decreased Median,Large Zero Total,Total Small Files,%% Small Grew,%% Small Decreased,%% Small Zero,Small Grew Average,Small Grew Median,Small Decreased Average,Small Decreased Median,Small Zero Total
large,279,155,32.136752136752136,7.521367521367521,8.974358974358974,28.340425531914892,18.0,-22.818181818181817,-8.5,105,4,106.5155807365439,24.929178470254957,29.745042492917843,28.340425531914892,18.0,-22.818181818181817,-8.5,105,151,0,0,0,28.340425531914892,18.0,-22.818181818181817,-8.5,105
small,1246,911,2.9738562091503264,1.0130718954248366,2.6143790849673203,19.054945054945055,8.0,-15.451612903225806,-4.0,80,0,0.0,0.0,0.0,0.0,0.0,0.0,0.0,0,0,0,0,0,0.0,0.0,0.0,0.0,0
