Type,#Files,Total Filtered Files,%% Grew,%% Decreased,%% Zero,Grew Average,Grew Median,Decreased Average,Decreased Median,Zero Total,Total Large Files,%% Large Grew,%% Large Decreased,%% Large Zero,Large Grew Average,Large Grew Median,Large Decreased Average,Large Decreased Median,Large Zero Total,Total Small Files,%% Small Grew,%% Small Decreased,%% Small Zero,Small Grew Average,Small Grew Median,Small Decreased Average,Small Decreased Median,Small Zero Total
large,1829,1195,26.755113322277502,7.333701861065045,10.245070941588356,21.75619834710744,7.0,-13.618090452261306,-3.0,556,1188,106.0628195763331,29.072315558802046,40.61358655953251,21.75619834710744,7.0,-13.618090452261306,-3.0,556,750,0,0,0,21.75619834710744,7.0,-13.618090452261306,-3.0,556
small,3874,2736,23.420451662014717,7.299331810877104,11.80749386788463,20.23040808956302,7.0,-13.207415990730011,-3.0,1396,2726,92.20779220779221,28.737928737928737,46.48684648684649,20.23040808956302,7.0,-13.207415990730011,-3.0,1396,1796,0,0,0,20.23040808956302,7.0,-13.207415990730011,-3.0,1396
