Type,#Files,Total Filtered Files,%% Grew,%% Decreased,%% Zero,Grew Average,Grew Median,Decreased Average,Decreased Median,Zero Total,Total Large Files,%% Large Grew,%% Large Decreased,%% Large Zero,Large Grew Average,Large Grew Median,Large Decreased Average,Large Decreased Median,Large Zero Total,Total Small Files,%% Small Grew,%% Small Decreased,%% Small Zero,Small Grew Average,Small Grew Median,Small Decreased Average,Small Decreased Median,Small Zero Total
large,868,530,37.308868501529055,14.627930682976553,27.268093781855253,76.04417122040073,7.0,-55.796747967479675,-4.0,1605,523,100.78017439192291,39.513538320330426,73.65764111977971,76.04417122040073,7.0,-55.796747967479675,-4.0,1605,358,0,0,0,76.04417122040073,7.0,-55.796747967479675,-4.0,1605
small,1361,858,34.271504464790326,15.847179834972309,26.551373346897257,56.26550131926121,7.0,-32.229671897289585,-3.0,2349,849,146.97043141056713,67.95928259815803,113.86330586524478,56.26550131926121,7.0,-32.229671897289585,-3.0,2349,635,0,0,0,56.26550131926121,7.0,-32.229671897289585,-3.0,2349
