Type,#Files,Total Filtered Files,%% Grew,%% Decreased,%% Zero,Grew Average,Grew Median,Decreased Average,Decreased Median,Zero Total,Total Large Files,%% Large Grew,%% Large Decreased,%% Large Zero,Large Grew Average,Large Grew Median,Large Decreased Average,Large Decreased Median,Large Zero Total,Total Small Files,%% Small Grew,%% Small Decreased,%% Small Zero,Small Grew Average,Small Grew Median,Small Decreased Average,Small Decreased Median,Small Zero Total
large,2828,1694,19.66867469879518,5.090361445783133,9.27710843373494,29.199081163859113,10.0,-19.615384615384617,-6.0,308,1693,27.929854576561162,7.228400342172797,13.17365269461078,29.199081163859113,10.0,-19.615384615384617,-6.0,308,315,0,0,0,29.199081163859113,10.0,-19.615384615384617,-6.0,308
small,2184,1574,10.254596888260254,3.889674681753889,4.809052333804809,40.33103448275862,9.0,-27.4,-4.0,136,1571,17.438364401683703,6.61455201443175,8.177991581479255,40.33103448275862,9.0,-27.4,-4.0,136,449,0,0,0,40.33103448275862,9.0,-27.4,-4.0,136
