Type,#Files,Total Filtered Files,%% Grew,%% Decreased,%% Zero,Grew Average,Grew Median,Decreased Average,Decreased Median,Zero Total,Total Large Files,%% Large Grew,%% Large Decreased,%% Large Zero,Large Grew Average,Large Grew Median,Large Decreased Average,Large Decreased Median,Large Zero Total,Total Small Files,%% Small Grew,%% Small Decreased,%% Small Zero,Small Grew Average,Small Grew Median,Small Decreased Average,Small Decreased Median,Small Zero Total
large,967,536,21.19229371137768,5.252635405307161,7.051981097782624,12.99056603773585,5.0,-9.768166089965398,-3.0,388,536,183.04552590266877,45.368916797488225,60.9105180533752,12.99056603773585,5.0,-9.768166089965398,-3.0,388,342,0,0,0,12.99056603773585,5.0,-9.768166089965398,-3.0,388
small,1033,567,23.0684730867814,5.510801904064445,8.421823507872574,11.649206349206349,4.0,-9.186046511627907,-3.0,460,567,189.1891891891892,45.19519519519519,69.06906906906907,11.649206349206349,4.0,-9.186046511627907,-3.0,460,379,0,0,0,11.649206349206349,4.0,-9.186046511627907,-3.0,460
