Type,#Files,Total Filtered Files,%% Grew,%% Decreased,%% Zero,Grew Average,Grew Median,Decreased Average,Decreased Median,Zero Total,Total Large Files,%% Large Grew,%% Large Decreased,%% Large Zero,Large Grew Average,Large Grew Median,Large Decreased Average,Large Decreased Median,Large Zero Total,Total Small Files,%% Small Grew,%% Small Decreased,%% Small Zero,Small Grew Average,Small Grew Median,Small Decreased Average,Small Decreased Median,Small Zero Total
large,849,345,27.044854881266488,10.883905013192612,18.66754617414248,17.629268292682926,5.0,-16.315151515151516,-4.0,283,344,114.20612813370474,45.96100278551532,78.8300835654596,17.629268292682926,5.0,-16.315151515151516,-4.0,283,174,0,0,0,17.629268292682926,5.0,-16.315151515151516,-4.0,283
small,1124,666,12.534818941504177,3.7604456824512535,8.426183844011142,14.472222222222221,5.0,-10.314814814814815,-4.0,121,666,26.785714285714285,8.035714285714286,18.00595238095238,14.472222222222221,5.0,-10.314814814814815,-4.0,121,248,0,0,0,14.472222222222221,5.0,-10.314814814814815,-4.0,121
