Type,#Files,Total Filtered Files,%% Grew,%% Decreased,%% Zero,Grew Average,Grew Median,Decreased Average,Decreased Median,Zero Total,Total Large Files,%% Large Grew,%% Large Decreased,%% Large Zero,Large Grew Average,Large Grew Median,Large Decreased Average,Large Decreased Median,Large Zero Total,Total Small Files,%% Small Grew,%% Small Decreased,%% Small Zero,Small Grew Average,Small Grew Median,Small Decreased Average,Small Decreased Median,Small Zero Total
large,2871,2543,21.62162162162162,6.902586039276687,9.809449737507292,33.97347122302158,10.0,-24.01830985915493,-6.0,1009,2538,52.267920094007046,16.686251468860164,23.71327849588719,33.97347122302158,10.0,-24.01830985915493,-6.0,1009,1531,0,0,0,33.97347122302158,10.0,-24.01830985915493,-6.0,1009
small,12420,9619,15.539803707742639,4.8336968375136316,6.927480916030534,21.861929824561404,7.0,-21.361534122955444,-5.0,2541,9610,55.827619980411356,17.365328109696378,24.887365328109695,21.861929824561404,7.0,-21.361534122955444,-5.0,2541,4539,0,0,0,21.861929824561404,7.0,-21.361534122955444,-5.0,2541
