Type,#Files,Total Filtered Files,%% Grew,%% Decreased,%% Zero,Grew Average,Grew Median,Decreased Average,Decreased Median,Zero Total,Total Large Files,%% Large Grew,%% Large Decreased,%% Large Zero,Large Grew Average,Large Grew Median,Large Decreased Average,Large Decreased Median,Large Zero Total,Total Small Files,%% Small Grew,%% Small Decreased,%% Small Zero,Small Grew Average,Small Grew Median,Small Decreased Average,Small Decreased Median,Small Zero Total
large,4842,797,23.299928418038654,9.16249105225483,15.748031496062993,30.210445468509985,3.0,-58.05078125,-4.0,440,795,39.646772228989036,15.590742996345918,26.796589524969548,30.210445468509985,3.0,-58.05078125,-4.0,440,255,0,0,0,30.210445468509985,3.0,-58.05078125,-4.0,440
small,2947,683,11.250713877784122,3.826384922901199,5.88235294117647,12.873096446700508,4.0,-11.492537313432836,-3.0,103,682,28.263988522238165,9.612625538020087,14.777618364418938,12.873096446700508,4.0,-11.492537313432836,-3.0,103,309,0,0,0,12.873096446700508,4.0,-11.492537313432836,-3.0,103
