Type,#Files,Total Filtered Files,%% Grew,%% Decreased,%% Zero,Grew Average,Grew Median,Decreased Average,Decreased Median,Zero Total,Total Large Files,%% Large Grew,%% Large Decreased,%% Large Zero,Large Grew Average,Large Grew Median,Large Decreased Average,Large Decreased Median,Large Zero Total,Total Small Files,%% Small Grew,%% Small Decreased,%% Small Zero,Small Grew Average,Small Grew Median,Small Decreased Average,Small Decreased Median,Small Zero Total
large,1148,798,23.510257245197007,8.759361771409964,13.448388147183326,16.12049861495845,6.0,-12.825278810408921,-3.0,413,793,83.17972350230414,30.99078341013825,47.58064516129033,16.12049861495845,6.0,-12.825278810408921,-3.0,413,512,0,0,0,16.12049861495845,6.0,-12.825278810408921,-3.0,413
small,1483,1081,19.976878612716764,8.208092485549132,16.53179190751445,14.987268518518519,5.0,-11.188732394366196,-2.0,715,1079,77.62803234501348,31.89577717879605,64.240790655885,14.987268518518519,5.0,-11.188732394366196,-2.0,715,729,0,0,0,14.987268518518519,5.0,-11.188732394366196,-2.0,715
