Type,Commits Amount,70% Threshould Large,70% Threshould Small,70% Threshould Flex,Large Files,Large Mean,Large Median,Large Min,Large Max,Commits Large Mean,Commits Large Median,Authors Large Mean,Authors Large Median,Small Files,Small Mean,Small Median,Small Min,Small Max,Commits Small Mean,Commits Small Median,Authors Small Mean,Authors Small Median
large,39318,14,2,1,449,2.797327394209354,2.0,1,12,145.4075723830735,71.0,16.167037861915368,12.0,10412,1.7678640030733768,1.0,1,13,12.836726853630427,5.0,3.8106031502112945,3.0
small,43663,8,3,1,448,2.8950892857142856,2.0,1,10,91.98883928571429,49.5,12.941964285714286,10.0,11939,1.7406817991456571,1.0,1,13,15.103861294915822,6.0,3.9443001926459504,3.0
