Type,#Files,Total Filtered Files,%% Grew,%% Decreased,%% Zero,Grew Average,Grew Median,Decreased Average,Decreased Median,Zero Total,Total Large Files,%% Large Grew,%% Large Decreased,%% Large Zero,Large Grew Average,Large Grew Median,Large Decreased Average,Large Decreased Median,Large Zero Total,Total Small Files,%% Small Grew,%% Small Decreased,%% Small Zero,Small Grew Average,Small Grew Median,Small Decreased Average,Small Decreased Median,Small Zero Total
large,6221,4417,38.11622630807771,17.197617809708373,31.677458997022264,15.33788015004495,5.0,-16.58836058815446,-4.0,26808,4417,99.87305715524181,45.0616137222119,83.00204347018392,15.33788015004495,5.0,-16.58836058815446,-4.0,26808,3346,0,0,0,15.33788015004495,5.0,-16.58836058815446,-4.0,26808
small,10117,6489,36.17616940522158,16.685925800663266,31.910036357487105,14.82462928818137,5.0,-15.34192894544226,-4.0,33966,6486,171.9830281375614,79.32559178204556,151.70165252344796,14.82462928818137,5.0,-15.34192894544226,-4.0,33966,5001,0,0,0,14.82462928818137,5.0,-15.34192894544226,-4.0,33966
