Type,#Files,Total Filtered Files,%% Grew,%% Decreased,%% Zero,Grew Average,Grew Median,Decreased Average,Decreased Median,Zero Total,Total Large Files,%% Large Grew,%% Large Decreased,%% Large Zero,Large Grew Average,Large Grew Median,Large Decreased Average,Large Decreased Median,Large Zero Total,Total Small Files,%% Small Grew,%% Small Decreased,%% Small Zero,Small Grew Average,Small Grew Median,Small Decreased Average,Small Decreased Median,Small Zero Total
large,1489,832,35.53882015420477,13.501882732651962,19.992827685135378,22.058526740665993,9.0,-18.84329349269588,-5.0,1115,831,111.34831460674157,42.30337078651685,62.64044943820225,22.058526740665993,9.0,-18.84329349269588,-5.0,1115,475,0,0,0,22.058526740665993,9.0,-18.84329349269588,-5.0,1115
small,2566,1685,33.68886782017856,13.154776013273286,22.011535118906533,16.877579737335836,6.0,-14.70870870870871,-4.0,2786,1679,178.0375782881002,69.51983298538622,116.32567849686848,16.877579737335836,6.0,-14.70870870870871,-4.0,2786,1070,0,0,0,16.877579737335836,6.0,-14.70870870870871,-4.0,2786
