Type,#Files,Total Filtered Files,%% Grew,%% Decreased,%% Zero,Grew Average,Grew Median,Decreased Average,Decreased Median,Zero Total,Total Large Files,%% Large Grew,%% Large Decreased,%% Large Zero,Large Grew Average,Large Grew Median,Large Decreased Average,Large Decreased Median,Large Zero Total,Total Small Files,%% Small Grew,%% Small Decreased,%% Small Zero,Small Grew Average,Small Grew Median,Small Decreased Average,Small Decreased Median,Small Zero Total
large,46,40,30.208333333333332,3.125,8.333333333333332,51.44827586206897,17.0,-35.666666666666664,-31.0,8,2,85.29411764705883,8.823529411764707,23.52941176470588,51.44827586206897,17.0,-35.666666666666664,-31.0,8,38,0,0,0,51.44827586206897,17.0,-35.666666666666664,-31.0,8
small,1179,834,12.730142030510258,6.31246712256707,8.521830615465545,8.161157024793388,5.0,-5.475,-2.0,162,834,28.878281622911693,14.319809069212411,19.331742243436754,8.161157024793388,5.0,-5.475,-2.0,162,298,0,0,0,8.161157024793388,5.0,-5.475,-2.0,162
