Type,Commits Amount,70% Threshould Large,70% Threshould Small,70% Threshould Flex,Large Files,Large Mean,Large Median,Large Min,Large Max,Commits Large Mean,Commits Large Median,Authors Large Mean,Authors Large Median,Small Files,Small Mean,Small Median,Small Min,Small Max,Commits Small Mean,Commits Small Median,Authors Small Mean,Authors Small Median
large,2454,3,2,1,132,1.621212121212121,2.0,1,4,26.606060606060606,8.0,3.3484848484848486,3.0,3575,1.1756643356643357,1.0,1,4,3.015104895104895,2.0,1.662097902097902,1.0
small,2978,0,1,1,134,1.4850746268656716,1.0,1,4,11.313432835820896,7.0,2.798507462686567,2.0,4529,1.1927577831750937,1.0,1,6,3.783395893133142,2.0,1.747847206888938,1.0
