Type,#Files,Total Filtered Files,%% Grew,%% Decreased,%% Zero,Grew Average,Grew Median,Decreased Average,Decreased Median,Zero Total,Total Large Files,%% Large Grew,%% Large Decreased,%% Large Zero,Large Grew Average,Large Grew Median,Large Decreased Average,Large Decreased Median,Large Zero Total,Total Small Files,%% Small Grew,%% Small Decreased,%% Small Zero,Small Grew Average,Small Grew Median,Small Decreased Average,Small Decreased Median,Small Zero Total
large,2286,343,31.89784677015523,11.4171256885328,22.58387581372058,22.031397174254316,8.0,-38.05263157894737,-6.0,451,341,135.82089552238804,48.61407249466951,96.16204690831557,22.031397174254316,8.0,-38.05263157894737,-6.0,451,192,0,0,0,22.031397174254316,8.0,-38.05263157894737,-6.0,451
small,2070,529,29.933333333333334,9.633333333333335,22.53333333333333,17.981069042316257,7.0,-18.653979238754324,-5.0,676,526,165.98890942698705,53.41959334565619,124.95378927911275,17.981069042316257,7.0,-18.653979238754324,-5.0,676,329,0,0,0,17.981069042316257,7.0,-18.653979238754324,-5.0,676
