Type,#Files,Total Filtered Files,%% Grew,%% Decreased,%% Zero,Grew Average,Grew Median,Decreased Average,Decreased Median,Zero Total,Total Large Files,%% Large Grew,%% Large Decreased,%% Large Zero,Large Grew Average,Large Grew Median,Large Decreased Average,Large Decreased Median,Large Zero Total,Total Small Files,%% Small Grew,%% Small Decreased,%% Small Zero,Small Grew Average,Small Grew Median,Small Decreased Average,Small Decreased Median,Small Zero Total
large,3822,2254,10.985915492957748,4.295774647887324,4.190140845070422,29.818910256410255,7.0,-32.549180327868854,-8.0,238,2252,19.182293267752843,7.500768521364893,7.316323393790347,29.818910256410255,7.0,-32.549180327868854,-8.0,238,929,0,0,0,29.818910256410255,7.0,-32.549180327868854,-8.0,238
small,5851,3563,2.911418542225893,1.5899236010737148,2.364237043155069,34.1241134751773,10.0,-17.57792207792208,-6.0,229,3561,7.625743645213628,4.164413196322336,6.192536506219578,34.1241134751773,10.0,-17.57792207792208,-6.0,229,1723,0,0,0,34.1241134751773,10.0,-17.57792207792208,-6.0,229
