Type,#Files,Total Filtered Files,%% Grew,%% Decreased,%% Zero,Grew Average,Grew Median,Decreased Average,Decreased Median,Zero Total,Total Large Files,%% Large Grew,%% Large Decreased,%% Large Zero,Large Grew Average,Large Grew Median,Large Decreased Average,Large Decreased Median,Large Zero Total,Total Small Files,%% Small Grew,%% Small Decreased,%% Small Zero,Small Grew Average,Small Grew Median,Small Decreased Average,Small Decreased Median,Small Zero Total
large,282,207,40.64625850340136,9.183673469387756,15.731292517006803,44.12343096234309,13.0,-36.324074074074076,-8.0,185,207,79.40199335548172,17.940199335548172,30.730897009966778,44.12343096234309,13.0,-36.324074074074076,-8.0,185,102,0,0,0,44.12343096234309,13.0,-36.324074074074076,-8.0,185
small,328,249,39.41267387944359,8.0370942812983,12.210200927357032,42.70392156862745,11.0,-35.48076923076923,-6.5,158,249,102.20440881763525,20.841683366733466,31.663326653306612,42.70392156862745,11.0,-35.48076923076923,-6.5,158,145,0,0,0,42.70392156862745,11.0,-35.48076923076923,-6.5,158
