Type,Commits Amount,70% Threshould Large,70% Threshould Small,70% Threshould Flex,Large Files,Large Mean,Large Median,Large Min,Large Max,Commits Large Mean,Commits Large Median,Authors Large Mean,Authors Large Median,Small Files,Small Mean,Small Median,Small Min,Small Max,Commits Small Mean,Commits Small Median,Authors Small Mean,Authors Small Median
large,1649,7,1,1,12,7.833333333333333,10.0,1,15,181.33333333333334,185.0,49.916666666666664,49.5,1372,1.4307580174927115,1.0,1,10,3.7113702623906706,1.0,2.2215743440233235,1.0
small,1356,0,1,1,11,4.545454545454546,5.0,1,7,79.27272727272727,79.0,22.454545454545453,18.0,1458,1.5473251028806585,1.0,1,12,4.248971193415638,1.0,2.5102880658436213,1.0
