Type,#Files,Total Filtered Files,%% Grew,%% Decreased,%% Zero,Grew Average,Grew Median,Decreased Average,Decreased Median,Zero Total,Total Large Files,%% Large Grew,%% Large Decreased,%% Large Zero,Large Grew Average,Large Grew Median,Large Decreased Average,Large Decreased Median,Large Zero Total,Total Small Files,%% Small Grew,%% Small Decreased,%% Small Zero,Small Grew Average,Small Grew Median,Small Decreased Average,Small Decreased Median,Small Zero Total
large,1193,749,40.27405421507298,9.681263032469467,16.83050342567769,12.863905325443787,6.0,-11.033846153846154,-4.0,565,5,147.4372955288986,35.44165757906216,61.61395856052344,12.863905325443787,6.0,-11.033846153846154,-4.0,565,744,0,0,0,12.863905325443787,6.0,-11.033846153846154,-4.0,565
small,1248,787,35.32988750380055,9.638187899057463,17.421708726056554,13.22461273666093,6.0,-11.501577287066246,-4.0,573,4,335.83815028901734,91.61849710982659,165.606936416185,13.22461273666093,6.0,-11.501577287066246,-4.0,573,783,0,0,0,13.22461273666093,6.0,-11.501577287066246,-4.0,573
