Type,#Files,Total Filtered Files,%% Grew,%% Decreased,%% Zero,Grew Average,Grew Median,Decreased Average,Decreased Median,Zero Total,Total Large Files,%% Large Grew,%% Large Decreased,%% Large Zero,Large Grew Average,Large Grew Median,Large Decreased Average,Large Decreased Median,Large Zero Total,Total Small Files,%% Small Grew,%% Small Decreased,%% Small Zero,Small Grew Average,Small Grew Median,Small Decreased Average,Small Decreased Median,Small Zero Total
large,447,370,49.00312274801826,12.971414845063656,15.613740091280325,25.74411764705882,10.0,-36.15555555555556,-6.0,650,349,126.3157894736842,33.43653250773993,40.24767801857585,25.74411764705882,10.0,-36.15555555555556,-6.0,650,279,0,0,0,25.74411764705882,10.0,-36.15555555555556,-6.0,650
small,738,605,44.46258503401361,12.775510204081634,21.972789115646258,18.75887392900857,6.0,-19.00745473908413,-4.0,1615,576,266.557911908646,76.5905383360522,131.72920065252856,18.75887392900857,6.0,-19.00745473908413,-4.0,1615,468,0,0,0,18.75887392900857,6.0,-19.00745473908413,-4.0,1615
