Type,Added Average,Added Median,Added Max,Deleted Average,Deleted Median,Deleted Min,Zero Count
large,26.717020228736114,4.0,36995,-17.388473486877345,-2.0,-27359,294638
small,19.470044439372,3.0,36995,-13.360978300007748,-2.0,-19107,339576
