Type,Added Average,Added Median,Added Max,Deleted Average,Deleted Median,Deleted Min,Zero Count
large,20.12992310441124,4.0,59508,-21.10574276802642,-3.0,-93721,409063
small,17.823079660393365,4.0,59508,-20.619097691652897,-3.0,-93721,543119
