Type,Added Average,Added Median,Added Max,Deleted Average,Deleted Median,Deleted Min,Zero Count
large,23.88074304282767,3.0,110010,-56.559195658270234,-2.0,-824753,195471
small,20.068981085943307,3.0,110010,-18.252634119847926,-2.0,-31243,241943
