Type,Added Average,Added Median,Added Max,Deleted Average,Deleted Median,Deleted Min,Zero Count
large,29.139720888225025,5.0,210080,-26.99231145053871,-4.0,-17855,242141
small,23.57750833970568,4.0,210080,-22.37983513811023,-4.0,-39872,292481
