Type,Added Average,Added Median,Added Max,Deleted Average,Deleted Median,Deleted Min,Zero Count
large,30.39066779568881,6.0,68602,-38.73079111292652,-4.0,-112362,157080
small,25.90575882601862,6.0,114331,-29.820666040016114,-4.0,-102225,230537
