Type,Added Average,Added Median,Added Max,Deleted Average,Deleted Median,Deleted Min,Zero Count
large,15.660348375095127,4.0,14836,-12.203233766233767,-3.0,-101080,309571
small,14.52274221298198,4.0,20233,-11.817236453776935,-3.0,-101080,351433
