Type,Added Average,Added Median,Added Max,Deleted Average,Deleted Median,Deleted Min,Zero Count
large,32.73876363168251,6.0,63505,-41.00908481322057,-4.0,-144252,176815
small,30.287395712698824,6.0,63505,-32.31480840140974,-4.0,-37659,195880
