Type,Added Average,Added Median,Added Max,Deleted Average,Deleted Median,Deleted Min,Zero Count
large,14.395131025181946,5.0,30500,-14.192934586628843,-2.0,-44392,185884
small,10.784743597038938,3.0,27524,-9.810823711246478,-2.0,-33867,203331
