Type,Added Average,Added Median,Added Max,Deleted Average,Deleted Median,Deleted Min,Zero Count
large,23.763957718639894,5.0,17287,-35.723942093541204,-4.0,-19076,16753
small,22.14329974872533,5.0,17287,-34.27755679306992,-4.0,-19076,21962
