Type,Added Average,Added Median,Added Max,Deleted Average,Deleted Median,Deleted Min,Zero Count
large,20.709982310578866,4.0,43229,-19.222521055984146,-3.0,-57794,201499
small,15.60866861242192,3.0,43229,-15.157053929950623,-3.0,-29826,264641
