Type,Added Average,Added Median,Added Max,Deleted Average,Deleted Median,Deleted Min,Zero Count
large,21.71627564993322,5.0,40380,-20.994380933927534,-3.0,-39709,103199
small,19.29269519107698,5.0,23954,-18.501865512924905,-3.0,-19424,139286
