Type,Added Average,Added Median,Added Max,Deleted Average,Deleted Median,Deleted Min,Zero Count
large,14.119171275446348,5.0,30362,-13.703809488710352,-2.0,-130420,340435
small,13.138378661795548,4.0,30362,-12.855834361397546,-2.0,-130420,378891
