Type,Added Average,Added Median,Added Max,Deleted Average,Deleted Median,Deleted Min,Zero Count
large,18.685679695607057,6.0,51363,-15.413024647610047,-3.0,-3242,29935
small,17.07345773569141,5.0,51363,-13.482478488679517,-3.0,-2607,50312
