Type,Added Average,Added Median,Added Max,Deleted Average,Deleted Median,Deleted Min,Zero Count
large,21.46281472856935,4.0,124773,-22.1572990573147,-3.0,-62132,344697
small,17.978638017635262,3.0,206359,-17.893021447923374,-3.0,-62132,382895
