language,total,large files,small p/ language,small proportion,small files,files available
JavaScript,8092.0,88.0,9976.0,0.010874938210578349,109,8004.0
Perl,1314.0,2.0,3692.0,0.0015220700152207,6,1312.0
Swift,24.0,3.0,7649.0,0.125,957,21.0
TypeScript,170.0,1.0,9508.0,0.0058823529411764705,56,169.0
