Type,#Files,Total Filtered Files,%% Grew,%% Decreased,%% Zero,Grew Average,Grew Median,Decreased Average,Decreased Median,Zero Total,Total Large Files,%% Large Grew,%% Large Decreased,%% Large Zero,Large Grew Average,Large Grew Median,Large Decreased Average,Large Decreased Median,Large Zero Total,Total Small Files,%% Small Grew,%% Small Decreased,%% Small Zero,Small Grew Average,Small Grew Median,Small Decreased Average,Small Decreased Median,Small Zero Total
large,251,135,11.983471074380166,1.2396694214876034,4.132231404958678,70.93103448275862,26.0,-203.0,-3.0,10,135,17.058823529411764,1.7647058823529411,5.88235294117647,70.93103448275862,26.0,-203.0,-3.0,10,36,0,0,0,70.93103448275862,26.0,-203.0,-3.0,10
small,835,399,14.863387978142075,3.3879781420765025,3.934426229508197,30.566176470588236,12.0,-23.774193548387096,-9.0,36,399,32.850241545893724,7.487922705314009,8.695652173913043,30.566176470588236,12.0,-23.774193548387096,-9.0,36,185,0,0,0,30.566176470588236,12.0,-23.774193548387096,-9.0,36
