Type,#Files,Total Filtered Files,%% Grew,%% Decreased,%% Zero,Grew Average,Grew Median,Decreased Average,Decreased Median,Zero Total,Total Large Files,%% Large Grew,%% Large Decreased,%% Large Zero,Large Grew Average,Large Grew Median,Large Decreased Average,Large Decreased Median,Large Zero Total,Total Small Files,%% Small Grew,%% Small Decreased,%% Small Zero,Small Grew Average,Small Grew Median,Small Decreased Average,Small Decreased Median,Small Zero Total
large,59761,29519,26.724995711099673,13.458226110825183,21.56527706296106,34.54684811914238,5.0,-35.73582500509892,-4.0,31426,29491,59.092633335862224,29.757984978377966,47.683787269554664,34.54684811914238,5.0,-35.73582500509892,-4.0,31426,14818,0,0,0,34.54684811914238,5.0,-35.73582500509892,-4.0,31426
small,43404,25455,22.006055472453006,11.15846955142646,21.77537080757655,25.46820359526637,4.0,-19.59904708067512,-2.0,24165,25428,68.54247944090488,34.75539588537428,67.82396362513683,25.46820359526637,4.0,-19.59904708067512,-2.0,24165,13633,0,0,0,25.46820359526637,4.0,-19.59904708067512,-2.0,24165
