Type,#Files,Total Filtered Files,%% Grew,%% Decreased,%% Zero,Grew Average,Grew Median,Decreased Average,Decreased Median,Zero Total,Total Large Files,%% Large Grew,%% Large Decreased,%% Large Zero,Large Grew Average,Large Grew Median,Large Decreased Average,Large Decreased Median,Large Zero Total,Total Small Files,%% Small Grew,%% Small Decreased,%% Small Zero,Small Grew Average,Small Grew Median,Small Decreased Average,Small Decreased Median,Small Zero Total
large,34468,14223,7.483296213808463,1.0957683741648108,2.96362286562732,6.733333333333333,1.0,-9.89159891598916,-3.0,998,14220,10.743519781718962,1.5731582537517053,4.254774897680764,6.733333333333333,1.0,-9.89159891598916,-3.0,998,2880,0,0,0,6.733333333333333,1.0,-9.89159891598916,-3.0,998
small,35411,14452,5.4697865154987335,1.4272504321955533,8.995698146584651,8.46563763322308,1.0,-10.532394366197183,-4.0,4475,14449,11.611333959204574,3.0297857813433473,19.096185030297857,8.46563763322308,1.0,-10.532394366197183,-4.0,4475,12574,0,0,0,8.46563763322308,1.0,-10.532394366197183,-4.0,4475
