Type,#Files,Total Filtered Files,%% Grew,%% Decreased,%% Zero,Grew Average,Grew Median,Decreased Average,Decreased Median,Zero Total,Total Large Files,%% Large Grew,%% Large Decreased,%% Large Zero,Large Grew Average,Large Grew Median,Large Decreased Average,Large Decreased Median,Large Zero Total,Total Small Files,%% Small Grew,%% Small Decreased,%% Small Zero,Small Grew Average,Small Grew Median,Small Decreased Average,Small Decreased Median,Small Zero Total
large,2713,1248,20.83642662707251,7.324919574362782,10.170749814402376,39.55225653206651,9.0,-40.75,-7.0,411,1241,38.30755232029117,13.466787989080983,18.698817106460417,39.55225653206651,9.0,-40.75,-7.0,411,687,0,0,0,39.55225653206651,9.0,-40.75,-7.0,411
small,3331,1843,20.735271496692818,7.952622673434856,10.936778957083526,25.12166172106825,6.0,-17.79303675048356,-3.0,711,1832,62.873134328358205,24.113805970149254,33.16231343283582,25.12166172106825,6.0,-17.79303675048356,-3.0,711,1166,0,0,0,25.12166172106825,6.0,-17.79303675048356,-3.0,711
