Type,#Files,Total Filtered Files,%% Grew,%% Decreased,%% Zero,Grew Average,Grew Median,Decreased Average,Decreased Median,Zero Total,Total Large Files,%% Large Grew,%% Large Decreased,%% Large Zero,Large Grew Average,Large Grew Median,Large Decreased Average,Large Decreased Median,Large Zero Total,Total Small Files,%% Small Grew,%% Small Decreased,%% Small Zero,Small Grew Average,Small Grew Median,Small Decreased Average,Small Decreased Median,Small Zero Total
large,98,59,36.607142857142854,11.607142857142858,32.73809523809524,45.34552845528455,17.0,-81.66666666666667,-11.0,220,59,65.07936507936508,20.634920634920633,58.201058201058196,45.34552845528455,17.0,-81.66666666666667,-11.0,220,36,0,0,0,45.34552845528455,17.0,-81.66666666666667,-11.0,220
small,426,198,34.835355285961874,21.25938763720393,22.0103986135182,42.956882255389715,9.0,-54.067934782608695,-18.0,381,198,213.07420494699647,130.03533568904592,134.62897526501766,42.956882255389715,9.0,-54.067934782608695,-18.0,381,92,0,0,0,42.956882255389715,9.0,-54.067934782608695,-18.0,381
