Type,#Files,Total Filtered Files,%% Grew,%% Decreased,%% Zero,Grew Average,Grew Median,Decreased Average,Decreased Median,Zero Total,Total Large Files,%% Large Grew,%% Large Decreased,%% Large Zero,Large Grew Average,Large Grew Median,Large Decreased Average,Large Decreased Median,Large Zero Total,Total Small Files,%% Small Grew,%% Small Decreased,%% Small Zero,Small Grew Average,Small Grew Median,Small Decreased Average,Small Decreased Median,Small Zero Total
large,102,91,40.07561436672968,7.372400756143667,17.391304347826086,24.797169811320753,14.0,-21.23076923076923,-8.0,92,65,81.53846153846153,15.0,35.38461538461539,24.797169811320753,14.0,-21.23076923076923,-8.0,92,53,0,0,0,24.797169811320753,14.0,-21.23076923076923,-8.0,92
small,450,406,32.38401469912724,8.543867707854847,15.663757464400552,15.61276595744681,7.0,-8.456989247311828,-4.0,341,363,176.69172932330827,46.616541353383454,85.46365914786968,15.61276595744681,7.0,-8.456989247311828,-4.0,341,299,0,0,0,15.61276595744681,7.0,-8.456989247311828,-4.0,341
