Type,#Files,#Files Filtered by Language,Total Files,Only Added,Time Average,Time Median,Total Large Files,Only Added Large,Time Large Average,Time Large Median,Total Small Files,Only Added Small,Time Small Average,Time Small Median,Large p/ Small (Average),Large p/ Small (Median)
large,267,146,146,61,7624423.032407408,1609423.0,1,0,1177882.3230769231,267459.5,145,61,9242280.739382239,2251811.0,7.846523000055805,8.419259738390299
small,289,154,154,56,6811748.603076923,1717026.5,1,0,9913525.066666666,2015392.0,153,56,6738478.292913386,1711764.0,0.6797257532107233,0.8493454375129007
