Type,#Files,#Files Filtered by Language,Total Files,Only Added,Time Average,Time Median,Total Large Files,Only Added Large,Time Large Average,Time Large Median,Total Small Files,Only Added Small,Time Small Average,Time Small Median,Large p/ Small (Average),Large p/ Small (Median)
large,734,607,607,385,20044852.604247104,6929099.5,6,3,4146640.1466666665,328971.0,601,382,22736423.56207675,8864388.0,5.483095411680162,26.945803733459787
small,1938,1531,1518,827,14984263.919572292,5190900.0,4,2,36369326.75,23839927.0,1514,825,14944422.163018165,5187373.0,0.4109073083960281,0.21759181561252264
