Type,#Files,#Files Filtered by Language,Total Files,Only Added,Time Average,Time Median,Total Large Files,Only Added Large,Time Large Average,Time Large Median,Total Small Files,Only Added Small,Time Small Average,Time Small Median,Large p/ Small (Average),Large p/ Small (Median)
large,375,218,218,178,1234443.2085561496,156421.0,1,0,444810.96875,80751.0,217,178,2947543.661016949,732923.0,6.626508490337108,9.076333420019566
small,602,408,405,322,2038573.5652173914,582916.0,1,0,2738570.5714285714,537718.5,404,322,1971907.1836734693,582916.0,0.7200497968707912,1.0840542030820959
