Type,#Files,#Files Filtered by Language,Total Files,Only Added,Time Average,Time Median,Total Large Files,Only Added Large,Time Large Average,Time Large Median,Total Small Files,Only Added Small,Time Small Average,Time Small Median,Large p/ Small (Average),Large p/ Small (Median)
large,53,30,30,24,11438851.923076924,11518108.0,2,0,8184167.333333333,6318667.0,28,24,14228581.57142857,14219243.0,1.7385496889191054,2.2503548612389292
small,465,332,330,296,6257011.892307692,1446433.0,2,1,6802820.666666667,4543850.0,328,295,6230601.79032258,1446433.0,0.9158850564519629,0.3183276296532676
