Type,#Files,#Files Filtered by Language,Total Files,Only Added,Time Average,Time Median,Total Large Files,Only Added Large,Time Large Average,Time Large Median,Total Small Files,Only Added Small,Time Small Average,Time Small Median,Large p/ Small (Average),Large p/ Small (Median)
large,2978,2275,2275,734,8611982.89324693,2075055.0,11,2,2189830.9315068494,274390.0,2264,732,8861132.809920283,2999739.0,4.046491755335116,10.932391851014978
small,3933,3216,3216,882,8132375.755428103,1544810.0,8,3,3693558.787234043,584552.0,3208,879,8149535.189340352,1555768.0,2.2064181616676555,2.6614706647141744
