Type,#Files,#Files Filtered by Language,Total Files,Only Added,Time Average,Time Median,Total Large Files,Only Added Large,Time Large Average,Time Large Median,Total Small Files,Only Added Small,Time Small Average,Time Small Median,Large p/ Small (Average),Large p/ Small (Median)
large,13724,9482,8975,3849,7350721.754927856,1015813.5,371,19,2046313.0802769791,348587.0,8604,3830,10033706.17880146,2081880.0,4.903309408276541,5.972339760232022
small,23267,17798,16610,5474,8606079.377237413,1328128.0,321,20,3592973.9380208943,1009599.0,16289,5454,9077501.982536897,1389675.0,2.5264591781417227,1.3764623380173713
