Type,#Files,#Files Filtered by Language,Total Files,Only Added,Time Average,Time Median,Total Large Files,Only Added Large,Time Large Average,Time Large Median,Total Small Files,Only Added Small,Time Small Average,Time Small Median,Large p/ Small (Average),Large p/ Small (Median)
large,38802,29794,27721,8768,9312921.396420186,1089110.0,554,34,1695651.893145817,275282.0,27167,8734,12158413.820937797,2499537.5,7.170347799618939,9.079916231355483
small,48757,38140,36080,9473,15941298.835081208,5221251.0,429,31,6251936.866427777,915664.0,35651,9442,16599653.841103528,6000557.0,2.6551217959736393,6.553230224187038
