Type,#Files,#Files Filtered by Language,Total Files,Only Added,Time Average,Time Median,Total Large Files,Only Added Large,Time Large Average,Time Large Median,Total Small Files,Only Added Small,Time Small Average,Time Small Median,Large p/ Small (Average),Large p/ Small (Median)
large,4120,2900,2791,1501,7376454.084879589,2048854.0,40,23,3112633.766536965,583533.0,2751,1478,7604318.884591391,2240714.0,2.4430496662804497,3.839909653781363
small,8924,6498,6204,2925,9345551.351518065,3684284.0,34,20,4333065.54601227,893038.0,6170,2905,9411869.142613636,3725280.0,2.172104031815397,4.171468627314851
