Type,#Files,#Files Filtered by Language,Total Files,Only Added,Time Average,Time Median,Total Large Files,Only Added Large,Time Large Average,Time Large Median,Total Small Files,Only Added Small,Time Small Average,Time Small Median,Large p/ Small (Average),Large p/ Small (Median)
large,2634,1682,1672,856,73145225.91277258,58754609.0,4,1,3430964.568421053,927233.0,1668,855,78715330.89823382,70848261.0,22.942624247052194,76.40826092255129
small,6121,4158,4004,1550,30145801.951491054,8985536.0,4,1,15997352.933333334,6972069.0,4000,1549,30188120.34336989,8985536.0,1.8870697214204462,1.2887904580405043
