Type,#Files,#Files Filtered by Language,Total Files,Only Added,Time Average,Time Median,Total Large Files,Only Added Large,Time Large Average,Time Large Median,Total Small Files,Only Added Small,Time Small Average,Time Small Median,Large p/ Small (Average),Large p/ Small (Median)
large,729,578,577,244,8811280.972595656,526736.5,7,0,1365457.6673758866,112563.5,570,244,13082481.485353947,1661447.5,9.581023123547753,14.760090970874218
small,1492,1190,1188,486,15572110.065725721,1911317.0,6,2,5283853.378787879,607959.5,1182,484,16019917.237414816,2108910.0,3.0318625610860157,3.468833039042897
