Type,#Files,#Files Filtered by Language,Total Files,Only Added,Time Average,Time Median,Total Large Files,Only Added Large,Time Large Average,Time Large Median,Total Small Files,Only Added Small,Time Small Average,Time Small Median,Large p/ Small (Average),Large p/ Small (Median)
large,2332,1983,1784,599,8219620.824496029,690859.0,5,1,566497.9906103286,107720.0,1779,598,9364364.619171347,1059471.0,16.530269788040115,9.835415893056071
small,2382,2088,1846,444,14109958.533381127,1454581.0,5,1,5156022.548717949,1297761.0,1841,443,14269208.5805363,1454581.0,2.767483742693165,1.1208388909822378
