Type,#Files,#Files Filtered by Language,Total Files,Only Added,Time Average,Time Median,Total Large Files,Only Added Large,Time Large Average,Time Large Median,Total Small Files,Only Added Small,Time Small Average,Time Small Median,Large p/ Small (Average),Large p/ Small (Median)
large,363,314,311,293,13303289.529411765,7498062.5,1,0,7585394.222222222,7321994.0,310,293,15361731.84,7674131.0,2.0251725078435827,1.0480930467847966
small,1433,1009,913,561,19179532.74674385,8278986.0,1,0,19316950.0,19316950.0,912,561,19179333.591304347,8278986.0,0.992875872811409,0.42858660399286636
