Type,#Files,#Files Filtered by Language,Total Files,Only Added,Time Average,Time Median,Total Large Files,Only Added Large,Time Large Average,Time Large Median,Total Small Files,Only Added Small,Time Small Average,Time Small Median,Large p/ Small (Average),Large p/ Small (Median)
large,1709,1405,1389,125,8444192.915467544,4146615.0,54,0,3098365.4081121683,1130819.0,1335,125,9656023.045689313,5386050.0,3.116489430332467,4.762963834176822
small,1868,1536,1515,150,8549414.56863167,4146615.0,52,0,3821379.50914435,1300233.0,1463,150,9266891.194270989,4841355.0,2.425012007338143,3.723451873625727
