Type,#Files,#Files Filtered by Language,Total Files,Only Added,Time Average,Time Median,Total Large Files,Only Added Large,Time Large Average,Time Large Median,Total Small Files,Only Added Small,Time Small Average,Time Small Median,Large p/ Small (Average),Large p/ Small (Median)
large,1746,906,904,231,7107321.101372605,1661361.0,5,0,869275.5280548629,201326.0,899,231,8963689.394434137,3960659.0,10.311678064251694,19.672863912261704
small,1597,829,825,199,9215646.769258788,3468633.0,5,0,2264923.1329011344,589382.0,820,199,10095539.35925318,4365993.0,4.457343038534746,7.4077474371460275
