Type,#Files,#Files Filtered by Language,Total Files,Only Added,Time Average,Time Median,Total Large Files,Only Added Large,Time Large Average,Time Large Median,Total Small Files,Only Added Small,Time Small Average,Time Small Median,Large p/ Small (Average),Large p/ Small (Median)
large,236,86,85,20,5295767.542910447,603807.0,5,0,1382213.3719806764,250512.0,80,20,7758094.939209727,1384796.0,5.612805588830742,5.527862936705627
small,255,101,100,20,4189271.4138851804,541192.0,5,0,1668288.0116959065,249392.0,95,20,4935098.683391004,604707.0,2.9581814703410862,2.4247249310322703
