Type,#Files,#Files Filtered by Language,Total Files,Only Added,Time Average,Time Median,Total Large Files,Only Added Large,Time Large Average,Time Large Median,Total Small Files,Only Added Small,Time Small Average,Time Small Median,Large p/ Small (Average),Large p/ Small (Median)
large,151,66,66,14,3519605.823321555,1040510.0,1,0,1985014.725,232689.0,65,14,3772213.411522634,1055891.0,1.900345304250896,4.537777892379958
small,149,72,72,16,2248129.1101321587,666340.0,1,0,1957409.238095238,895787.0,71,16,2262228.688221709,666340.0,1.1557259688950337,0.7438598684731973
