Type,#Files,#Files Filtered by Language,Total Files,Only Added,Time Average,Time Median,Total Large Files,Only Added Large,Time Large Average,Time Large Median,Total Small Files,Only Added Small,Time Small Average,Time Small Median,Large p/ Small (Average),Large p/ Small (Median)
large,225,188,183,117,2768841.6642335765,648201.0,1,0,1141732.4444444445,106384.0,182,117,2883247.78125,663952.0,2.525327010964429,6.241088885546699
small,559,340,334,166,3313935.789772727,431337.0,2,1,10193011.0,10193011.0,332,165,3300882.5161290322,431337.0,0.3238378253618123,0.04231693657546332
