Type,#Files,#Files Filtered by Language,Total Files,Only Added,Time Average,Time Median,Total Large Files,Only Added Large,Time Large Average,Time Large Median,Total Small Files,Only Added Small,Time Small Average,Time Small Median,Large p/ Small (Average),Large p/ Small (Median)
large,5255,3624,2640,547,1482540.3074670571,2256736.0,35,25,7061983.9375,2256736.0,2605,522,1460670.856687898,2256736.0,0.2068357659285455,1.0
small,4873,3625,2641,542,1515763.1835443038,2256736.0,35,25,8070838.785714285,2256736.0,2606,517,1493347.1946751343,2256736.0,0.18502998688543004,1.0
