Type,#Files,#Files Filtered by Language,Total Files,Only Added,Time Average,Time Median,Total Large Files,Only Added Large,Time Large Average,Time Large Median,Total Small Files,Only Added Small,Time Small Average,Time Small Median,Large p/ Small (Average),Large p/ Small (Median)
large,238,202,201,144,8251869.552631579,4064683.5,6,0,4603916.837837838,1297216.0,195,144,9425558.686956521,4770085.0,2.047291256325798,3.6771709568799644
small,625,452,450,199,9480878.3319714,4239250.0,6,0,4740750.282051282,2012159.0,444,199,9677543.219148936,4378613.0,2.0413526643216366,2.1760770396375237
