Type,#Files,#Files Filtered by Language,Total Files,Only Added,Time Average,Time Median,Total Large Files,Only Added Large,Time Large Average,Time Large Median,Total Small Files,Only Added Small,Time Small Average,Time Small Median,Large p/ Small (Average),Large p/ Small (Median)
large,1443,802,800,373,5195809.178551532,994490.0,26,1,1214521.516607774,169127.0,774,372,7785934.255172414,3148640.0,6.410700962234873,18.61701561548422
small,1766,1008,1005,419,5232543.930246077,1136423.0,25,0,2298731.974842767,600992.0,980,419,5766758.429683921,1279428.0,2.5086693415305046,2.128860284329908
