Type,#Files,#Files Filtered by Language,Total Files,Only Added,Time Average,Time Median,Total Large Files,Only Added Large,Time Large Average,Time Large Median,Total Small Files,Only Added Small,Time Small Average,Time Small Median,Large p/ Small (Average),Large p/ Small (Median)
large,360,321,319,178,2823023.6598101268,1207278.0,3,1,777096.75,426249.5,316,177,2946603.137583893,1284825.0,3.791809884141058,3.0142557351973434
small,473,402,400,220,2676007.934354486,1054740.0,3,1,1540400.1363636365,723551.0,397,219,2733440.972413793,1054740.0,1.7745006040226161,1.4577272369190286
