Type,#Files,#Files Filtered by Language,Total Files,Only Added,Time Average,Time Median,Total Large Files,Only Added Large,Time Large Average,Time Large Median,Total Small Files,Only Added Small,Time Small Average,Time Small Median,Large p/ Small (Average),Large p/ Small (Median)
large,15,11,11,3,6334057.0,603305.0,1,0,10311063.0,1205576.0,10,3,1220763.5714285714,603305.0,0.11839357119906758,0.5004288406537621
small,2043,1008,1006,773,12528818.850066934,4083959.0,3,2,38054013.0,38054013.0,1003,771,12494602.772117963,4072245.0,0.328338637297411,0.10701223547697847
