Type,#Files,#Files Filtered by Language,Total Files,Only Added,Time Average,Time Median,Total Large Files,Only Added Large,Time Large Average,Time Large Median,Total Small Files,Only Added Small,Time Small Average,Time Small Median,Large p/ Small (Average),Large p/ Small (Median)
large,78561,50147,49458,22285,17257212.907112718,2151102.5,590,59,1101080.2310172808,88771.0,48868,22226,22647344.323135912,4987726.0,20.56829619237844,56.18643475909926
small,74487,47440,46774,21835,17093247.14263853,3439461.5,257,20,1694003.6873496873,336791.0,46517,21815,18423891.08579456,4147713.0,10.875945089953857,12.315391444545726
