Type,#Files,#Files Filtered by Language,Total Files,Only Added,Time Average,Time Median,Total Large Files,Only Added Large,Time Large Average,Time Large Median,Total Small Files,Only Added Small,Time Small Average,Time Small Median,Large p/ Small (Average),Large p/ Small (Median)
large,626,521,418,113,3105886.484815618,18927.0,105,1,249316.52475247523,0.0,313,112,5333790.469111969,1188891.0,21.393649997357482,0.0
small,1406,951,940,579,5012511.9768976895,1290312.0,5,1,2267289.24,1187051.0,935,578,5090148.366515837,1290312.0,2.2450370586665143,1.0869895227753483
