Type,#Files,#Files Filtered by Language,Total Files,Only Added,Time Average,Time Median,Total Large Files,Only Added Large,Time Large Average,Time Large Median,Total Small Files,Only Added Small,Time Small Average,Time Small Median,Large p/ Small (Average),Large p/ Small (Median)
large,63,38,38,19,2957347.9736842103,705551.0,8,5,7845926.545454546,2488509.0,30,14,965704.8518518518,1.0,0.12308359583245432,4.01847049779607e-07
small,443,314,314,90,2981576.584832905,1232921.0,13,8,2391898.117647059,771027.0,301,82,2994749.4283837057,1232921.0,1.2520388750210145,1.5990633272245978
