Type,#Files,#Files Filtered by Language,Total Files,Only Added,Time Average,Time Median,Total Large Files,Only Added Large,Time Large Average,Time Large Median,Total Small Files,Only Added Small,Time Small Average,Time Small Median,Large p/ Small (Average),Large p/ Small (Median)
large,386,356,353,130,10331376.435308343,896794.0,7,0,1887221.1470588236,218875.5,346,130,11519381.731034482,1194113.0,6.1038854661983235,5.455672288584149
small,684,640,640,150,20728763.630668256,4312405.0,5,1,5613426.108108108,629054.0,635,149,21069988.45576571,4754483.0,3.7534988525691886,7.558147631204952
