Type,#Files,#Files Filtered by Language,Total Files,Only Added,Time Average,Time Median,Total Large Files,Only Added Large,Time Large Average,Time Large Median,Total Small Files,Only Added Small,Time Small Average,Time Small Median,Large p/ Small (Average),Large p/ Small (Median)
large,944,834,831,354,12782392.86451613,5880365.5,7,0,9680760.961538462,3598557.5,824,354,12835307.844488189,5977296.0,1.325857326245602,1.661025563715461
small,2314,2108,2096,744,12065313.058135144,4298344.0,15,1,7653658.41,2790646.0,2081,743,12150185.213736052,4344209.5,1.587500325055146,1.5567038958004706
