Type,#Files,#Files Filtered by Language,Total Files,Only Added,Time Average,Time Median,Total Large Files,Only Added Large,Time Large Average,Time Large Median,Total Small Files,Only Added Small,Time Small Average,Time Small Median,Large p/ Small (Average),Large p/ Small (Median)
large,924,767,763,392,4108233.0070505287,438920.5,19,0,1251642.4454828661,100318.0,744,392,4772219.661839247,670820.0,3.8127659213396132,6.686935544967005
small,1573,1362,1357,541,4065333.2433359725,541217.0,12,1,1477169.887804878,147106.0,1345,540,4213372.720982143,591778.5,2.852327789624354,4.022803284706266
