Type,#Files,#Files Filtered by Language,Total Files,Only Added,Time Average,Time Median,Total Large Files,Only Added Large,Time Large Average,Time Large Median,Total Small Files,Only Added Small,Time Small Average,Time Small Median,Large p/ Small (Average),Large p/ Small (Median)
large,500,232,232,121,3071083.2372505544,544289.0,6,1,1622069.211678832,339441.0,226,120,3703296.3630573247,783768.0,2.2830692651051767,2.3089962615005257
small,500,230,230,120,3164860.8556962027,960792.0,6,1,3646605.2321428573,773573.5,224,119,3085280.663716814,968619.0,0.8460692801408087,1.252135705269118
