Type,#Files,#Files Filtered by Language,Total Files,Only Added,Time Average,Time Median,Total Large Files,Only Added Large,Time Large Average,Time Large Median,Total Small Files,Only Added Small,Time Small Average,Time Small Median,Large p/ Small (Average),Large p/ Small (Median)
large,720,323,323,96,7605122.688219664,439274.0,7,0,1726082.1230769232,186512.0,316,96,8832545.504282655,500032.0,5.1171061829536315,2.680964227502788
small,754,346,346,85,6362903.4367666235,609173.0,7,0,2030890.9212121211,196271.0,339,85,6885023.279766253,780235.0,3.3901492236013255,3.975294363405699
