Type,#Files,#Files Filtered by Language,Total Files,Only Added,Time Average,Time Median,Total Large Files,Only Added Large,Time Large Average,Time Large Median,Total Small Files,Only Added Small,Time Small Average,Time Small Median,Large p/ Small (Average),Large p/ Small (Median)
large,149,136,136,84,9033227.59,456217.5,3,0,14168417.714285715,12523638.0,133,84,8846977.170984456,386043.0,0.6244153263539257,0.030825148411348206
small,322,270,269,123,10747067.521091811,666588.0,4,0,3802185.9677419355,454899.0,265,123,11325807.650537634,783420.5,2.9787621506750948,1.7221855840527238
