Type,#Files,#Files Filtered by Language,Total Files,Only Added,Time Average,Time Median,Total Large Files,Only Added Large,Time Large Average,Time Large Median,Total Small Files,Only Added Small,Time Small Average,Time Small Median,Large p/ Small (Average),Large p/ Small (Median)
large,151,132,132,45,11008188.55,1597386.0,7,0,7248749.1,250906.0,125,45,11601784.252631579,1991410.5,1.6005222546096374,7.936878751404908
small,611,479,479,259,7148858.502369668,641557.0,9,3,7811790.25,1599512.5,470,256,7127229.407830343,629086.0,0.9123682510331537,0.3932985831620572
