Type,#Files,#Files Filtered by Language,Total Files,Only Added,Time Average,Time Median,Total Large Files,Only Added Large,Time Large Average,Time Large Median,Total Small Files,Only Added Small,Time Small Average,Time Small Median,Large p/ Small (Average),Large p/ Small (Median)
large,122,113,112,27,11536580.513914656,1368918.0,11,0,4780584.729357799,566731.5,101,27,16124764.566978194,2335256.0,3.3729690989378867,4.120568558479633
small,172,163,161,26,16051043.495481927,2500716.0,6,0,6789307.482352941,561065.0,155,26,17410711.131260794,2500716.0,2.564431081743677,4.457087859695401
