Type,#Files,#Files Filtered by Language,Total Files,Only Added,Time Average,Time Median,Total Large Files,Only Added Large,Time Large Average,Time Large Median,Total Small Files,Only Added Small,Time Small Average,Time Small Median,Large p/ Small (Average),Large p/ Small (Median)
large,255,242,242,53,6011432.184186882,452162.0,38,2,3011850.597633136,221547.0,204,51,8520983.115511551,879114.5,2.829151991206924,3.9680722374936246
small,559,506,505,192,11909047.08318739,1188387.0,23,1,3884098.1707317075,339051.5,482,191,13254744.03783231,1479320.0,3.4125666899236253,4.363112978411834
