Type,#Files,#Files Filtered by Language,Total Files,Only Added,Time Average,Time Median,Total Large Files,Only Added Large,Time Large Average,Time Large Median,Total Small Files,Only Added Small,Time Small Average,Time Small Median,Large p/ Small (Average),Large p/ Small (Median)
large,1752,1244,1078,354,5851106.730586889,310275.0,28,1,894581.0358498524,81408.0,1050,353,8988299.048318205,740644.5,10.047495629928392,9.097932635613208
small,2483,2050,1887,743,6900587.698400312,770749.0,22,2,3002555.829015544,821523.0,1865,741,7396950.234660216,769789.0,2.4635512729451805,0.937026717450394
