Type,#Files,#Files Filtered by Language,Total Files,Only Added,Time Average,Time Median,Total Large Files,Only Added Large,Time Large Average,Time Large Median,Total Small Files,Only Added Small,Time Small Average,Time Small Median,Large p/ Small (Average),Large p/ Small (Median)
large,116,71,71,31,7223325.391167193,719664.0,4,0,1555341.2215189873,150575.5,67,31,12855661.86163522,2759951.0,8.265492924491541,18.329349728209436
small,274,183,183,69,9616416.897569444,1944981.5,4,1,6647815.116279069,1621104.0,179,68,9855910.099437147,2077663.0,1.4825788514036955,1.2816346144355946
