language,total,large files,small p/ language,small proportion,small files,files available,files missing
Elixir,755.0,5.0,4628.0,0.006622516556291391,31,750.0,0.0
Rust,180.0,4.0,8690.0,0.022222222222222223,194,176.0,18.0
Swift,41.0,1.0,7649.0,0.024390243902439025,187,40.0,147.0
