Type,#Files,Total Filtered Files,%% Grew,%% Decreased,%% Zero,Grew Average,Grew Median,Decreased Average,Decreased Median,Zero Total,Total Large Files,%% Large Grew,%% Large Decreased,%% Large Zero,Large Grew Average,Large Grew Median,Large Decreased Average,Large Decreased Median,Large Zero Total,Total Small Files,%% Small Grew,%% Small Decreased,%% Small Zero,Small Grew Average,Small Grew Median,Small Decreased Average,Small Decreased Median,Small Zero Total
large,51303,23732,13.455488039670538,6.182086272152672,6.275533683330672,21.920918545403783,6.0,-23.009722749715152,-5.0,13364,23725,68.32141154029566,31.390081068192654,31.86456843109204,21.920918545403783,6.0,-23.009722749715152,-5.0,13364,12273,0,0,0,21.920918545403783,6.0,-23.009722749715152,-5.0,13364
small,92364,53193,11.222088298520074,5.199249475005281,6.015880313629982,19.229404730268403,5.0,-19.660532479326992,-4.0,24207,53148,60.93187062300125,28.23003953635861,32.66404890094321,19.229404730268403,5.0,-19.660532479326992,-4.0,24207,30867,0,0,0,19.229404730268403,5.0,-19.660532479326992,-4.0,24207
