Type,#Files,Total Filtered Files,%% Grew,%% Decreased,%% Zero,Grew Average,Grew Median,Decreased Average,Decreased Median,Zero Total,Total Large Files,%% Large Grew,%% Large Decreased,%% Large Zero,Large Grew Average,Large Grew Median,Large Decreased Average,Large Decreased Median,Large Zero Total,Total Small Files,%% Small Grew,%% Small Decreased,%% Small Zero,Small Grew Average,Small Grew Median,Small Decreased Average,Small Decreased Median,Small Zero Total
large,32715,22641,27.252683635826152,9.883416577879327,33.82274146563776,29.15678741723351,6.0,-36.38478315054836,-4.0,54919,22610,69.09792164394685,25.058946612326476,85.75600006245999,29.15678741723351,6.0,-36.38478315054836,-4.0,54919,13462,0,0,0,29.15678741723351,6.0,-36.38478315054836,-4.0,54919
small,47962,34508,22.989092170647837,9.80514201946199,40.57426813464894,20.230359520639148,5.0,-22.593312057721658,-4.0,119292,34412,121.87821194799575,51.98261716284689,215.1072001731071,20.230359520639148,5.0,-22.593312057721658,-4.0,119292,23687,0,0,0,20.230359520639148,5.0,-22.593312057721658,-4.0,119292
