Type,#Files,Total Filtered Files,%% Grew,%% Decreased,%% Zero,Grew Average,Grew Median,Decreased Average,Decreased Median,Zero Total,Total Large Files,%% Large Grew,%% Large Decreased,%% Large Zero,Large Grew Average,Large Grew Median,Large Decreased Average,Large Decreased Median,Large Zero Total,Total Small Files,%% Small Grew,%% Small Decreased,%% Small Zero,Small Grew Average,Small Grew Median,Small Decreased Average,Small Decreased Median,Small Zero Total
large,18230,9442,42.03268836230237,16.30452191554108,25.175987858172473,41.81475903614458,8.0,-63.08536813546637,-6.0,33010,8980,88.07491929555407,34.16434941029821,52.7535398088663,41.81475903614458,8.0,-63.08536813546637,-6.0,33010,6535,0,0,0,41.81475903614458,8.0,-63.08536813546637,-6.0,33010
small,35819,19637,37.86283097264334,15.903287388984097,24.3417165902555,28.633040181564965,7.0,-32.38886159891932,-4.0,49855,18928,194.11264080100125,81.53191489361701,124.79349186483104,28.633040181564965,7.0,-32.38886159891932,-4.0,49855,13934,0,0,0,28.633040181564965,7.0,-32.38886159891932,-4.0,49855
