Type,#Files,Total Filtered Files,%% Grew,%% Decreased,%% Zero,Grew Average,Grew Median,Decreased Average,Decreased Median,Zero Total,Total Large Files,%% Large Grew,%% Large Decreased,%% Large Zero,Large Grew Average,Large Grew Median,Large Decreased Average,Large Decreased Median,Large Zero Total,Total Small Files,%% Small Grew,%% Small Decreased,%% Small Zero,Small Grew Average,Small Grew Median,Small Decreased Average,Small Decreased Median,Small Zero Total
large,73015,46231,26.62132897686258,12.74695110368147,20.099920215797273,28.45756029684601,7.0,-24.07086174136582,-5.0,42324,46078,72.94589178356713,34.92829815475106,55.076386539312395,28.45756029684601,7.0,-24.07086174136582,-5.0,42324,21887,0,0,0,28.45756029684601,7.0,-24.07086174136582,-5.0,42324
small,35091,17880,34.208659201931155,14.329519413477302,19.838363738674452,27.671943166376618,6.0,-27.52011837687098,-4.0,24326,17767,145.85694912896832,61.097395597899784,84.58569491289684,27.671943166376618,6.0,-27.52011837687098,-4.0,24326,10135,0,0,0,27.671943166376618,6.0,-27.52011837687098,-4.0,24326
