Type,#Files,Total Filtered Files,%% Grew,%% Decreased,%% Zero,Grew Average,Grew Median,Decreased Average,Decreased Median,Zero Total,Total Large Files,%% Large Grew,%% Large Decreased,%% Large Zero,Large Grew Average,Large Grew Median,Large Decreased Average,Large Decreased Median,Large Zero Total,Total Small Files,%% Small Grew,%% Small Decreased,%% Small Zero,Small Grew Average,Small Grew Median,Small Decreased Average,Small Decreased Median,Small Zero Total
large,134930,66697,28.237000441911324,12.214882213635796,20.335002776109594,27.483828250401285,6.0,-29.25489332096475,-4.0,71785,66562,63.58197150037633,27.504560705218978,45.78884253766569,27.483828250401285,6.0,-29.25489332096475,-4.0,71785,30911,0,0,0,27.483828250401285,6.0,-29.25489332096475,-4.0,71785
small,149475,85380,23.744775817517798,10.23496605843812,19.802236711429682,20.71789399130951,5.0,-18.62145838884448,-3.0,87134,85192,80.64371719666565,34.76072861994442,67.2537820314912,20.71789399130951,5.0,-18.62145838884448,-3.0,87134,53519,0,0,0,20.71789399130951,5.0,-18.62145838884448,-3.0,87134
