Type,#Files,Total Filtered Files,%% Grew,%% Decreased,%% Zero,Grew Average,Grew Median,Decreased Average,Decreased Median,Zero Total,Total Large Files,%% Large Grew,%% Large Decreased,%% Large Zero,Large Grew Average,Large Grew Median,Large Decreased Average,Large Decreased Median,Large Zero Total,Total Small Files,%% Small Grew,%% Small Decreased,%% Small Zero,Small Grew Average,Small Grew Median,Small Decreased Average,Small Decreased Median,Small Zero Total
large,323,306,27.906976744186046,3.488372093023256,11.960132890365449,118.42261904761905,41.0,-17.333333333333332,-13.0,72,306,33.13609467455622,4.142011834319527,14.201183431952662,118.42261904761905,41.0,-17.333333333333332,-13.0,72,17,0,0,0,118.42261904761905,41.0,-17.333333333333332,-13.0,72
small,447,409,27.751196172248804,7.655502392344498,30.65881486934118,25.141909814323608,8.0,-19.014423076923077,-5.0,833,0,0.0,0.0,0.0,0.0,0.0,0.0,0.0,0,0,0,0,0,0.0,0.0,0.0,0.0,0
