Type,#Files,Total Filtered Files,%% Grew,%% Decreased,%% Zero,Grew Average,Grew Median,Decreased Average,Decreased Median,Zero Total,Total Large Files,%% Large Grew,%% Large Decreased,%% Large Zero,Large Grew Average,Large Grew Median,Large Decreased Average,Large Decreased Median,Large Zero Total,Total Small Files,%% Small Grew,%% Small Decreased,%% Small Zero,Small Grew Average,Small Grew Median,Small Decreased Average,Small Decreased Median,Small Zero Total
large,44,39,44.86215538847117,7.017543859649122,24.561403508771928,31.843575418994412,14.0,-19.285714285714285,-9.5,98,1,96.23655913978494,15.053763440860216,52.68817204301075,31.843575418994412,14.0,-19.285714285714285,-9.5,98,38,0,0,0,31.843575418994412,14.0,-19.285714285714285,-9.5,98
small,55,47,35.39651837524178,13.152804642166343,29.206963249516445,15.453551912568306,6.0,-10.735294117647058,-3.0,151,0,0.0,0.0,0.0,0.0,0.0,0.0,0.0,0,0,0,0,0,0.0,0.0,0.0,0.0,0
