Type,#Files,Total Filtered Files,%% Grew,%% Decreased,%% Zero,Grew Average,Grew Median,Decreased Average,Decreased Median,Zero Total,Total Large Files,%% Large Grew,%% Large Decreased,%% Large Zero,Large Grew Average,Large Grew Median,Large Decreased Average,Large Decreased Median,Large Zero Total,Total Small Files,%% Small Grew,%% Small Decreased,%% Small Zero,Small Grew Average,Small Grew Median,Small Decreased Average,Small Decreased Median,Small Zero Total
large,1739,304,37.50543242068666,10.99521946979574,28.8135593220339,29.779837775202783,9.0,-31.537549407114625,-7.0,663,304,87.79247202441506,25.737538148524923,67.44659206510681,29.779837775202783,9.0,-31.537549407114625,-7.0,663,113,0,0,0,29.779837775202783,9.0,-31.537549407114625,-7.0,663
small,596,347,33.472149921915666,10.7756376887038,25.507548152004166,26.093312597200622,10.0,-28.169082125603865,-5.0,490,347,167.44791666666669,53.90625,127.60416666666667,26.093312597200622,10.0,-28.169082125603865,-5.0,490,131,0,0,0,26.093312597200622,10.0,-28.169082125603865,-5.0,490
