Type,#Files,Total Filtered Files,%% Grew,%% Decreased,%% Zero,Grew Average,Grew Median,Decreased Average,Decreased Median,Zero Total,Total Large Files,%% Large Grew,%% Large Decreased,%% Large Zero,Large Grew Average,Large Grew Median,Large Decreased Average,Large Decreased Median,Large Zero Total,Total Small Files,%% Small Grew,%% Small Decreased,%% Small Zero,Small Grew Average,Small Grew Median,Small Decreased Average,Small Decreased Median,Small Zero Total
large,814,336,47.22222222222222,13.161375661375663,14.252645502645503,62.463585434173666,31.0,-61.233668341708544,-18.0,431,336,91.77377892030847,25.578406169665808,27.699228791773777,62.463585434173666,31.0,-61.233668341708544,-18.0,431,220,0,0,0,62.463585434173666,31.0,-61.233668341708544,-18.0,431
small,3134,2257,34.22028555534953,11.26460226219173,15.603560170591507,37.189379571931724,11.0,-38.901234567901234,-7.0,1683,2256,134.46265938069217,44.26229508196721,61.31147540983607,37.189379571931724,11.0,-38.901234567901234,-7.0,1683,1078,0,0,0,37.189379571931724,11.0,-38.901234567901234,-7.0,1683
