Type,#Files,Total Filtered Files,%% Grew,%% Decreased,%% Zero,Grew Average,Grew Median,Decreased Average,Decreased Median,Zero Total,Total Large Files,%% Large Grew,%% Large Decreased,%% Large Zero,Large Grew Average,Large Grew Median,Large Decreased Average,Large Decreased Median,Large Zero Total,Total Small Files,%% Small Grew,%% Small Decreased,%% Small Zero,Small Grew Average,Small Grew Median,Small Decreased Average,Small Decreased Median,Small Zero Total
large,10177,7995,29.721441349348325,12.136184229207485,17.914643496038845,53.364192223177604,11.0,-53.1268132896584,-8.0,6309,7995,68.60457494920365,28.013370911712656,41.35151078193616,53.364192223177604,11.0,-53.1268132896584,-8.0,6309,3484,0,0,0,53.364192223177604,11.0,-53.1268132896584,-8.0,6309
small,23170,18559,25.32074618996209,9.84458560345477,21.049988701699768,33.37218641546852,7.0,-30.661948482529965,-5.0,16768,18554,90.14525139664804,35.04804469273743,74.94078212290502,33.37218641546852,7.0,-30.661948482529965,-5.0,16768,9357,0,0,0,33.37218641546852,7.0,-30.661948482529965,-5.0,16768
