Type,#Files,Total Filtered Files,%% Grew,%% Decreased,%% Zero,Grew Average,Grew Median,Decreased Average,Decreased Median,Zero Total,Total Large Files,%% Large Grew,%% Large Decreased,%% Large Zero,Large Grew Average,Large Grew Median,Large Decreased Average,Large Decreased Median,Large Zero Total,Total Small Files,%% Small Grew,%% Small Decreased,%% Small Zero,Small Grew Average,Small Grew Median,Small Decreased Average,Small Decreased Median,Small Zero Total
large,4745,4109,28.628436299142773,8.151049364469406,10.877919006798699,47.14042333505421,13.0,-95.38984587488667,-9.0,1472,4109,58.42256069974363,16.63399185643191,22.19876338410496,47.14042333505421,13.0,-95.38984587488667,-9.0,1472,1742,0,0,0,47.14042333505421,13.0,-95.38984587488667,-9.0,1472
small,10039,8558,26.51283323684283,10.01571416756265,18.360764204780416,29.40480399292919,8.0,-39.57968620974401,-5.0,6660,8558,92.64932562620423,35.0,64.16184971098265,29.40480399292919,8.0,-39.57968620974401,-5.0,6660,4585,0,0,0,29.40480399292919,8.0,-39.57968620974401,-5.0,6660
