Type,#Files,Total Filtered Files,%% Grew,%% Decreased,%% Zero,Grew Average,Grew Median,Decreased Average,Decreased Median,Zero Total,Total Large Files,%% Large Grew,%% Large Decreased,%% Large Zero,Large Grew Average,Large Grew Median,Large Decreased Average,Large Decreased Median,Large Zero Total,Total Small Files,%% Small Grew,%% Small Decreased,%% Small Zero,Small Grew Average,Small Grew Median,Small Decreased Average,Small Decreased Median,Small Zero Total
large,271,190,48.398369248689576,7.68782760629004,18.75364006988934,69.44283995186522,6.0,-92.68181818181819,-7.0,322,190,200.24096385542168,31.807228915662648,77.59036144578313,69.44283995186522,6.0,-92.68181818181819,-7.0,322,134,0,0,0,69.44283995186522,6.0,-92.68181818181819,-7.0,322
small,628,510,33.737433471318745,7.00768775872265,23.15198107628622,17.052585451358457,4.0,-18.9957805907173,-5.0,783,1,1563.013698630137,324.6575342465753,1072.6027397260275,17.052585451358457,4.0,-18.9957805907173,-5.0,783,509,0,0,0,17.052585451358457,4.0,-18.9957805907173,-5.0,783
