Type,#Files,Total Filtered Files,%% Grew,%% Decreased,%% Zero,Grew Average,Grew Median,Decreased Average,Decreased Median,Zero Total,Total Large Files,%% Large Grew,%% Large Decreased,%% Large Zero,Large Grew Average,Large Grew Median,Large Decreased Average,Large Decreased Median,Large Zero Total,Total Small Files,%% Small Grew,%% Small Decreased,%% Small Zero,Small Grew Average,Small Grew Median,Small Decreased Average,Small Decreased Median,Small Zero Total
large,10,7,57.73195876288659,7.216494845360824,15.463917525773196,71.875,29.0,-39.142857142857146,-16.0,15,1,86.15384615384616,10.76923076923077,23.076923076923077,71.875,29.0,-39.142857142857146,-16.0,15,6,0,0,0,71.875,29.0,-39.142857142857146,-16.0,15
small,55,38,46.64981036662453,12.895069532237674,26.801517067003793,24.880758807588077,9.0,-36.22549019607843,-8.0,212,1,696.2264150943396,192.45283018867926,400.0,24.880758807588077,9.0,-36.22549019607843,-8.0,212,37,0,0,0,24.880758807588077,9.0,-36.22549019607843,-8.0,212
