Type,#Files,Total Filtered Files,%% Grew,%% Decreased,%% Zero,Grew Average,Grew Median,Decreased Average,Decreased Median,Zero Total,Total Large Files,%% Large Grew,%% Large Decreased,%% Large Zero,Large Grew Average,Large Grew Median,Large Decreased Average,Large Decreased Median,Large Zero Total,Total Small Files,%% Small Grew,%% Small Decreased,%% Small Zero,Small Grew Average,Small Grew Median,Small Decreased Average,Small Decreased Median,Small Zero Total
large,236,215,38.64306784660767,21.98980960042907,25.422365245374095,16.26439972241499,4.0,-15.476829268292683,-4.0,948,1,148.09866392600208,84.27543679342241,97.4306269270298,16.26439972241499,4.0,-15.476829268292683,-4.0,948,214,0,0,0,16.26439972241499,4.0,-15.476829268292683,-4.0,948
small,459,384,33.142726440988106,17.29185727355901,30.99268069533394,15.532091097308488,4.0,-11.91005291005291,-3.0,1355,1,1745.7831325301204,910.8433734939758,1632.5301204819275,15.532091097308488,4.0,-11.91005291005291,-3.0,1355,383,0,0,0,15.532091097308488,4.0,-11.91005291005291,-3.0,1355
