Type,#Files,Total Filtered Files,%% Grew,%% Decreased,%% Zero,Grew Average,Grew Median,Decreased Average,Decreased Median,Zero Total,Total Large Files,%% Large Grew,%% Large Decreased,%% Large Zero,Large Grew Average,Large Grew Median,Large Decreased Average,Large Decreased Median,Large Zero Total,Total Small Files,%% Small Grew,%% Small Decreased,%% Small Zero,Small Grew Average,Small Grew Median,Small Decreased Average,Small Decreased Median,Small Zero Total
large,25801,7013,18.929665006169735,9.128924637813627,29.806681595905122,25.17491549975857,6.0,-25.077346683354193,-5.0,13044,6855,44.63602564793362,21.525944285791258,70.2839592650466,25.17491549975857,6.0,-25.077346683354193,-5.0,13044,4790,0,0,0,25.17491549975857,6.0,-25.077346683354193,-5.0,13044
small,27811,8592,19.957682738083577,9.50375173873009,31.054209196167935,22.996760577206242,6.0,-23.68006596578025,-5.0,15851,8459,53.193044749621436,25.330269959793224,82.76852383687536,22.996760577206242,6.0,-23.68006596578025,-5.0,15851,3944,0,0,0,22.996760577206242,6.0,-23.68006596578025,-5.0,15851
