Type,#Files,Total Filtered Files,%% Grew,%% Decreased,%% Zero,Grew Average,Grew Median,Decreased Average,Decreased Median,Zero Total,Total Large Files,%% Large Grew,%% Large Decreased,%% Large Zero,Large Grew Average,Large Grew Median,Large Decreased Average,Large Decreased Median,Large Zero Total,Total Small Files,%% Small Grew,%% Small Decreased,%% Small Zero,Small Grew Average,Small Grew Median,Small Decreased Average,Small Decreased Median,Small Zero Total
large,1102,559,39.48671769473211,16.839261593876632,17.31202161188654,20.33751425313569,6.0,-15.01336898395722,-4.0,769,558,106.5613608748481,45.443499392466585,46.71931956257594,20.33751425313569,6.0,-15.01336898395722,-4.0,769,340,0,0,0,20.33751425313569,6.0,-15.01336898395722,-4.0,769
small,1284,753,30.915371329879104,13.730569948186528,18.65284974093264,21.937849162011172,6.0,-14.378930817610064,-3.0,864,751,129.35862691960253,57.45257452574526,78.04878048780488,21.937849162011172,6.0,-14.378930817610064,-3.0,864,536,0,0,0,21.937849162011172,6.0,-14.378930817610064,-3.0,864
