Type,#Files,Total Filtered Files,%% Grew,%% Decreased,%% Zero,Grew Average,Grew Median,Decreased Average,Decreased Median,Zero Total,Total Large Files,%% Large Grew,%% Large Decreased,%% Large Zero,Large Grew Average,Large Grew Median,Large Decreased Average,Large Decreased Median,Large Zero Total,Total Small Files,%% Small Grew,%% Small Decreased,%% Small Zero,Small Grew Average,Small Grew Median,Small Decreased Average,Small Decreased Median,Small Zero Total
large,3180,2089,32.00629425649095,13.682140047206923,19.85051140833989,25.10889872173058,6.0,-21.255894192064403,-4.0,2523,2089,104.7104247104247,44.761904761904766,64.94208494208495,25.10889872173058,6.0,-21.255894192064403,-4.0,2523,1216,0,0,0,25.10889872173058,6.0,-21.255894192064403,-4.0,2523
small,5118,3593,24.472530832738762,10.615635511160942,24.11069208031801,16.663265306122447,5.0,-13.113298127700432,-3.0,4731,3593,104.8471615720524,45.480349344978166,103.29694323144105,16.663265306122447,5.0,-13.113298127700432,-3.0,4731,2338,0,0,0,16.663265306122447,5.0,-13.113298127700432,-3.0,4731
