Type,#Files,Total Filtered Files,%% Grew,%% Decreased,%% Zero,Grew Average,Grew Median,Decreased Average,Decreased Median,Zero Total,Total Large Files,%% Large Grew,%% Large Decreased,%% Large Zero,Large Grew Average,Large Grew Median,Large Decreased Average,Large Decreased Median,Large Zero Total,Total Small Files,%% Small Grew,%% Small Decreased,%% Small Zero,Small Grew Average,Small Grew Median,Small Decreased Average,Small Decreased Median,Small Zero Total
large,920,602,26.85347343841214,14.010507880910684,15.32399299474606,33.43804347826087,8.5,-21.45625,-6.0,525,2,691.7293233082706,360.90225563909775,394.7368421052631,33.43804347826087,8.5,-21.45625,-6.0,525,600,0,0,0,33.43804347826087,8.5,-21.45625,-6.0,525
small,1491,956,36.20664843862426,13.469563966038278,17.05281335443949,24.09697933227345,6.0,-22.17200854700855,-4.0,1185,956,254.65587044534414,94.73684210526315,119.93927125506072,24.09697933227345,6.0,-22.17200854700855,-4.0,1185,753,0,0,0,24.09697933227345,6.0,-22.17200854700855,-4.0,1185
