Type,#Files,Total Filtered Files,%% Grew,%% Decreased,%% Zero,Grew Average,Grew Median,Decreased Average,Decreased Median,Zero Total,Total Large Files,%% Large Grew,%% Large Decreased,%% Large Zero,Large Grew Average,Large Grew Median,Large Decreased Average,Large Decreased Median,Large Zero Total,Total Small Files,%% Small Grew,%% Small Decreased,%% Small Zero,Small Grew Average,Small Grew Median,Small Decreased Average,Small Decreased Median,Small Zero Total
large,45,30,41.98009336739188,13.441381132740245,43.213247599753366,29.93810323122115,3.0,-73.6867627785059,-3.0,4906,30,63.61452215696743,20.368392952482647,65.48318206086492,29.93810323122115,3.0,-73.6867627785059,-3.0,4906,19,0,0,0,29.93810323122115,3.0,-73.6867627785059,-3.0,4906
small,172,87,31.194820482636842,14.243672748675692,42.08357857563272,17.135849056603774,3.0,-26.90082644628099,-4.0,715,87,602.2727272727273,275.0,812.5,17.135849056603774,3.0,-26.90082644628099,-4.0,715,65,0,0,0,17.135849056603774,3.0,-26.90082644628099,-4.0,715
