Type,#Files,Total Filtered Files,%% Grew,%% Decreased,%% Zero,Grew Average,Grew Median,Decreased Average,Decreased Median,Zero Total,Total Large Files,%% Large Grew,%% Large Decreased,%% Large Zero,Large Grew Average,Large Grew Median,Large Decreased Average,Large Decreased Median,Large Zero Total,Total Small Files,%% Small Grew,%% Small Decreased,%% Small Zero,Small Grew Average,Small Grew Median,Small Decreased Average,Small Decreased Median,Small Zero Total
large,2848,2284,20.138008731164625,6.182227855231657,12.758766370933671,92.87552447552447,17.0,-157.06833712984056,-13.0,906,2284,42.775949745737364,13.131917439425667,27.101405922823812,92.87552447552447,17.0,-157.06833712984056,-13.0,906,1260,0,0,0,92.87552447552447,17.0,-157.06833712984056,-13.0,906
small,6694,4967,25.05587072374076,9.291731132886367,20.97730789066529,51.371012006861065,10.0,-79.95559666975024,-8.0,4881,4964,90.92326887086712,33.71802869619464,76.12289457267623,51.371012006861065,10.0,-79.95559666975024,-8.0,4881,3115,0,0,0,51.371012006861065,10.0,-79.95559666975024,-8.0,4881
