Type,#Files,Total Filtered Files,%% Grew,%% Decreased,%% Zero,Grew Average,Grew Median,Decreased Average,Decreased Median,Zero Total,Total Large Files,%% Large Grew,%% Large Decreased,%% Large Zero,Large Grew Average,Large Grew Median,Large Decreased Average,Large Decreased Median,Large Zero Total,Total Small Files,%% Small Grew,%% Small Decreased,%% Small Zero,Small Grew Average,Small Grew Median,Small Decreased Average,Small Decreased Median,Small Zero Total
large,9962,5867,41.57118992356933,13.560900610558372,24.403116360894696,30.712411095305832,10.0,-29.18238308078055,-5.0,16507,5855,112.54752851711028,36.71402841705023,66.06764058435061,30.712411095305832,10.0,-29.18238308078055,-5.0,16507,4160,0,0,0,30.712411095305832,10.0,-29.18238308078055,-5.0,16507
small,22260,13475,35.960916353073216,13.130487885389847,24.19868620849013,25.99355149623646,7.0,-22.517377914650243,-4.0,29323,13446,206.10131012628293,75.25422125526178,138.68892777751503,25.99355149623646,7.0,-22.517377914650243,-4.0,29323,10106,0,0,0,25.99355149623646,7.0,-22.517377914650243,-4.0,29323
