Type,#Files,Total Filtered Files,%% Grew,%% Decreased,%% Zero,Grew Average,Grew Median,Decreased Average,Decreased Median,Zero Total,Total Large Files,%% Large Grew,%% Large Decreased,%% Large Zero,Large Grew Average,Large Grew Median,Large Decreased Average,Large Decreased Median,Large Zero Total,Total Small Files,%% Small Grew,%% Small Decreased,%% Small Zero,Small Grew Average,Small Grew Median,Small Decreased Average,Small Decreased Median,Small Zero Total
large,69,53,1.1494252873563218,1.1494252873563218,8.045977011494253,193.0,193.0,-4.0,-4.0,7,53,1.4492753623188406,1.4492753623188406,10.144927536231885,193.0,193.0,-4.0,-4.0,7,14,0,0,0,193.0,193.0,-4.0,-4.0,7
small,836,633,34.971687429218576,9.535673839184598,26.52321630804077,11.853626943005182,3.0,-15.334916864608076,-3.0,1171,633,242.76729559748426,66.19496855345912,184.11949685534591,11.853626943005182,3.0,-15.334916864608076,-3.0,1171,357,0,0,0,11.853626943005182,3.0,-15.334916864608076,-3.0,1171
