language,total,large files,small p/ language,small proportion,small files,files available,files missing
C,1164.0,23.0,8977.0,0.019759450171821305,178,1141.0,0.0
C#,30307.0,351.0,9511.0,0.011581482825749827,111,29956.0,0.0
C++,1924.0,55.0,8461.0,0.028586278586278588,242,1869.0,0.0
Python,54.0,1.0,8935.0,0.018518518518518517,166,53.0,113.0
Swift,9.0,3.0,7649.0,0.3333333333333333,2550,6.0,2544.0
TypeScript,112.0,3.0,9508.0,0.026785714285714284,255,109.0,146.0
