language,total,large files,small p/ language,small proportion,small files,files available,files missing
C#,9751.0,25.0,9511.0,0.0025638396061942363,25,9726.0,0.0
Java,91.0,2.0,9686.0,0.02197802197802198,213,89.0,124.0
JavaScript,132.0,11.0,9976.0,0.08333333333333333,832,121.0,711.0
TypeScript,154.0,2.0,9508.0,0.012987012987012988,124,152.0,0.0
