Type,Added Average,Added Median,Added Max,Deleted Average,Deleted Median,Deleted Min,Zero Count
large,10.135216089002995,4.0,1199,-8.932631578947369,-3.0,-328,1251
small,10.151806127114769,4.0,971,-13.731046931407942,-4.0,-732,1411
