Type,Added Average,Added Median,Added Max,Deleted Average,Deleted Median,Deleted Min,Zero Count
large,12.813953488372093,5.0,351,-13.051923076923076,-4.0,-499,2049
small,11.642622180451127,5.0,730,-13.454314720812183,-4.0,-707,3492
