Type,Added Average,Added Median,Added Max,Deleted Average,Deleted Median,Deleted Min,Zero Count
large,8.903681290973273,2.0,507,-9.018276762402088,-3.0,-372,3132
small,7.609893198426082,2.0,288,-6.323095823095823,-2.0,-280,2696
