Type,Added Average,Added Median,Added Max,Deleted Average,Deleted Median,Deleted Min,Zero Count
large,12.453618525399918,4.0,9736,-17.033537331701346,-3.0,-63023,36401
small,11.805282345844152,4.0,9736,-17.542640040190907,-3.0,-63023,33780
