Type,Added Average,Added Median,Added Max,Deleted Average,Deleted Median,Deleted Min,Zero Count
large,18.856729975227086,5.0,3826,-12.22742474916388,-3.0,-623,5294
small,16.23375572930709,5.0,3826,-12.315289648622983,-3.0,-623,7082
