Type,Added Average,Added Median,Added Max,Deleted Average,Deleted Median,Deleted Min,Zero Count
large,17.945060483870968,6.0,625,-10.505514705882353,-3.0,-503,1149
small,14.865707434052759,6.0,358,-11.974863387978141,-4.0,-178,2195
