Type,Added Average,Added Median,Added Max,Deleted Average,Deleted Median,Deleted Min,Zero Count
large,13.00578034682081,6.0,1541,-15.918032786885245,-4.0,-409,260
small,31.907094594594593,5.0,12490,-34.40247678018576,-5.0,-6043,2777
