Type,Added Average,Added Median,Added Max,Deleted Average,Deleted Median,Deleted Min,Zero Count
large,14.288429528993657,5.0,30362,-16.93997485857951,-4.0,-130420,161531
small,14.020864794120609,4.0,30362,-16.63861225213511,-4.0,-130420,154144
