Type,Added Average,Added Median,Added Max,Deleted Average,Deleted Median,Deleted Min,Zero Count
large,11.328724353256021,4.0,2882,-21.864832535885167,-4.0,-2735,1732
small,10.855672629257535,3.0,800,-19.69790628115653,-4.0,-2735,2217
