Type,Added Average,Added Median,Added Max,Deleted Average,Deleted Median,Deleted Min,Zero Count
large,2.418960244648318,1.0,399,-1.0905621096460791,-1.0,-97,407
small,1.3296881328473067,1.0,35,-1.2473699590882525,-1.0,-25,11785
