Type,Added Average,Added Median,Added Max,Deleted Average,Deleted Median,Deleted Min,Zero Count
large,4.972448057813912,5.0,247,-1.548148148148148,-1.0,-13,1907
small,1.056857232114964,1.0,27,-1.6462287922056107,-1.0,-20,6607
