Type,Added Average,Added Median,Added Max,Deleted Average,Deleted Median,Deleted Min,Zero Count
large,22.780806859404198,3.0,14299,-9.79135068661611,-2.0,-1485,10800
small,22.417740801499882,3.0,14299,-8.880354200988467,-2.0,-1485,11683
