Type,Added Average,Added Median,Added Max,Deleted Average,Deleted Median,Deleted Min,Zero Count
large,17.35142118863049,6.0,1878,-22.98198198198198,-2.0,-2025,505
small,8.710045662100457,4.0,124,-20.728395061728396,-2.0,-2025,727
