Type,Added Average,Added Median,Added Max,Deleted Average,Deleted Median,Deleted Min,Zero Count
large,6.949238578680203,3.0,312,-12.72340425531915,-2.0,-681,525
small,7.539503386004514,3.0,223,-6.168067226890757,-3.0,-109,569
