Type,Added Average,Added Median,Added Max,Deleted Average,Deleted Median,Deleted Min,Zero Count
large,10.52428986201323,4.0,7736,-9.894070512820512,-2.0,-2382,25659
small,9.737151804429628,4.0,3761,-10.141826489508809,-2.0,-3761,34841
