Type,Added Average,Added Median,Added Max,Deleted Average,Deleted Median,Deleted Min,Zero Count
large,14.107077671871831,3.0,5638,-4.576331091095656,-1.0,-6226,31308
small,9.115273368606703,2.0,5638,-4.199038369989527,-2.0,-6226,41947
