Type,Added Average,Added Median,Added Max,Deleted Average,Deleted Median,Deleted Min,Zero Count
large,11.987695410993444,3.0,2406,-8.263810816049622,-2.0,-2343,9241
small,11.866587584025307,3.0,1250,-6.957202505219207,-2.0,-677,13865
