Type,Added Average,Added Median,Added Max,Deleted Average,Deleted Median,Deleted Min,Zero Count
large,16.606805632698403,5.0,28074,-17.75793382849426,-3.0,-17885,38879
small,16.129899697158443,5.0,11284,-19.49365506032381,-3.0,-17885,36379
