Type,Added Average,Added Median,Added Max,Deleted Average,Deleted Median,Deleted Min,Zero Count
large,8.377551020408163,4.0,112,-9.883333333333333,-3.0,-166,670
small,8.436346863468634,4.0,332,-11.095238095238095,-3.0,-187,1024
