Type,Added Average,Added Median,Added Max,Deleted Average,Deleted Median,Deleted Min,Zero Count
large,11.032007759456839,5.0,553,-13.495726495726496,-4.0,-1483,944
small,10.202898550724637,4.0,553,-12.341880341880342,-3.0,-1483,1033
