Type,Added Average,Added Median,Added Max,Deleted Average,Deleted Median,Deleted Min,Zero Count
large,21.61305278174037,5.0,8171,-10.01633705932932,-3.0,-747,3669
small,10.546549479166666,4.0,859,-8.128968253968255,-3.0,-332,5020
