Type,Added Average,Added Median,Added Max,Deleted Average,Deleted Median,Deleted Min,Zero Count
large,14.088541666666666,4.0,156,-13.170731707317072,-5.0,-103,72
small,10.263713080168776,4.0,156,-9.690265486725664,-3.0,-103,301
