language,total,large files,small p/ language,small proportion,small files,files available
Java,44.0,2.0,9686.0,0.045454545454545456,441,42.0
JavaScript,7.0,5.0,9976.0,0.7142857142857143,7126,2.0
Kotlin,517.0,27.0,9287.0,0.05222437137330754,486,490.0
