language,total,large files,small p/ language,small proportion,small files,files available
Java,3824.0,178.0,9686.0,0.04654811715481171,451,3646.0
Kotlin,56831.0,399.0,9287.0,0.007020816103886963,66,56432.0
Swift,195.0,3.0,7649.0,0.015384615384615385,118,192.0
