language,total,large files,small p/ language,small proportion,small files,files available
Java,339.0,5.0,9686.0,0.014749262536873156,143,334.0
JavaScript,2.0,1.0,9976.0,0.5,4988,1.0
Kotlin,1949.0,19.0,9287.0,0.009748589020010261,91,1930.0
