Type,#Files,Total Filtered Files,%% Grew,%% Decreased,%% Zero,Grew Average,Grew Median,Decreased Average,Decreased Median,Zero Total,Total Large Files,%% Large Grew,%% Large Decreased,%% Large Zero,Large Grew Average,Large Grew Median,Large Decreased Average,Large Decreased Median,Large Zero Total,Total Small Files,%% Small Grew,%% Small Decreased,%% Small Zero,Small Grew Average,Small Grew Median,Small Decreased Average,Small Decreased Median,Small Zero Total
large,375,218,20.98765432098765,1.9753086419753085,9.876543209876543,51.05882352941177,8.0,-403.625,-9.0,40,218,24.566473988439306,2.312138728323699,11.560693641618498,51.05882352941177,8.0,-403.625,-9.0,40,39,0,0,0,51.05882352941177,8.0,-403.625,-9.0,40
small,602,405,3.473491773308958,1.2797074954296161,0.9140767824497258,150.05263157894737,45.0,-223.42857142857142,-6.0,5,405,4.502369668246446,1.6587677725118484,1.1848341232227488,150.05263157894737,45.0,-223.42857142857142,-6.0,5,81,0,0,0,150.05263157894737,45.0,-223.42857142857142,-6.0,5
