Type,#Files,Total Filtered Files,%% Grew,%% Decreased,%% Zero,Grew Average,Grew Median,Decreased Average,Decreased Median,Zero Total,Total Large Files,%% Large Grew,%% Large Decreased,%% Large Zero,Large Grew Average,Large Grew Median,Large Decreased Average,Large Decreased Median,Large Zero Total,Total Small Files,%% Small Grew,%% Small Decreased,%% Small Zero,Small Grew Average,Small Grew Median,Small Decreased Average,Small Decreased Median,Small Zero Total
large,2978,2275,9.04287996068313,10.984150387025434,21.108244256051112,24.591032608695652,6.0,-9.307606263982104,-2.0,1718,2275,29.51082598235766,35.84603047313553,68.88532477947072,24.591032608695652,6.0,-9.307606263982104,-2.0,1718,1532,0,0,0,24.591032608695652,6.0,-9.307606263982104,-2.0,1718
small,3933,3216,11.367615589131704,11.445431554373906,29.745152713831786,20.762692527096405,5.0,-7.339943342776204,-2.0,4587,3216,53.723567269384,54.091326999693536,140.57615691081827,20.762692527096405,5.0,-7.339943342776204,-2.0,4587,2329,0,0,0,20.762692527096405,5.0,-7.339943342776204,-2.0,4587
