Type,#Files,Total Filtered Files,%% Grew,%% Decreased,%% Zero,Grew Average,Grew Median,Decreased Average,Decreased Median,Zero Total,Total Large Files,%% Large Grew,%% Large Decreased,%% Large Zero,Large Grew Average,Large Grew Median,Large Decreased Average,Large Decreased Median,Large Zero Total,Total Small Files,%% Small Grew,%% Small Decreased,%% Small Zero,Small Grew Average,Small Grew Median,Small Decreased Average,Small Decreased Median,Small Zero Total
large,38802,27721,26.098480386382377,14.468397010510333,22.268033140927475,26.707164171619148,6.0,-32.733037814365844,-5.0,34026,27492,60.572322554186854,33.579901878882694,51.68218478970792,26.707164171619148,6.0,-32.733037814365844,-5.0,34026,18172,0,0,0,26.707164171619148,6.0,-32.733037814365844,-5.0,34026
small,48757,36080,16.71433608901775,11.138319685512414,21.229871096657916,30.236912017502735,7.0,-33.75394266283637,-4.0,32511,35827,58.25746540422433,38.822378004369995,73.99626729788784,30.236912017502735,7.0,-33.75394266283637,-4.0,32511,25854,0,0,0,30.236912017502735,7.0,-33.75394266283637,-4.0,32511
