Type,#Files,Total Filtered Files,%% Grew,%% Decreased,%% Zero,Grew Average,Grew Median,Decreased Average,Decreased Median,Zero Total,Total Large Files,%% Large Grew,%% Large Decreased,%% Large Zero,Large Grew Average,Large Grew Median,Large Decreased Average,Large Decreased Median,Large Zero Total,Total Small Files,%% Small Grew,%% Small Decreased,%% Small Zero,Small Grew Average,Small Grew Median,Small Decreased Average,Small Decreased Median,Small Zero Total
large,2332,1784,29.265475300672694,18.434463545559556,25.32445471223755,13.971209658695148,4.0,-12.062661260597125,-3.0,3727,1784,113.07429771593593,71.22604358099238,97.8472039905487,13.971209658695148,4.0,-12.062661260597125,-3.0,3727,1177,0,0,0,13.971209658695148,4.0,-12.062661260597125,-3.0,3727
small,2382,1846,18.662262592898433,14.94632535094963,26.36939168731076,20.970993117010817,6.0,-13.41559238796808,-3.0,2874,1846,89.09329829172142,71.35348226018397,125.88699080157689,20.970993117010817,6.0,-13.41559238796808,-3.0,2874,1392,0,0,0,20.970993117010817,6.0,-13.41559238796808,-3.0,2874
