Type,#Files,Total Filtered Files,%% Grew,%% Decreased,%% Zero,Grew Average,Grew Median,Decreased Average,Decreased Median,Zero Total,Total Large Files,%% Large Grew,%% Large Decreased,%% Large Zero,Large Grew Average,Large Grew Median,Large Decreased Average,Large Decreased Median,Large Zero Total,Total Small Files,%% Small Grew,%% Small Decreased,%% Small Zero,Small Grew Average,Small Grew Median,Small Decreased Average,Small Decreased Median,Small Zero Total
large,1746,904,29.18727019145429,11.98174210726512,31.520223152022314,12.831016507384883,6.0,-13.170370370370371,-4.0,2486,904,91.71314741035856,37.64940239043825,99.04382470119522,12.831016507384883,6.0,-13.170370370370371,-4.0,2486,668,0,0,0,12.831016507384883,6.0,-13.170370370370371,-4.0,2486
small,1597,825,24.113813384199652,10.4275949769512,33.71483071053887,14.246539222148979,6.0,-13.178353658536585,-4.0,2121,825,104.91009681881052,45.36652835408022,146.6804979253112,14.246539222148979,6.0,-13.178353658536585,-4.0,2121,621,0,0,0,14.246539222148979,6.0,-13.178353658536585,-4.0,2121
