Type,#Files,#Files Filtered by Language,Total Files,Only Added,Time Average,Time Median,Total Large Files,Only Added Large,Time Large Average,Time Large Median,Total Small Files,Only Added Small,Time Small Average,Time Small Median,Large p/ Small (Average),Large p/ Small (Median)
large,356,264,249,95,16190750.811891891,4501370.0,3,1,1201877.6363636365,688321.0,246,94,17551768.777122643,5930239.5,14.603623735130581,8.615514418418151
small,1272,914,906,470,15701116.034615384,4584999.0,7,4,5858893.25,5877010.5,899,466,15728723.952664796,4576096.0,2.6845896112998466,0.7786434957024494
