Type,#Files,#Files Filtered by Language,Total Files,Only Added,Time Average,Time Median,Total Large Files,Only Added Large,Time Large Average,Time Large Median,Total Small Files,Only Added Small,Time Small Average,Time Small Median,Large p/ Small (Average),Large p/ Small (Median)
large,185,148,147,34,1457337.7552348613,79857.5,16,0,536494.0771156735,50897.0,131,34,2653775.507482108,175441.0,4.946514082223368,3.446981158025031
small,258,194,193,36,2215794.5939466585,165366.0,12,0,741738.3796728972,73116.0,181,36,2724376.665457477,238012.0,3.672961707413486,3.2552656053394604
