Type,#Files,#Files Filtered by Language,Total Files,Only Added,Time Average,Time Median,Total Large Files,Only Added Large,Time Large Average,Time Large Median,Total Small Files,Only Added Small,Time Small Average,Time Small Median,Large p/ Small (Average),Large p/ Small (Median)
large,19,10,10,5,17534452.666666668,5756348.0,3,1,11695499.611111112,4884951.0,7,4,29212358.777777776,7661084.0,2.497743555138514,1.5683031416282374
small,976,521,520,409,12846820.535175879,4611455.0,3,2,5810284.64,1461626.0,517,407,13318438.222520107,5032947.0,2.292217859832786,3.443389074906987
