Type,#Files,#Files Filtered by Language,Total Files,Only Added,Time Average,Time Median,Total Large Files,Only Added Large,Time Large Average,Time Large Median,Total Small Files,Only Added Small,Time Small Average,Time Small Median,Large p/ Small (Average),Large p/ Small (Median)
large,1739,315,304,180,3294960.4321379936,205258.0,14,6,927657.7949101797,93069.0,290,174,4325161.188925082,341830.0,4.6624533450331915,3.672866367963554
small,596,358,347,211,3711609.91873706,218401.0,5,1,2267181.730769231,700814.0,342,210,3731313.55613851,213201.0,1.6457937647867842,0.3042190937966422
