Type,#Files,#Files Filtered by Language,Total Files,Only Added,Time Average,Time Median,Total Large Files,Only Added Large,Time Large Average,Time Large Median,Total Small Files,Only Added Small,Time Small Average,Time Small Median,Large p/ Small (Average),Large p/ Small (Median)
large,5054,3674,3584,1671,9886363.829665588,1376784.0,144,12,2665580.0553488373,451630.5,3440,1659,13738643.014474772,3100427.5,5.154091315661811,6.8649648329774005
small,10463,8021,7790,3074,12630048.281359514,2599545.0,131,37,4648566.075380136,1466585.0,7659,3037,13380763.72117579,2838796.0,2.878471232676106,1.935650507812367
