Type,#Files,#Files Filtered by Language,Total Files,Only Added,Time Average,Time Median,Total Large Files,Only Added Large,Time Large Average,Time Large Median,Total Small Files,Only Added Small,Time Small Average,Time Small Median,Large p/ Small (Average),Large p/ Small (Median)
large,814,339,336,94,5164253.103409933,356806.5,21,0,1304891.2962356792,89376.0,315,94,8359469.992547425,1033082.0,6.406257760062187,11.558830110991765
small,3134,2275,2257,1165,7516537.6646880945,762101.0,23,9,2666435.626326964,332813.0,2234,1156,7786624.926460156,830808.5,2.9202373571591878,2.496322259046371
