Type,#Files,#Files Filtered by Language,Total Files,Only Added,Time Average,Time Median,Total Large Files,Only Added Large,Time Large Average,Time Large Median,Total Small Files,Only Added Small,Time Small Average,Time Small Median,Large p/ Small (Average),Large p/ Small (Median)
large,2011,839,789,306,4215028.540442338,770398.0,27,2,953009.0957966765,388071.0,762,304,5772939.787815126,1289446.5,6.05759148918635,3.3227077003950307
small,14614,11679,10509,7482,6533699.6346516,1269093.0,204,111,3821725.607569721,700457.5,10305,7371,6684032.117159894,1303494.0,1.748956571848272,1.8609180428505656
