Type,#Files,#Files Filtered by Language,Total Files,Only Added,Time Average,Time Median,Total Large Files,Only Added Large,Time Large Average,Time Large Median,Total Small Files,Only Added Small,Time Small Average,Time Small Median,Large p/ Small (Average),Large p/ Small (Median)
large,1222,985,969,439,19324860.14923428,11907781.0,49,1,9984395.834013605,7666503.0,920,438,22266266.006855186,14768116.0,2.230106495878421,1.9263171226829234
small,3670,2240,2149,904,10138677.571334792,2197946.0,49,0,9901660.351677852,7174032.0,2100,904,10159711.261465158,1366800.0,1.02606137765002,0.19052047718772372
