Type,#Files,#Files Filtered by Language,Total Files,Only Added,Time Average,Time Median,Total Large Files,Only Added Large,Time Large Average,Time Large Median,Total Small Files,Only Added Small,Time Small Average,Time Small Median,Large p/ Small (Average),Large p/ Small (Median)
large,82,68,68,18,5017311.0,422124.0,3,0,779626.3087748344,168960.0,65,18,12589978.318047337,2023711.0,16.14873456211632,11.977456202651515
small,86,75,75,15,8794422.688607596,1127640.0,2,0,2353471.643678161,701681.0,73,15,10613782.237012986,1315180.0,4.50984071362129,1.8743275077991282
