Type,#Files,#Files Filtered by Language,Total Files,Only Added,Time Average,Time Median,Total Large Files,Only Added Large,Time Large Average,Time Large Median,Total Small Files,Only Added Small,Time Small Average,Time Small Median,Large p/ Small (Average),Large p/ Small (Median)
large,10177,8276,7995,4277,8685263.884080265,1034306.0,159,28,1998627.8341955165,161236.0,7836,4249,11006832.880123423,1893003.0,5.50719483227545,11.740572824927435
small,23170,19205,18559,8817,10243126.115903007,1989785.0,159,37,3676542.4470624235,457878.0,18400,8780,10592887.267068699,2172142.0,2.8812090216808106,4.743931789690704
