Type,#Files,#Files Filtered by Language,Total Files,Only Added,Time Average,Time Median,Total Large Files,Only Added Large,Time Large Average,Time Large Median,Total Small Files,Only Added Small,Time Small Average,Time Small Median,Large p/ Small (Average),Large p/ Small (Median)
large,2419,2016,2002,1114,6430160.900546732,1408825.0,26,10,1192332.906,438446.5,1976,1104,7701067.078453575,2071697.5,6.458822900635081,4.725086184973537
small,3710,3111,3035,1716,5652675.870560748,1303662.0,30,15,1335445.694017094,498472.0,3005,1701,6085508.716023993,1494895.0,4.5569121554605845,2.99895480588679
