Type,#Files,#Files Filtered by Language,Total Files,Only Added,Time Average,Time Median,Total Large Files,Only Added Large,Time Large Average,Time Large Median,Total Small Files,Only Added Small,Time Small Average,Time Small Median,Large p/ Small (Average),Large p/ Small (Median)
large,4745,4141,4109,2270,18843056.737845767,8371389.0,98,17,5159789.350701403,1260133.0,4011,2253,23686261.750035465,13155180.0,4.590548206549487,10.439517098591974
small,10039,8694,8558,3836,16408567.30799145,6141115.0,102,20,7433712.307193397,4519776.0,8456,3816,16975533.97396357,6392084.0,2.283587697836627,1.4142479627308964
