Type,#Files,#Files Filtered by Language,Total Files,Only Added,Time Average,Time Median,Total Large Files,Only Added Large,Time Large Average,Time Large Median,Total Small Files,Only Added Small,Time Small Average,Time Small Median,Large p/ Small (Average),Large p/ Small (Median)
large,328,153,97,17,1301031.1174311927,0.0,10,2,1840467.440677966,101563.0,87,15,1235543.9917695473,0.0,0.6713207549677785,0.0
small,496,284,230,55,1579653.3819055245,325334.0,9,1,4025672.5,559207.5,221,54,1527652.9754701552,282129.0,0.3794777084996743,0.5045157656147315
