Type,#Files,#Files Filtered by Language,Total Files,Only Added,Time Average,Time Median,Total Large Files,Only Added Large,Time Large Average,Time Large Median,Total Small Files,Only Added Small,Time Small Average,Time Small Median,Large p/ Small (Average),Large p/ Small (Median)
large,3863,2882,2864,1118,2738637.922921546,524319.5,56,9,522182.0298765219,129000.0,2808,1109,3875480.816643784,1045408.0,7.421704683250402,8.103937984496124
small,5438,4005,3975,1415,3863268.927533695,1024325.0,47,10,913909.5586489253,277317.0,3928,1405,4353440.754737522,1238046.0,4.763535640412181,4.4643710987786545
