Type,#Files,#Files Filtered by Language,Total Files,Only Added,Time Average,Time Median,Total Large Files,Only Added Large,Time Large Average,Time Large Median,Total Small Files,Only Added Small,Time Small Average,Time Small Median,Large p/ Small (Average),Large p/ Small (Median)
large,942,783,748,497,4848423.41689008,939294.0,19,5,1605260.9611451942,536808.0,729,492,6429586.36889332,1419234.0,4.005321579804973,2.643839138015827
small,3245,2653,2596,1414,7515865.0415035235,1728146.0,25,10,3000717.9821782177,1151127.0,2571,1404,7786217.100426843,1797069.0,2.594784697086008,1.5611387796481186
