Type,#Files,#Files Filtered by Language,Total Files,Only Added,Time Average,Time Median,Total Large Files,Only Added Large,Time Large Average,Time Large Median,Total Small Files,Only Added Small,Time Small Average,Time Small Median,Large p/ Small (Average),Large p/ Small (Median)
large,271,190,190,54,7359258.850032744,1530393.0,2,0,2184114.342222222,592259.0,188,54,8253581.057603687,1820766.0,3.7789143627004895,3.0742732486969384
small,628,511,510,115,14058831.75434934,5181796.0,1,0,4372231.736111111,1832500.5,509,115,14307737.964668095,5463280.0,3.2724107111015432,2.9813252438403155
