Type,#Files,#Files Filtered by Language,Total Files,Only Added,Time Average,Time Median,Total Large Files,Only Added Large,Time Large Average,Time Large Median,Total Small Files,Only Added Small,Time Small Average,Time Small Median,Large p/ Small (Average),Large p/ Small (Median)
large,10,7,7,1,6492168.811111111,2402881.0,1,0,4727110.90625,1443477.0,6,1,10836926.73076923,5998667.5,2.292505284028998,4.155707018539263
small,55,39,38,3,6327998.495472186,945112.0,1,0,5817982.653846154,2860437.5,37,3,6364781.884882108,879737.0,1.0939843350468699,0.3075533025979417
