Type,#Files,#Files Filtered by Language,Total Files,Only Added,Time Average,Time Median,Total Large Files,Only Added Large,Time Large Average,Time Large Median,Total Small Files,Only Added Small,Time Small Average,Time Small Median,Large p/ Small (Average),Large p/ Small (Median)
large,882,684,682,473,12160969.283344852,2593776.0,24,13,6074454.387323944,482447.5,658,460,12823256.727969348,2857096.0,2.1110137487786025,5.922086859191933
small,1414,1000,997,732,15672767.208196722,2855423.0,27,17,12735311.984126983,2859930.0,970,715,15832715.072601555,2852271.0,1.243213758118773,0.9973219624256537
