Type,#Files,#Files Filtered by Language,Total Files,Only Added,Time Average,Time Median,Total Large Files,Only Added Large,Time Large Average,Time Large Median,Total Small Files,Only Added Small,Time Small Average,Time Small Median,Large p/ Small (Average),Large p/ Small (Median)
large,898,396,394,242,15820845.147595357,5705880.0,6,1,5650094.327586207,1877940.5,388,241,16903236.977981653,6287841.0,2.991673412504413,3.348264228818751
small,4577,3815,3594,2368,13210058.109157925,4397520.0,26,14,8368816.52,4936980.0,3568,2354,13279676.193557665,4387199.0,1.586804557349486,0.8886402213498941
