Type,#Files,Total Filtered Files,%% Grew,%% Decreased,%% Zero,Grew Average,Grew Median,Decreased Average,Decreased Median,Zero Total,Total Large Files,%% Large Grew,%% Large Decreased,%% Large Zero,Large Grew Average,Large Grew Median,Large Decreased Average,Large Decreased Median,Large Zero Total,Total Small Files,%% Small Grew,%% Small Decreased,%% Small Zero,Small Grew Average,Small Grew Median,Small Decreased Average,Small Decreased Median,Small Zero Total
large,276,77,29.0150842945874,12.688553682342501,40.28393966282165,27.293577981651374,12.0,-31.04895104895105,-6.0,454,77,54.682274247491634,23.91304347826087,75.91973244147158,27.293577981651374,12.0,-31.04895104895105,-6.0,454,54,0,0,0,27.293577981651374,12.0,-31.04895104895105,-6.0,454
small,308,114,28.315703824247358,12.693246541903989,46.09438567941416,21.100574712643677,7.0,-22.83974358974359,-5.0,1133,114,75.24324324324324,33.729729729729726,122.48648648648648,21.100574712643677,7.0,-22.83974358974359,-5.0,1133,91,0,0,0,21.100574712643677,7.0,-22.83974358974359,-5.0,1133
