Type,#Files,Total Filtered Files,%% Grew,%% Decreased,%% Zero,Grew Average,Grew Median,Decreased Average,Decreased Median,Zero Total,Total Large Files,%% Large Grew,%% Large Decreased,%% Large Zero,Large Grew Average,Large Grew Median,Large Decreased Average,Large Decreased Median,Large Zero Total,Total Small Files,%% Small Grew,%% Small Decreased,%% Small Zero,Small Grew Average,Small Grew Median,Small Decreased Average,Small Decreased Median,Small Zero Total
large,53,18,25.961538461538463,11.538461538461538,24.03846153846154,19.444444444444443,15.0,-11.833333333333334,-6.5,25,0,0.0,0.0,0.0,0.0,0.0,0.0,0.0,0,0,0,0,0,0.0,0.0,0.0,0.0,0
small,225,149,20.40072859744991,10.92896174863388,26.41165755919854,13.991071428571429,6.5,-10.933333333333334,-5.0,145,149,73.68421052631578,39.473684210526315,95.39473684210526,13.991071428571429,6.5,-10.933333333333334,-5.0,145,46,0,0,0,13.991071428571429,6.5,-10.933333333333334,-5.0,145
