Type,#Files,Total Filtered Files,%% Grew,%% Decreased,%% Zero,Grew Average,Grew Median,Decreased Average,Decreased Median,Zero Total,Total Large Files,%% Large Grew,%% Large Decreased,%% Large Zero,Large Grew Average,Large Grew Median,Large Decreased Average,Large Decreased Median,Large Zero Total,Total Small Files,%% Small Grew,%% Small Decreased,%% Small Zero,Small Grew Average,Small Grew Median,Small Decreased Average,Small Decreased Median,Small Zero Total
large,127,63,24.45054945054945,12.087912087912088,26.373626373626376,38.03370786516854,5.0,-10.409090909090908,-3.5,96,63,37.083333333333336,18.333333333333332,40.0,38.03370786516854,5.0,-10.409090909090908,-3.5,96,35,0,0,0,38.03370786516854,5.0,-10.409090909090908,-3.5,96
small,534,298,18.128654970760234,13.450292397660817,22.73391812865497,23.883064516129032,6.0,-10.146739130434783,-3.0,311,298,69.66292134831461,51.68539325842697,87.35955056179775,23.883064516129032,6.0,-10.146739130434783,-3.0,311,191,0,0,0,23.883064516129032,6.0,-10.146739130434783,-3.0,311
