Type,#Files,Total Filtered Files,%% Grew,%% Decreased,%% Zero,Grew Average,Grew Median,Decreased Average,Decreased Median,Zero Total,Total Large Files,%% Large Grew,%% Large Decreased,%% Large Zero,Large Grew Average,Large Grew Median,Large Decreased Average,Large Decreased Median,Large Zero Total,Total Small Files,%% Small Grew,%% Small Decreased,%% Small Zero,Small Grew Average,Small Grew Median,Small Decreased Average,Small Decreased Median,Small Zero Total
large,172,165,18.235294117647058,8.823529411764707,6.2745098039215685,13.548387096774194,5.0,-8.644444444444444,-5.0,32,1,78.15126050420169,37.81512605042017,26.89075630252101,13.548387096774194,5.0,-8.644444444444444,-5.0,32,164,0,0,0,13.548387096774194,5.0,-8.644444444444444,-5.0,32
small,72,67,25.650557620817843,13.197026022304833,27.881040892193308,15.695652173913043,7.0,-5.76056338028169,-2.0,150,1,1061.5384615384614,546.1538461538462,1153.8461538461538,15.695652173913043,7.0,-5.76056338028169,-2.0,150,66,0,0,0,15.695652173913043,7.0,-5.76056338028169,-2.0,150
