Type,#Files,Total Filtered Files,%% Grew,%% Decreased,%% Zero,Grew Average,Grew Median,Decreased Average,Decreased Median,Zero Total,Total Large Files,%% Large Grew,%% Large Decreased,%% Large Zero,Large Grew Average,Large Grew Median,Large Decreased Average,Large Decreased Median,Large Zero Total,Total Small Files,%% Small Grew,%% Small Decreased,%% Small Zero,Small Grew Average,Small Grew Median,Small Decreased Average,Small Decreased Median,Small Zero Total
large,178,174,21.961620469083158,4.477611940298507,5.543710021321962,38.42718446601942,21.0,-21.80952380952381,-17.0,26,174,42.04081632653061,8.571428571428571,10.612244897959183,38.42718446601942,21.0,-21.80952380952381,-17.0,26,88,0,0,0,38.42718446601942,21.0,-21.80952380952381,-17.0,26
small,556,513,28.264094955489615,11.498516320474778,16.060830860534125,18.769028871391075,7.0,-20.870967741935484,-5.0,433,513,98.19587628865979,39.948453608247426,55.79896907216495,18.769028871391075,7.0,-20.870967741935484,-5.0,433,336,0,0,0,18.769028871391075,7.0,-20.870967741935484,-5.0,433
