language,total,large files p/ project,large files total,small files total,small proportion,small files p/ project,files available,files missing
Objective-C,1002.0,49.0,146.0,6111.0,0.3356164383561644,2051,953.0,1098.0
Python,181.0,4.0,574.0,8935.0,0.006968641114982578,63,177.0,0.0
Swift,243.0,12.0,278.0,7649.0,0.04316546762589928,331,231.0,100.0
