language,total,large files p/ project,large files total,small files total,small proportion,small files p/ project,files available,files missing
Objective-C,1008.0,49.0,146.0,6111.0,0.3356164383561644,2051,959.0,1092.0
Python,182.0,4.0,562.0,8911.0,0.0071174377224199285,64,178.0,0.0
Swift,250.0,13.0,276.0,7642.0,0.04710144927536232,360,237.0,123.0
