Type,Commits Amount,70% Threshould Large,70% Threshould Small,70% Threshould Flex,Large Files,Large Mean,Large Median,Large Min,Large Max,Commits Large Mean,Commits Large Median,Authors Large Mean,Authors Large Median,Small Files,Small Mean,Small Median,Small Min,Small Max,Commits Small Mean,Commits Small Median,Authors Small Mean,Authors Small Median
large,143,1,1,1,91,1.010989010989011,1.0,1,2,1.7802197802197801,1.0,1.3076923076923077,1.0,12527,1.0067055160852558,1.0,1,4,1.4032090684122296,1.0,1.1798515207152551,1.0
small,435,1,1,1,138,1.0072463768115942,1.0,1,2,1.9130434782608696,1.0,1.2391304347826086,1.0,17719,1.0269766916868899,1.0,1,3,1.6551159771996162,1.0,1.2149105479993227,1.0
