Type,#Files,#Files Filtered by Language,%% Grow,%% Decrease,%% Zero,%% Deleted,Total File Grow,Grow Average,Grow Median,Grow Max,Total Decreased,Decreased Average,Decreased Median,Decreased Max,Total Zero,Total Deleted,Total Large Grow,Grow Large Average,Grow Large Median,Grow Large Max,Total Large Decreased,Decreased Large Average,Decreased Large Median,Decreased Large Max,Total Large Zero,Total Large Deleted,Total Small Grow,Grow Small Average,Grow Small Median,Grow Small Max,Total Small Decreased,Decreased Small Average,Decreased Small Median,Decreased Small Max,Total Small Zero,Total Small Deleted
large,21212,15939,23.075475249388294,12.993286906330384,63.899868247694336,0.0,3678,36.43909733550843,9.0,2306,2071,-30.850313858039595,-6.0,-1725,10185,0,478,64.5418410041841,12.0,2306,290,-62.210344827586205,-5.0,-1725,15166,0,2152,34.222583643122675,9.0,1779,1236,-27.97977346278317,-6.5,-782,3905,0
small,22941,17567,25.87237433824785,14.58985597996243,59.50361473216827,0.0,4545,33.27084708470847,8.0,2306,2563,-28.497463909481077,-5.0,-1725,10453,0,460,66.45,13.0,2306,266,-66.2406015037594,-5.0,-1725,16835,0,2620,32.935496183206105,9.0,1779,1496,-28.47459893048128,-6.0,-821,4681,0
