Type,#Files,Total Filtered Files,%% Grew,%% Decreased,%% Zero,Grew Average,Grew Median,Decreased Average,Decreased Median,Zero Total,Total Large Files,%% Large Grew,%% Large Decreased,%% Large Zero,Large Grew Average,Large Grew Median,Large Decreased Average,Large Decreased Median,Large Zero Total,Total Small Files,%% Small Grew,%% Small Decreased,%% Small Zero,Small Grew Average,Small Grew Median,Small Decreased Average,Small Decreased Median,Small Zero Total
large,1183,882,19.1592005513439,10.923501033769814,11.302549965541006,20.8705035971223,10.0,-13.996845425867507,-6.0,328,2,2647.6190476190473,1509.5238095238094,1561.904761904762,20.8705035971223,10.0,-13.996845425867507,-6.0,328,880,0,0,0,20.8705035971223,10.0,-13.996845425867507,-6.0,328
small,3017,2256,12.692419401684576,6.360731919837351,6.912576241649725,19.6441647597254,8.0,-13.232876712328768,-6.0,476,2240,38.333333333333336,19.210526315789473,20.87719298245614,19.6441647597254,8.0,-13.232876712328768,-6.0,476,1227,0,0,0,19.6441647597254,8.0,-13.232876712328768,-6.0,476
