Type,#Files,Total Filtered Files,%% Grew,%% Decreased,%% Zero,Grew Average,Grew Median,Decreased Average,Decreased Median,Zero Total,Total Large Files,%% Large Grew,%% Large Decreased,%% Large Zero,Large Grew Average,Large Grew Median,Large Decreased Average,Large Decreased Median,Large Zero Total,Total Small Files,%% Small Grew,%% Small Decreased,%% Small Zero,Small Grew Average,Small Grew Median,Small Decreased Average,Small Decreased Median,Small Zero Total
large,428,188,15.352697095435685,7.053941908713693,5.186721991701245,19.675675675675677,8.0,-17.470588235294116,-3.0,25,1,462.5,212.5,156.25,19.675675675675677,8.0,-17.470588235294116,-3.0,25,187,0,0,0,19.675675675675677,8.0,-17.470588235294116,-3.0,25
small,410,229,13.76281112737921,6.149341142020498,12.298682284040996,20.74468085106383,6.5,-10.380952380952381,-5.5,84,1,1566.6666666666665,700.0,1400.0,20.74468085106383,6.5,-10.380952380952381,-5.5,84,228,0,0,0,20.74468085106383,6.5,-10.380952380952381,-5.5,84
