Type,#Files,Total Filtered Files,%% Grew,%% Decreased,%% Zero,Grew Average,Grew Median,Decreased Average,Decreased Median,Zero Total,Total Large Files,%% Large Grew,%% Large Decreased,%% Large Zero,Large Grew Average,Large Grew Median,Large Decreased Average,Large Decreased Median,Large Zero Total,Total Small Files,%% Small Grew,%% Small Decreased,%% Small Zero,Small Grew Average,Small Grew Median,Small Decreased Average,Small Decreased Median,Small Zero Total
large,457,348,12.0,6.564102564102564,11.794871794871794,20.683760683760685,6.0,-21.6875,-8.0,115,348,27.27272727272727,14.918414918414918,26.806526806526808,20.683760683760685,6.0,-21.6875,-8.0,115,180,0,0,0,20.683760683760685,6.0,-21.6875,-8.0,115
small,737,564,3.5856573705179287,1.1952191235059761,7.370517928286853,10.63888888888889,2.0,-40.666666666666664,-13.5,74,564,5.76,1.92,11.84,10.63888888888889,2.0,-40.666666666666664,-13.5,74,171,0,0,0,10.63888888888889,2.0,-40.666666666666664,-13.5,74
