Type,#Files,Total Filtered Files,%% Grew,%% Decreased,%% Zero,Grew Average,Grew Median,Decreased Average,Decreased Median,Zero Total,Total Large Files,%% Large Grew,%% Large Decreased,%% Large Zero,Large Grew Average,Large Grew Median,Large Decreased Average,Large Decreased Median,Large Zero Total,Total Small Files,%% Small Grew,%% Small Decreased,%% Small Zero,Small Grew Average,Small Grew Median,Small Decreased Average,Small Decreased Median,Small Zero Total
large,4256,3678,38.863428047662694,12.275762734057876,21.356553620531624,24.339369946091644,8.0,-17.039733333333334,-4.0,6524,3678,109.26829268292684,34.51449608835711,60.04601932811781,24.339369946091644,8.0,-17.039733333333334,-4.0,6524,2534,0,0,0,24.339369946091644,8.0,-17.039733333333334,-4.0,6524
small,6042,5056,34.928020939363094,11.621346517376763,20.32572342591246,24.18825978351374,8.0,-16.713213213213212,-4.0,6989,5056,128.68316725597342,42.81581485053037,74.88481731490411,24.18825978351374,8.0,-16.713213213213212,-4.0,6989,3486,0,0,0,24.18825978351374,8.0,-16.713213213213212,-4.0,6989
