Type,#Files,Total Filtered Files,%% Grew,%% Decreased,%% Zero,Grew Average,Grew Median,Decreased Average,Decreased Median,Zero Total,Total Large Files,%% Large Grew,%% Large Decreased,%% Large Zero,Large Grew Average,Large Grew Median,Large Decreased Average,Large Decreased Median,Large Zero Total,Total Small Files,%% Small Grew,%% Small Decreased,%% Small Zero,Small Grew Average,Small Grew Median,Small Decreased Average,Small Decreased Median,Small Zero Total
large,241,189,24.089635854341736,8.26330532212885,13.305322128851541,28.825581395348838,11.0,-21.16949152542373,-5.0,95,3,716.6666666666667,245.83333333333334,395.83333333333337,28.825581395348838,11.0,-21.16949152542373,-5.0,95,186,0,0,0,28.825581395348838,11.0,-21.16949152542373,-5.0,95
small,259,188,22.63083451202263,7.213578500707214,14.992927864214991,21.30625,6.0,-10.196078431372548,-4.0,106,3,761.9047619047618,242.85714285714283,504.76190476190476,21.30625,6.0,-10.196078431372548,-4.0,106,185,0,0,0,21.30625,6.0,-10.196078431372548,-4.0,106
