Type,#Files,Total Filtered Files,%% Grew,%% Decreased,%% Zero,Grew Average,Grew Median,Decreased Average,Decreased Median,Zero Total,Total Large Files,%% Large Grew,%% Large Decreased,%% Large Zero,Large Grew Average,Large Grew Median,Large Decreased Average,Large Decreased Median,Large Zero Total,Total Small Files,%% Small Grew,%% Small Decreased,%% Small Zero,Small Grew Average,Small Grew Median,Small Decreased Average,Small Decreased Median,Small Zero Total
large,3833,2988,25.939640070074855,9.396400700748526,33.727504379678294,11.067229470452801,4.0,-12.116949152542373,-3.0,8471,2988,104.64182460648892,37.90555734018631,136.05846450369418,11.067229470452801,4.0,-12.116949152542373,-3.0,8471,2519,0,0,0,11.067229470452801,4.0,-12.116949152542373,-3.0,8471
small,4771,3687,20.89522677757972,7.553971083382847,33.87205387205387,13.165308056872037,5.0,-13.200314630309386,-3.0,8551,3687,114.20220827018835,41.28599263909937,185.12665079021434,13.165308056872037,5.0,-13.200314630309386,-3.0,8551,3094,0,0,0,13.165308056872037,5.0,-13.200314630309386,-3.0,8551
