Type,#Files,Total Filtered Files,%% Grew,%% Decreased,%% Zero,Grew Average,Grew Median,Decreased Average,Decreased Median,Zero Total,Total Large Files,%% Large Grew,%% Large Decreased,%% Large Zero,Large Grew Average,Large Grew Median,Large Decreased Average,Large Decreased Median,Large Zero Total,Total Small Files,%% Small Grew,%% Small Decreased,%% Small Zero,Small Grew Average,Small Grew Median,Small Decreased Average,Small Decreased Median,Small Zero Total
large,1666,1645,13.495996950057187,5.477188969373491,28.478841021730844,35.77777777777778,9.0,-15.663573085846867,-2.0,2241,1645,43.975155279503106,17.84679089026915,92.79503105590062,35.77777777777778,9.0,-15.663573085846867,-2.0,2241,1506,0,0,0,35.77777777777778,9.0,-15.663573085846867,-2.0,2241
small,1893,1870,14.569748797434526,5.665419561731695,28.850881881346872,30.867204695524578,7.0,-14.883018867924529,-2.0,2699,1870,54.69502407704655,21.26805778491172,108.30658105939004,30.867204695524578,7.0,-14.883018867924529,-2.0,2699,1713,0,0,0,30.867204695524578,7.0,-14.883018867924529,-2.0,2699
