Type,#Files,Total Filtered Files,%% Grew,%% Decreased,%% Zero,Grew Average,Grew Median,Decreased Average,Decreased Median,Zero Total,Total Large Files,%% Large Grew,%% Large Decreased,%% Large Zero,Large Grew Average,Large Grew Median,Large Decreased Average,Large Decreased Median,Large Zero Total,Total Small Files,%% Small Grew,%% Small Decreased,%% Small Zero,Small Grew Average,Small Grew Median,Small Decreased Average,Small Decreased Median,Small Zero Total
large,1123,920,13.079150579150578,5.0675675675675675,8.832046332046332,29.195571955719558,12.0,-23.133333333333333,-6.0,183,920,26.46484375,10.25390625,17.87109375,29.195571955719558,12.0,-23.133333333333333,-6.0,183,386,0,0,0,29.195571955719558,12.0,-23.133333333333333,-6.0,183
small,2515,2131,8.977647489923049,6.7057530230853795,13.466471234884573,18.273469387755103,6.0,-8.051912568306012,-4.0,735,2131,22.769516728624538,17.007434944237918,34.1542750929368,18.273469387755103,6.0,-8.051912568306012,-4.0,735,1031,0,0,0,18.273469387755103,6.0,-8.051912568306012,-4.0,735
