language,total,large files p/ project,large files total,small files total,small proportion,small files p/ project,files available,files missing
JavaScript,1975.0,13.0,1579.0,9941.0,0.008233058898036731,82,1962.0,0.0
Rust,482.0,27.0,487.0,8701.0,0.055441478439425054,483,455.0,28.0
TypeScript,1649.0,27.0,899.0,9484.0,0.030033370411568408,285,1622.0,0.0
