language,total,large files p/ project,large files total,small files total,small proportion,small files p/ project,files available,files missing
JavaScript,1443.0,13.0,1671.0,9976.0,0.007779772591262717,78,1430.0,0.0
Rust,477.0,25.0,484.0,8692.0,0.05165289256198347,449,452.0,0.0
TypeScript,1615.0,27.0,920.0,9508.0,0.029347826086956522,280,1588.0,0.0
