language,total,large files p/ project,large files total,small files total,small proportion,small files p/ project,files available,files missing
Dart,102.0,5.0,394.0,8345.0,0.012690355329949238,106,97.0,9.0
Kotlin,12.0,2.0,755.0,9287.0,0.0026490066225165563,25,10.0,15.0
Rust,235.0,10.0,487.0,8701.0,0.02053388090349076,179,225.0,0.0
