language,total,large files p/ project,large files total,small files total,small proportion,small files p/ project,files available,files missing
Dart,103.0,5.0,381.0,8284.0,0.013123359580052493,109,98.0,11.0
Kotlin,12.0,2.0,753.0,9287.0,0.0026560424966799467,25,10.0,15.0
Rust,235.0,10.0,484.0,8692.0,0.02066115702479339,180,225.0,0.0
