language,total,large files p/ project,large files total,small files total,small proportion,small files p/ project,files available,files missing
JavaScript,137.0,2.0,1671.0,9976.0,0.0011968880909634949,12,135.0,0.0
Rust,31287.0,166.0,484.0,8692.0,0.34297520661157027,2982,31121.0,0.0
TypeScript,26.0,1.0,920.0,9508.0,0.0010869565217391304,11,25.0,0.0
