language,total,large files p/ project,large files total,small files total,small proportion,small files p/ project,files available,files missing
JavaScript,24932.0,110.0,1579.0,9941.0,0.06966434452184928,693,24822.0,0.0
Rust,1043.0,43.0,487.0,8701.0,0.08829568788501027,769,1000.0,0.0
TypeScript,9395.0,50.0,899.0,9484.0,0.05561735261401557,528,9345.0,0.0
