language,total,large files p/ project,large files total,small files total,small proportion,small files p/ project,files available,files missing
Java,3821.0,172.0,1027.0,9612.0,0.16747809152872445,1610,3649.0,0.0
Kotlin,57101.0,415.0,755.0,9287.0,0.5496688741721855,5105,56686.0,0.0
Swift,202.0,3.0,276.0,7642.0,0.010869565217391304,84,199.0,0.0
