language,total,large files p/ project,large files total,small files total,small proportion,small files p/ project,files available,files missing
Java,3824.0,178.0,1117.0,9686.0,0.1593554162936437,1544,3646.0,0.0
Kotlin,56831.0,399.0,753.0,9287.0,0.5298804780876494,4921,56432.0,0.0
Swift,195.0,3.0,278.0,7649.0,0.01079136690647482,83,192.0,0.0
