Type,#Files,#Files Filtered by Language,Total Files,Only Added,Time Average,Time Median,Total Large Files,Only Added Large,Time Large Average,Time Large Median,Total Small Files,Only Added Small,Time Small Average,Time Small Median,Large p/ Small (Average),Large p/ Small (Median)
large,4691,3528,3447,943,9140223.18560606,1227586.0,98,6,2064316.224709042,362052.5,3349,937,11631174.359675387,2050244.0,5.634395651429208,5.662836190883919
small,13539,10427,9076,2522,9347118.677392855,792834.0,77,2,2691068.511355311,459607.0,8999,2520,9802806.734201023,894491.0,3.6427191254465705,1.946208391081946
