Type,#Files,#Files Filtered by Language,Total Files,Only Added,Time Average,Time Median,Total Large Files,Only Added Large,Time Large Average,Time Large Median,Total Small Files,Only Added Small,Time Small Average,Time Small Median,Large p/ Small (Average),Large p/ Small (Median)
large,1829,1200,1195,442,6849350.721637694,1910139.5,14,6,2407430.6193181816,1124088.5,1181,436,7035665.768827455,1988444.0,2.9224791411933007,1.7689390114746304
small,3874,2751,2736,932,8232354.292207085,2851692.0,15,4,2239874.7300380226,1138727.0,2721,928,8409196.990237882,2951129.0,3.7543157559061946,2.59160360648338
