Type,#Files,#Files Filtered by Language,Total Files,Only Added,Time Average,Time Median,Total Large Files,Only Added Large,Time Large Average,Time Large Median,Total Small Files,Only Added Small,Time Small Average,Time Small Median,Large p/ Small (Average),Large p/ Small (Median)
large,868,546,530,149,3923351.657347002,310336.0,31,5,1216645.455465587,58242.0,499,144,5608221.697328629,686341.0,4.6095776482249455,11.784296555750146
small,1361,881,858,204,4865670.859230942,441085.5,28,6,1712537.3686466627,145652.0,830,198,5574811.058945049,572568.0,3.255293087911161,3.9310685744102383
