Type,#Files,#Files Filtered by Language,Total Files,Only Added,Time Average,Time Median,Total Large Files,Only Added Large,Time Large Average,Time Large Median,Total Small Files,Only Added Small,Time Small Average,Time Small Median,Large p/ Small (Average),Large p/ Small (Median)
large,2828,1711,1694,1349,6640259.1473936485,1191935.0,17,0,2380061.0589171974,659692.5,1677,1349,9210292.192122959,2149919.0,3.869771389946255,3.2589714147121573
small,2184,1584,1574,1111,10079465.721752498,4671638.0,14,2,10548541.109756097,4479733.5,1560,1109,10047911.840032814,4750394.0,0.9525404257788537,1.0604188842930053
