Type,#Files,#Files Filtered by Language,Total Files,Only Added,Time Average,Time Median,Total Large Files,Only Added Large,Time Large Average,Time Large Median,Total Small Files,Only Added Small,Time Small Average,Time Small Median,Large p/ Small (Average),Large p/ Small (Median)
large,967,545,536,187,3161579.057132188,604393.0,9,3,3324014.152173913,1082153.0,527,184,3158740.1458966564,597749.5,0.9502787898273035,0.5523705982425775
small,1033,573,567,181,3666954.571255551,926297.0,9,3,3288272.064516129,1039081.0,558,178,3674199.474182267,926297.0,1.1173648050082887,0.8914579325384643
