Type,#Files,#Files Filtered by Language,Total Files,Only Added,Time Average,Time Median,Total Large Files,Only Added Large,Time Large Average,Time Large Median,Total Small Files,Only Added Small,Time Small Average,Time Small Median,Large p/ Small (Average),Large p/ Small (Median)
large,849,346,345,169,3653192.403895004,1818933.0,5,2,1856753.0,1144741.0,340,167,3674743.5192802055,1853976.0,1.9791235125405509,1.619559358841869
small,1124,667,666,416,7435198.023255814,4994760.0,3,1,7832109.2,2168564.0,663,415,7432617.326397919,4994760.0,0.9489930664396149,2.303256901802299
