Type,#Files,#Files Filtered by Language,Total Files,Only Added,Time Average,Time Median,Total Large Files,Only Added Large,Time Large Average,Time Large Median,Total Small Files,Only Added Small,Time Small Average,Time Small Median,Large p/ Small (Average),Large p/ Small (Median)
large,2871,2553,2543,965,10681244.892256325,3878302.0,56,12,2117513.452255419,935221.0,2487,953,13085568.834375,6153335.0,6.179686282718638,6.579551785086092
small,12420,10034,9619,4726,8434013.857789855,3027930.5,54,32,4867324.851282051,2034333.0,9565,4694,8483141.805537896,3043645.0,1.742875617456156,1.4961390293526182
