Type,#Files,#Files Filtered by Language,Total Files,Only Added,Time Average,Time Median,Total Large Files,Only Added Large,Time Large Average,Time Large Median,Total Small Files,Only Added Small,Time Small Average,Time Small Median,Large p/ Small (Average),Large p/ Small (Median)
large,251,137,135,93,7942198.798245614,2504749.0,5,0,5329438.606060606,2504749.0,130,93,9006656.654320987,2504749.0,1.6899822514286345,1.0
small,835,413,399,209,7999084.398042414,2949216.0,2,1,6131896.0,6131896.0,397,208,8002135.359477124,2939417.5,1.3050018068599214,0.47936519145138795
