Type,#Files,#Files Filtered by Language,Total Files,Only Added,Time Average,Time Median,Total Large Files,Only Added Large,Time Large Average,Time Large Median,Total Small Files,Only Added Small,Time Small Average,Time Small Median,Large p/ Small (Average),Large p/ Small (Median)
large,4842,805,797,534,6328046.699078341,436127.0,5,0,426462.98791540787,73487.0,792,534,11307037.884451997,2262652.0,26.513526858970543,30.789826772082137
small,2947,697,683,369,12578656.345634563,5197368.0,6,5,17204993.0,17204993.0,677,364,12574488.474774774,5196528.5,0.7308627486669,0.30203607173801233
