Type,#Files,#Files Filtered by Language,Total Files,Only Added,Time Average,Time Median,Total Large Files,Only Added Large,Time Large Average,Time Large Median,Total Small Files,Only Added Small,Time Small Average,Time Small Median,Large p/ Small (Average),Large p/ Small (Median)
large,1148,818,798,279,13270185.5220368,2437346.0,5,3,3891889.2678571427,1286715.5,793,276,13500428.656729504,2437346.0,3.4688624797803618,1.8942384699648058
small,1483,1099,1081,345,12341286.121021021,3073510.0,3,1,5363902.375,1608038.5,1078,344,12374972.946590222,3086606.0,2.307083925365107,1.9194851367053711
