Type,#Files,#Files Filtered by Language,Total Files,Only Added,Time Average,Time Median,Total Large Files,Only Added Large,Time Large Average,Time Large Median,Total Small Files,Only Added Small,Time Small Average,Time Small Median,Large p/ Small (Average),Large p/ Small (Median)
large,6221,4554,4417,878,2893656.1416121228,311573.0,189,21,734692.4923087441,88171.0,4228,857,4040279.768145674,602303.5,5.49928005314066,6.831083916480475
small,10117,6779,6489,1309,3325945.0636589546,410666.0,174,24,1264048.4462520336,252170.5,6315,1285,3691053.5521738166,441129.0,2.9200253859873597,1.7493283314265546
