Type,#Files,#Files Filtered by Language,Total Files,Only Added,Time Average,Time Median,Total Large Files,Only Added Large,Time Large Average,Time Large Median,Total Small Files,Only Added Small,Time Small Average,Time Small Median,Large p/ Small (Average),Large p/ Small (Median)
large,59761,30897,29519,13803,18055383.364292886,1227736.0,452,43,991695.3745783973,83286.0,29067,13760,25040239.842779066,2931530.0,25.249931062171694,35.19835266431333
small,43404,26829,25455,11052,24410704.97427967,2579219.0,340,22,2719619.9016229436,812800.0,25115,11030,26757492.08312788,2929558.0,9.838688144310256,3.6042790354330707
