Type,#Files,#Files Filtered by Language,Total Files,Only Added,Time Average,Time Median,Total Large Files,Only Added Large,Time Large Average,Time Large Median,Total Small Files,Only Added Small,Time Small Average,Time Small Median,Large p/ Small (Average),Large p/ Small (Median)
large,1489,842,832,339,2424742.6258543255,302013.0,35,17,779961.0974137931,92157.0,797,322,2906425.6788689727,382274.0,3.726372621027053,4.1480733964864305
small,2566,1724,1685,592,2250980.9756224067,344837.0,34,18,1175127.4467213114,188321.5,1651,574,2323657.681339978,352013.0,1.9773665297522807,1.869213021349129
