Type,#Files,#Files Filtered by Language,Total Files,Only Added,Time Average,Time Median,Total Large Files,Only Added Large,Time Large Average,Time Large Median,Total Small Files,Only Added Small,Time Small Average,Time Small Median,Large p/ Small (Average),Large p/ Small (Median)
large,34468,23116,14223,2453,5487738.330750463,388225.0,12,0,1435799.915451895,490104.0,14211,2453,5525347.652513936,348904.0,3.848271331576811,0.7118978828983237
small,35411,23338,14452,1733,3395783.550898111,30791.0,10,2,3292064.909090909,1448553.0,14442,1731,3395942.3825021656,30791.0,1.031553895892029,0.021256384819885777
