Type,#Files,#Files Filtered by Language,Total Files,Only Added,Time Average,Time Median,Total Large Files,Only Added Large,Time Large Average,Time Large Median,Total Small Files,Only Added Small,Time Small Average,Time Small Median,Large p/ Small (Average),Large p/ Small (Median)
large,46,40,40,29,19265235.94642857,1981523.0,2,0,10335339.3125,1107612.5,38,29,31171764.791666668,3594317.5,3.0160369049486557,3.2451037704973533
small,1179,836,834,535,6462258.234636871,2997782.0,1,0,3141040.0,3141040.0,833,535,6468454.537313432,2997782.0,2.059335295734353,0.9543915391080661
