Type,#Files,#Files Filtered by Language,Total Files,Only Added,Time Average,Time Median,Total Large Files,Only Added Large,Time Large Average,Time Large Median,Total Small Files,Only Added Small,Time Small Average,Time Small Median,Large p/ Small (Average),Large p/ Small (Median)
large,2713,1257,1248,509,3907035.1286673737,431089.0,61,7,847541.2718651212,71060.0,1187,502,5451428.570212766,1372498.0,6.432050864279696,19.31463551927948
small,3331,1865,1843,627,3084667.3621834787,113076.0,61,7,2240909.8047945206,678797.5,1782,620,3139103.3336279276,96583.5,1.4008164571870247,0.1422861751847937
