Type,#Files,#Files Filtered by Language,Total Files,Only Added,Time Average,Time Median,Total Large Files,Only Added Large,Time Large Average,Time Large Median,Total Small Files,Only Added Small,Time Small Average,Time Small Median,Large p/ Small (Average),Large p/ Small (Median)
large,2286,345,343,147,3691635.6634557494,617784.0,7,2,1649259.2954545454,264205.0,336,145,3867955.925441465,670843.0,2.3452685312138466,2.5391003198274067
small,2070,532,529,197,4452277.258975393,948700.0,6,2,8538019.5,661512.0,523,195,4425735.693463257,949584.0,0.5183562409834338,1.4354750934223415
