Type,#Files,#Files Filtered by Language,Total Files,Only Added,Time Average,Time Median,Total Large Files,Only Added Large,Time Large Average,Time Large Median,Total Small Files,Only Added Small,Time Small Average,Time Small Median,Large p/ Small (Average),Large p/ Small (Median)
large,98,62,59,18,6528824.922535211,752317.0,5,0,2724375.553133515,379885.0,54,18,10599474.83090379,1909281.0,3.8906070856172947,5.02594469378891
small,426,259,198,95,2915155.1653465345,0.0,2,1,4958822.48,360061.0,196,94,2902429.9641344957,0.0,0.5853062850788915,0.0
