Type,#Files,#Files Filtered by Language,Total Files,Only Added,Time Average,Time Median,Total Large Files,Only Added Large,Time Large Average,Time Large Median,Total Small Files,Only Added Small,Time Small Average,Time Small Median,Large p/ Small (Average),Large p/ Small (Median)
large,3822,2267,2254,1310,6151792.324254587,439675.0,23,9,411740.86943319836,76257.0,2231,1301,8420260.6592,1114963.5,20.450388300756526,14.621129863487942
small,5851,3622,3563,1809,5617564.930448223,946652.5,16,9,3024526.1411764706,1364836.0,3547,1800,5652084.632419733,940042.0,1.8687504648980164,0.688758209777585
