Type,#Files,#Files Filtered by Language,Total Files,Only Added,Time Average,Time Median,Total Large Files,Only Added Large,Time Large Average,Time Large Median,Total Small Files,Only Added Small,Time Small Average,Time Small Median,Large p/ Small (Average),Large p/ Small (Median)
large,282,208,207,94,1025134.1274409044,320227.0,11,0,412708.12436548225,94653.5,196,94,1441879.9740932642,512353.0,3.4937038768259803,5.412932432503816
small,328,250,249,93,1156490.324118208,423744.0,11,0,647197.048192771,259626.0,238,93,1315007.85625,449615.0,2.0318508249103107,1.7317795598283685
