Type,#Files,#Files Filtered by Language,Total Files,Only Added,Time Average,Time Median,Total Large Files,Only Added Large,Time Large Average,Time Large Median,Total Small Files,Only Added Small,Time Small Average,Time Small Median,Large p/ Small (Average),Large p/ Small (Median)
large,1193,754,749,526,3262380.3273696234,591807.0,5,0,550550.538377193,179724.0,744,526,4704472.903206997,1324866.0,8.545033698584579,7.371669893837217
small,1248,791,787,514,3707535.1320158103,1008609.0,4,0,1110375.4064327485,426811.0,783,514,4113489.7143510054,1190972.5,3.7045936811282796,2.790397857599734
