Type,#Files,#Files Filtered by Language,Total Files,Only Added,Time Average,Time Median,Total Large Files,Only Added Large,Time Large Average,Time Large Median,Total Small Files,Only Added Small,Time Small Average,Time Small Median,Large p/ Small (Average),Large p/ Small (Median)
large,447,372,370,75,5376700.499740529,362472.0,18,1,1557327.8140822784,87998.0,352,74,7240672.343243243,687481.5,4.649420807725133,7.812467328802927
small,738,613,605,124,5073332.153812825,533948.0,16,1,2839860.6993769472,236147.0,589,123,5301585.683540273,580146.5,1.8668470903179926,2.4567176377425923
