Type,#Files,#Files Filtered by Language,Total Files,Only Added,Time Average,Time Median,Total Large Files,Only Added Large,Time Large Average,Time Large Median,Total Small Files,Only Added Small,Time Small Average,Time Small Median,Large p/ Small (Average),Large p/ Small (Median)
large,102,92,91,42,4908790.133333334,426042.5,10,3,2924019.1487179487,199429.0,81,39,6426556.180392157,677723.0,2.1978502374753304,3.3983171955934193
small,450,410,406,115,6052325.998885794,515837.0,6,2,3655947.696969697,315610.0,400,113,6097207.090805902,519976.0,1.6677500873055953,1.64752701118469
