Type,#Files,Total Filtered Files,%% Grew,%% Decreased,%% Zero,Grew Average,Grew Median,Decreased Average,Decreased Median,Zero Total,Total Large Files,%% Large Grew,%% Large Decreased,%% Large Zero,Large Grew Average,Large Grew Median,Large Decreased Average,Large Decreased Median,Large Zero Total,Total Small Files,%% Small Grew,%% Small Decreased,%% Small Zero,Small Grew Average,Small Grew Median,Small Decreased Average,Small Decreased Median,Small Zero Total
large,737,720,31.24880838894185,7.893231649189704,30.40991420400381,16.476510067114095,7.0,-21.695652173913043,-5.5,1595,720,104.86244401791427,26.48752399232246,102.0473448496481,16.476510067114095,7.0,-21.695652173913043,-5.5,1595,481,0,0,0,16.476510067114095,7.0,-21.695652173913043,-5.5,1595
small,1799,1782,19.600997506234414,3.405771286070538,40.505878161738515,8.340239912758996,2.0,-16.820083682008367,-2.0,5685,1782,140.7881269191402,24.462640736949847,290.94165813715455,8.340239912758996,2.0,-16.820083682008367,-2.0,5685,1739,0,0,0,8.340239912758996,2.0,-16.820083682008367,-2.0,5685
