Type,#Files,Total Filtered Files,%% Grew,%% Decreased,%% Zero,Grew Average,Grew Median,Decreased Average,Decreased Median,Zero Total,Total Large Files,%% Large Grew,%% Large Decreased,%% Large Zero,Large Grew Average,Large Grew Median,Large Decreased Average,Large Decreased Median,Large Zero Total,Total Small Files,%% Small Grew,%% Small Decreased,%% Small Zero,Small Grew Average,Small Grew Median,Small Decreased Average,Small Decreased Median,Small Zero Total
large,686,650,36.72958835569707,12.599499658858312,18.421651125767568,18.570278637770897,6.0,-19.608303249097474,-3.0,810,6,150.93457943925233,51.77570093457944,75.70093457943925,18.570278637770897,6.0,-19.608303249097474,-3.0,810,644,0,0,0,18.570278637770897,6.0,-19.608303249097474,-3.0,810
small,973,903,33.60046626839575,14.002622759726066,21.958327262130265,15.705550737207286,5.0,-12.99063475546306,-2.0,1507,5,493.79014989293364,205.7815845824411,322.6980728051392,15.705550737207286,5.0,-12.99063475546306,-2.0,1507,898,0,0,0,15.705550737207286,5.0,-12.99063475546306,-2.0,1507
