Type,#Files,Total Filtered Files,%% Grew,%% Decreased,%% Zero,Grew Average,Grew Median,Decreased Average,Decreased Median,Zero Total,Total Large Files,%% Large Grew,%% Large Decreased,%% Large Zero,Large Grew Average,Large Grew Median,Large Decreased Average,Large Decreased Median,Large Zero Total,Total Small Files,%% Small Grew,%% Small Decreased,%% Small Zero,Small Grew Average,Small Grew Median,Small Decreased Average,Small Decreased Median,Small Zero Total
large,1242,849,28.99821399577854,11.203117389186556,30.16723494073713,15.200447928331467,5.0,-12.81304347826087,-2.0,1858,849,146.15384615384613,56.46481178396072,152.04582651391163,15.200447928331467,5.0,-12.81304347826087,-2.0,1858,537,0,0,0,15.200447928331467,5.0,-12.81304347826087,-2.0,1858
small,1606,1148,24.10792687794364,11.0720842979165,44.623612995928795,12.439735099337748,4.0,-11.165104542177362,-3.0,5590,1148,239.11322248614408,109.8178939034046,442.596991290578,12.439735099337748,4.0,-11.165104542177362,-3.0,5590,736,0,0,0,12.439735099337748,4.0,-11.165104542177362,-3.0,5590
