Type,#Files,Total Filtered Files,%% Grew,%% Decreased,%% Zero,Grew Average,Grew Median,Decreased Average,Decreased Median,Zero Total,Total Large Files,%% Large Grew,%% Large Decreased,%% Large Zero,Large Grew Average,Large Grew Median,Large Decreased Average,Large Decreased Median,Large Zero Total,Total Small Files,%% Small Grew,%% Small Decreased,%% Small Zero,Small Grew Average,Small Grew Median,Small Decreased Average,Small Decreased Median,Small Zero Total
large,807,726,23.95866968033581,7.491120439134646,29.577010009686795,120.29649595687331,9.0,-319.57327586206895,-8.0,916,722,47.594611930724824,14.881334188582423,58.75561257216164,120.29649595687331,9.0,-319.57327586206895,-8.0,916,300,0,0,0,120.29649595687331,9.0,-319.57327586206895,-8.0,916
small,846,770,22.70017035775128,9.156729131175469,10.775127768313459,84.96060037523452,8.0,-153.93488372093023,-5.0,253,766,52.98210735586481,21.371769383697814,25.14910536779324,84.96060037523452,8.0,-153.93488372093023,-5.0,253,369,0,0,0,84.96060037523452,8.0,-153.93488372093023,-5.0,253
