Type,#Files,Total Filtered Files,%% Grew,%% Decreased,%% Zero,Grew Average,Grew Median,Decreased Average,Decreased Median,Zero Total,Total Large Files,%% Large Grew,%% Large Decreased,%% Large Zero,Large Grew Average,Large Grew Median,Large Decreased Average,Large Decreased Median,Large Zero Total,Total Small Files,%% Small Grew,%% Small Decreased,%% Small Zero,Small Grew Average,Small Grew Median,Small Decreased Average,Small Decreased Median,Small Zero Total
large,163,85,3.5000000000000004,3.5000000000000004,7.000000000000001,32.714285714285715,24.0,-7.428571428571429,-2.0,14,84,8.045977011494253,8.045977011494253,16.091954022988507,32.714285714285715,24.0,-7.428571428571429,-2.0,14,65,0,0,0,32.714285714285715,24.0,-7.428571428571429,-2.0,14
small,227,122,5.128205128205128,2.849002849002849,11.11111111111111,17.333333333333332,7.0,-24.9,-4.5,39,121,14.285714285714285,7.936507936507936,30.952380952380953,17.333333333333332,7.0,-24.9,-4.5,39,101,0,0,0,17.333333333333332,7.0,-24.9,-4.5,39
