Type,#Files,Total Filtered Files,%% Grew,%% Decreased,%% Zero,Grew Average,Grew Median,Decreased Average,Decreased Median,Zero Total,Total Large Files,%% Large Grew,%% Large Decreased,%% Large Zero,Large Grew Average,Large Grew Median,Large Decreased Average,Large Decreased Median,Large Zero Total,Total Small Files,%% Small Grew,%% Small Decreased,%% Small Zero,Small Grew Average,Small Grew Median,Small Decreased Average,Small Decreased Median,Small Zero Total
large,989,791,11.36546184738956,8.393574297188755,22.570281124497992,28.498233215547703,6.0,-16.258373205741627,-2.0,562,791,31.37472283813747,23.170731707317074,62.3059866962306,28.498233215547703,6.0,-16.258373205741627,-2.0,562,437,0,0,0,28.498233215547703,6.0,-16.258373205741627,-2.0,562
small,2112,1520,10.972017673048601,5.915562101129111,18.7039764359352,21.9082774049217,4.0,-13.21161825726141,-2.0,762,2,1241.6666666666665,669.4444444444445,2116.666666666667,21.9082774049217,4.0,-13.21161825726141,-2.0,762,1518,0,0,0,21.9082774049217,4.0,-13.21161825726141,-2.0,762
