Large Top 50% Mean,Small Top 50% Mean,Large Top 50% Median,Small Top 50% Median
5.926147382093857,1.8587338953135601,3.0,1.0
