language,total,large files p/ project,large files total,small files total,small proportion,small files p/ project,files available,files missing
C,24.0,1.0,587.0,8977.0,0.0017035775127768314,16,23.0,0.0
C#,8.0,4.0,923.0,9511.0,0.004333694474539545,42,4.0,38.0
C++,127.0,1.0,421.0,8461.0,0.0023752969121140144,21,126.0,0.0
Python,2.0,1.0,570.0,8935.0,0.0017543859649122807,16,1.0,15.0
