language,total,large files,small p/ language,small proportion,small files,files available,files missing
C,24.0,1.0,8977.0,0.041666666666666664,375,23.0,352.0
C#,8.0,4.0,9511.0,0.5,4756,4.0,4752.0
C++,127.0,1.0,8461.0,0.007874015748031496,67,126.0,0.0
Python,2.0,1.0,8935.0,0.5,4468,1.0,4467.0
