language,total,large files,small p/ language,small proportion,small files,files available,files missing
C,130.0,2.0,8977.0,0.015384615384615385,139,128.0,11.0
C++,292.0,5.0,8461.0,0.017123287671232876,145,287.0,0.0
JavaScript,112.0,13.0,9976.0,0.11607142857142858,1158,99.0,1059.0
Lua,1291.0,15.0,5211.0,0.011618900077459334,61,1276.0,0.0
