language,total,large files,small p/ language,small proportion,small files,files available,files missing
C,476.0,4.0,8977.0,0.008403361344537815,76,472.0,0.0
C++,75.0,2.0,8461.0,0.02666666666666667,226,73.0,153.0
Lua,1736.0,9.0,5211.0,0.005184331797235023,28,1727.0,0.0
Python,23.0,1.0,8935.0,0.043478260869565216,389,22.0,367.0
