language,total,large files,small p/ language,small proportion,small files,files available
JavaScript,1443.0,13.0,9976.0,0.009009009009009009,90,1430.0
Rust,477.0,25.0,8690.0,0.05241090146750524,456,452.0
TypeScript,1615.0,27.0,9508.0,0.01671826625386997,159,1588.0
