language,total,large files,small p/ language,small proportion,small files,files available,files missing
JavaScript,137.0,2.0,9976.0,0.014598540145985401,146,135.0,11.0
Rust,31287.0,166.0,8690.0,0.005305718029852654,47,31121.0,0.0
TypeScript,26.0,1.0,9508.0,0.038461538461538464,366,25.0,341.0
