language,total,large files,small p/ language,small proportion,small files,files available,files missing
Dart,103.0,5.0,8284.0,0.04854368932038835,403,98.0,305.0
Kotlin,12.0,2.0,9287.0,0.16666666666666666,1548,10.0,1538.0
Rust,235.0,10.0,8690.0,0.0425531914893617,370,225.0,145.0
