language,total,large files p/ project,large files total,small files total,small proportion,small files p/ project,files available,files missing
JavaScript,24924.0,106.0,1671.0,9976.0,0.06343506882106523,633,24818.0,0.0
Rust,1026.0,43.0,484.0,8690.0,0.08884297520661157,773,983.0,0.0
TypeScript,9387.0,50.0,920.0,9508.0,0.05434782608695652,517,9337.0,0.0
