language,total,large files,small p/ language,small proportion,small files,files available,files missing
JavaScript,24924.0,106.0,9976.0,0.004252928903867758,43,24818.0,0.0
Rust,1026.0,43.0,8690.0,0.04191033138401559,365,983.0,0.0
TypeScript,9387.0,50.0,9508.0,0.005326515393629488,51,9337.0,0.0
