Type,Commits Amount,70% Threshould Large,70% Threshould Small,70% Threshould Flex,Large Files,Large Mean,Large Median,Large Min,Large Max,Commits Large Mean,Commits Large Median,Authors Large Mean,Authors Large Median,Small Files,Small Mean,Small Median,Small Min,Small Max,Commits Small Mean,Commits Small Median,Authors Small Mean,Authors Small Median
large,10910,19,1,1,215,4.883720930232558,3.0,1,24,70.2046511627907,27.0,17.27906976744186,10.0,11514,1.562879972207747,1.0,1,13,4.661542470036477,2.0,2.5402987667187773,1.0
small,14644,1,1,1,213,4.507042253521127,3.0,1,22,34.63849765258216,18.0,11.826291079812206,7.0,16361,1.712975979463358,1.0,1,23,5.668052075056537,2.0,2.912230303771163,2.0
