Type,Commits Amount,70% Threshould Large,70% Threshould Small,70% Threshould Flex,Large Files,Large Mean,Large Median,Large Min,Large Max,Commits Large Mean,Commits Large Median,Authors Large Mean,Authors Large Median,Small Files,Small Mean,Small Median,Small Min,Small Max,Commits Small Mean,Commits Small Median,Authors Small Mean,Authors Small Median
large,10426,83,2,1,402,7.611940298507463,4.0,1,77,39.201492537313435,8.0,17.85820895522388,6.0,23633,1.8922692844750983,1.0,1,68,4.150467566538315,2.0,2.949985190200144,1.0
small,17633,1,3,1,433,5.697459584295612,3.0,1,76,20.792147806004618,6.0,11.61431870669746,4.0,34939,2.0596754343284007,1.0,1,74,4.851655742866138,2.0,3.33939151091903,2.0
