Type,Commits Amount,70% Threshould Large,70% Threshould Small,70% Threshould Flex,Large Files,Large Mean,Large Median,Large Min,Large Max,Commits Large Mean,Commits Large Median,Authors Large Mean,Authors Large Median,Small Files,Small Mean,Small Median,Small Min,Small Max,Commits Small Mean,Commits Small Median,Authors Small Mean,Authors Small Median
large,1368,16,1,1,149,2.859060402684564,2.0,1,32,20.91275167785235,6.0,7.436241610738255,4.0,9654,1.3575719908846073,1.0,1,19,2.5523099233478352,1.0,1.9381603480422622,1.0
small,5464,0,1,1,164,2.8902439024390243,2.0,1,26,16.554878048780488,4.0,6.951219512195122,3.0,15281,1.6216216216216217,1.0,1,26,4.076369347555788,2.0,2.6119363915974088,2.0
