Type,Commits Amount,70% Threshould Large,70% Threshould Small,70% Threshould Flex,Large Files,Large Mean,Large Median,Large Min,Large Max,Commits Large Mean,Commits Large Median,Authors Large Mean,Authors Large Median,Small Files,Small Mean,Small Median,Small Min,Small Max,Commits Small Mean,Commits Small Median,Authors Small Mean,Authors Small Median
large,10961,14,2,2,189,10.423280423280424,6.0,1,44,116.25396825396825,42.0,33.523809523809526,17.0,7544,2.392232237539767,1.0,1,39,7.874204665959703,2.0,4.317338282078473,2.0
small,10375,9,2,1,193,9.05699481865285,5.0,1,41,78.62694300518135,27.0,25.70984455958549,14.0,9476,2.2660405234276064,1.0,1,37,7.47150696496412,2.0,4.087589700295483,2.0
