Type,Commits Amount,70% Threshould Large,70% Threshould Small,70% Threshould Flex,Large Files,Large Mean,Large Median,Large Min,Large Max,Commits Large Mean,Commits Large Median,Authors Large Mean,Authors Large Median,Small Files,Small Mean,Small Median,Small Min,Small Max,Commits Small Mean,Commits Small Median,Authors Small Mean,Authors Small Median
large,1556,9,1,1,72,4.138888888888889,1.0,1,31,29.01388888888889,2.0,11.555555555555555,2.0,2363,1.6800677105374524,1.0,1,30,3.7109606432501057,1.0,2.5658061785865427,1.0
small,3192,1,1,1,83,4.734939759036145,3.0,1,34,18.987951807228917,5.0,9.975903614457831,5.0,4380,1.836986301369863,1.0,1,37,4.412785388127854,2.0,2.917351598173516,1.0
