language,total,large files,small p/ language,small proportion,small files,files available,files missing
C++,177.0,1.0,8461.0,0.005649717514124294,48,176.0,0.0
Objective-C,28.0,1.0,6110.0,0.03571428571428571,219,27.0,192.0
Ruby,7643.0,70.0,9419.0,0.009158707313881983,87,7573.0,0.0
