language,total,large files,small p/ language,small proportion,small files,files available
C,501.0,19.0,8977.0,0.03792415169660679,341,482.0
Ruby,7965.0,201.0,9419.0,0.025235404896421846,238,7764.0
Rust,71.0,3.0,8690.0,0.04225352112676056,368,68.0
