Type,#Commits Anal,Together Mean,Together Median,Together TOTAL,Together Percentage,Together with Large Mean,Together with Large Median,Together with Large TOTAL,Together with Large Percentage,Together with Small Mean,Together with Small Median,Together with Small TOTAL,Together with Small Percentage
large,996,20.88256227758007,5.0,281,28.21285140562249,0.43416370106761565,0.0,67,23.843416370106763,20.448398576512457,5.0,264,93.95017793594306
small,1489,27.131736526946106,11.0,167,11.215580926796507,0.5868263473053892,0.0,45,26.94610778443114,26.54491017964072,10.0,167,100.0
