Type,#Files,Total Filtered Files,Only Added,Total Deleted,Amount Average,Amount Median,Lifetime Average,Lifetime Median,Freq Average,Freq Median,Deleted Amount Avg,Deleted Amount Med,Deleted Lifetime Avg,Deleted Lifetime Med,Deleted Freq Avg,Deleted Freq Med,Pearson Correlation (Geral),Spearman Correlation (Geral),Pearson Correlation (Large),Spearman Correlation (Large),Pearson Correlation (Small),Spearman Correlation (Small)
large,516,430,168,0,13.782442748091603,6.0,87712302.76717557,81382075.0,11448448.486625206,7523999.532467533,0.0,0.0,0.0,0.0,0.0,0.0,0.5287721466275288,0.5993055710938553,0.6830138261715377,0.8227169984957639,0.44111881321778795,0.43102482545656795
small,1424,858,336,1,11.754789272030651,5.0,76192076.42528735,30467713.5,9166923.451849557,5426827.382352941,2.0,2.0,128719066.0,128719066.0,64359533.0,64359533.0,0.5827689427470379,0.6237278247369291,0.7499449738132784,0.910222299462358,0.5345047502346066,0.6177243868077437
