language,total,large files p/ project,large files total,small files total,small proportion,small files p/ project,files available,files missing
C,109.0,3.0,874.0,9504.0,0.003432494279176201,33,106.0,0.0
C++,4072.0,11.0,434.0,8510.0,0.02534562211981567,216,4061.0,0.0
Python,909.0,8.0,562.0,8911.0,0.014234875444839857,127,901.0,0.0
