language,total,large files p/ project,large files total,small files total,small proportion,small files p/ project,files available,files missing
C,109.0,3.0,901.0,9524.0,0.003329633740288568,32,106.0,0.0
C++,4037.0,12.0,421.0,8461.0,0.028503562945368172,242,4025.0,0.0
Python,896.0,8.0,574.0,8935.0,0.013937282229965157,125,888.0,0.0
