language,total,large files p/ project,large files total,small files total,small proportion,small files p/ project,files available,files missing
Java,293.0,5.0,1027.0,9612.0,0.004868549172346641,47,288.0,0.0
JavaScript,1838.0,33.0,1579.0,9941.0,0.02089930335655478,208,1805.0,0.0
Kotlin,634.0,5.0,755.0,9287.0,0.006622516556291391,62,629.0,0.0
Ruby,119.0,1.0,855.0,9431.0,0.0011695906432748538,12,118.0,0.0
TypeScript,118.0,1.0,899.0,9484.0,0.0011123470522803114,11,117.0,0.0
