language,total,large files p/ project,large files total,small files total,small proportion,small files p/ project,files available,files missing
Java,322.0,6.0,1117.0,9686.0,0.005371530886302597,53,316.0,0.0
JavaScript,1817.0,30.0,1671.0,9976.0,0.017953321364452424,180,1787.0,0.0
Kotlin,609.0,4.0,753.0,9287.0,0.005312084993359893,50,605.0,0.0
Ruby,119.0,1.0,845.0,9419.0,0.001183431952662722,12,118.0,0.0
TypeScript,117.0,1.0,920.0,9508.0,0.0010869565217391304,11,116.0,0.0
