language,total,large files p/ project,large files total,small files total,small proportion,small files p/ project,files available,files missing
C,11.0,4.0,901.0,9524.0,0.004439511653718091,43,7.0,36.0
C++,118.0,4.0,421.0,8461.0,0.009501187648456057,81,114.0,0.0
JavaScript,15.0,2.0,1671.0,9976.0,0.0011968880909634949,12,13.0,0.0
Objective-C,1.0,1.0,146.0,6111.0,0.00684931506849315,42,0.0,42.0
