language,total,large files p/ project,large files total,small files total,small proportion,small files p/ project,files available,files missing
C,711.0,14.0,874.0,9504.0,0.016018306636155607,153,697.0,0.0
C++,2164.0,46.0,434.0,8510.0,0.10599078341013825,902,2118.0,0.0
Java,189.0,4.0,1027.0,9612.0,0.0038948393378773127,38,185.0,0.0
JavaScript,27.0,1.0,1579.0,9941.0,0.0006333122229259025,7,26.0,0.0
Kotlin,33.0,1.0,755.0,9287.0,0.0013245033112582781,13,32.0,0.0
Python,217.0,1.0,562.0,8911.0,0.0017793594306049821,16,216.0,0.0
