language,total,large files p/ project,large files total,small files total,small proportion,small files p/ project,files available,files missing
C++,1673.0,2.0,434.0,8510.0,0.004608294930875576,40,1671.0,0.0
Objective-C,77.0,1.0,146.0,6111.0,0.00684931506849315,42,76.0,0.0
Python,1377.0,2.0,562.0,8911.0,0.0035587188612099642,32,1375.0,0.0
Ruby,179.0,4.0,855.0,9431.0,0.004678362573099415,45,175.0,0.0
Swift,7.0,1.0,276.0,7642.0,0.0036231884057971015,28,6.0,22.0
