language,total,large files p/ project,large files total,small files total,small proportion,small files p/ project,files available,files missing
C,542.0,3.0,901.0,9524.0,0.003329633740288568,32,539.0,0.0
C++,1843.0,13.0,421.0,8461.0,0.030878859857482184,262,1830.0,0.0
Java,198.0,4.0,1117.0,9686.0,0.0035810205908683975,35,194.0,0.0
Python,363.0,1.0,574.0,8935.0,0.0017421602787456446,16,362.0,0.0
Swift,31.0,3.0,278.0,7649.0,0.01079136690647482,83,28.0,55.0
