language,total,large files p/ project,large files total,small files total,small proportion,small files p/ project,files available,files missing
C,542.0,3.0,874.0,9504.0,0.003432494279176201,33,539.0,0.0
C++,1849.0,13.0,434.0,8510.0,0.029953917050691243,255,1836.0,0.0
Java,198.0,3.0,1027.0,9612.0,0.0029211295034079843,29,195.0,0.0
Python,364.0,1.0,562.0,8911.0,0.0017793594306049821,16,363.0,0.0
Swift,31.0,3.0,276.0,7642.0,0.010869565217391304,84,28.0,56.0
