language,total,large files p/ project,large files total,small files total,small proportion,small files p/ project,files available,files missing
C,120.0,2.0,874.0,9504.0,0.002288329519450801,22,118.0,0.0
C#,211.0,14.0,943.0,9531.0,0.014846235418875928,142,197.0,0.0
C++,457.0,5.0,434.0,8510.0,0.01152073732718894,99,452.0,0.0
Java,273.0,22.0,1027.0,9612.0,0.021421616358325218,206,251.0,0.0
Kotlin,21.0,2.0,755.0,9287.0,0.0026490066225165563,25,19.0,6.0
Objective-C,76.0,15.0,146.0,6111.0,0.10273972602739725,628,61.0,567.0
PHP,149.0,3.0,572.0,8936.0,0.005244755244755245,47,146.0,0.0
Python,95.0,3.0,562.0,8911.0,0.005338078291814947,48,92.0,0.0
Ruby,56.0,2.0,855.0,9431.0,0.0023391812865497076,23,54.0,0.0
