language,total,large files p/ project,large files total,small files total,small proportion,small files p/ project,files available,files missing
C++,9664.0,44.0,434.0,8510.0,0.10138248847926268,863,9620.0,0.0
Go,41.0,1.0,601.0,9008.0,0.0016638935108153079,15,40.0,0.0
Python,3195.0,51.0,562.0,8911.0,0.09074733096085409,809,3144.0,0.0
