Type,Commits Amount,70% Threshould Large,70% Threshould Small,70% Threshould Flex,Large Files,Large Mean,Large Median,Large Min,Large Max,Commits Large Mean,Commits Large Median,Authors Large Mean,Authors Large Median,Small Files,Small Mean,Small Median,Small Min,Small Max,Commits Small Mean,Commits Small Median,Authors Small Mean,Authors Small Median
large,7638,2,1,1,96,1.4166666666666667,1.0,1,4,143.29166666666666,57.5,6.208333333333333,3.0,3612,1.1375968992248062,1.0,1,5,6.556755260243633,2.0,1.7533222591362125,1.0
small,7101,3,1,1,106,1.3396226415094339,1.0,1,4,77.36792452830188,24.0,4.726415094339623,2.0,4245,1.1208480565371024,1.0,1,5,6.954534746760896,2.0,1.718256772673734,1.0
