Type,#Files,Total Filtered Files,Only Added,Total Deleted,Amount Average,Amount Median,Lifetime Average,Lifetime Median,Freq Average,Freq Median,Deleted Amount Avg,Deleted Amount Med,Deleted Lifetime Avg,Deleted Lifetime Med,Deleted Freq Avg,Deleted Freq Med,Total Large Filtered Files,Only Added Large,Total Large Deleted,Large Amount Avg,Large Amount Med,Large Lifetime Avg,Large Lifetime Med,Large Freq Avg,Large Freq Med,Deleted Large Amount Avg,Deleted Large Amount Med,Deleted Large Lifetime Avg,Deleted Large Lifetime Med,Deleted Large Freq Avg,Deleted Large Freq Med,Total Small Filtered Files,Only Added Small,Total Small Deleted,Small Amount Avg,Small Amount Med,Small Lifetime Avg,Small Lifetime Med,Small Freq Avg,Small Freq Med,Deleted Small Amount Avg,Deleted Small Amount Med,Deleted Small Lifetime Avg,Deleted Small Lifetime Med,Deleted Small Freq Avg,Deleted Small Freq Med,Ratio Amount Avg (Small/Large),Ratio Amount Med (Small/Large),Ratio Lifetime Avg (Small/Large),Ratio Lifetime Med (Small/Large),Ratio Freq Avg (Small/Large),Ratio Freq Med (Small/Large),Ratio Del Amount Avg (Small/Large),Ratio Del Amount Med (Small/Large),Ratio Del Lifetime Avg (Small/Large),Ratio Del Lifetime Med (Small/Large),Ratio Del Freq Avg (Small/Large),Ratio Del Freq Med (Small/Large)
large,25801,7013,1986,28,8.310324249055103,5.0,35041662.64650885,13184423.0,4825434.537571226,2636884.6,7.071428571428571,2.0,27068882.57142857,1761770.0,2908117.3936550403,880885.0,6855,3267,0,4.261705685618729,4.0,3847137.786510591,101934.0,986254.1184704788,25483.5,0,0,0,0,0,0,4791,3202,28,12.611076148521082,6.0,72419230.49276274,63576574.0,10357987.078975871,8190467.7,5.464285714285714,1.0,23053534.5,0.0,1170169.9879389447,0.0,2.9591616781697496,1.5,18.824184240733427,623.7033178331077,10.502351153716285,321.40277826829123,0,0,0,0,0,0
small,27811,8592,2341,22,7.7910734282514795,4.0,34501847.5568709,7472378.0,4682944.461637031,1623700.5909090908,8.818181818181818,3.0,44007442.13636363,2079528.5,2069329.027534108,830471.3333333333,8459,4799,0,3.921311475409836,4.0,5075139.312295082,101934.0,1267869.014675899,25483.5,0,0,0,0,0,0,3944,1580,22,11.59306260575296,6.0,69721996.83967851,54124230.0,9898423.841183428,6859364.142857143,7.090909090909091,2.0,43010323.45454545,1385530.5,1937957.0791137738,692765.25,2.956424828390178,1.5,13.737947384177085,530.9732768261816,7.807134433136793,269.1688403420701,0,0,0,0,0,0
