Type,#Files,#Files Filtered by Language,Total Files,Only Added,Time Average,Time Median,Total Large Files,Only Added Large,Time Large Average,Time Large Median,Total Small Files,Only Added Small,Time Small Average,Time Small Median,Large p/ Small (Average),Large p/ Small (Median)
large,8668,3833,2511,845,3400354.7854034146,0.0,50,6,4520348.701298702,31987.0,2461,839,3370719.2075601374,0.0,0.7456768117450155,0.0
small,19534,5536,3757,1202,9430612.718473896,0.0,50,6,4400602.2602739725,0.0,3707,1196,9505442.708987162,0.0,2.1600322289511737,0.0
