Type,#Files,#Files Filtered by Language,Total Files,Only Added,Time Average,Time Median,Total Large Files,Only Added Large,Time Large Average,Time Large Median,Total Small Files,Only Added Small,Time Small Average,Time Small Median,Large p/ Small (Average),Large p/ Small (Median)
large,299,179,120,11,12618427.710157368,2378020.0,2,0,6097778.978835979,3365022.0,118,11,12991205.269207502,2245594.0,2.1304814940484165,0.6673341214411079
small,360,297,207,8,13723404.413114754,3291449.0,2,0,5704409.341584158,2300891.0,205,8,14013023.044341141,3369655.0,2.456524804801196,1.4645000567171587
