Type,#Files,#Files Filtered by Language,Total Files,Only Added,Time Average,Time Median,Total Large Files,Only Added Large,Time Large Average,Time Large Median,Total Small Files,Only Added Small,Time Small Average,Time Small Median,Large p/ Small (Average),Large p/ Small (Median)
large,135,130,92,8,8231396.6787101785,304796.0,9,0,1981172.533864542,168727.0,83,8,14178349.902198635,1532043.0,7.156544753092184,9.08001090519004
small,591,675,500,85,10408371.216509871,652754.0,3,0,12414945.657894736,4458353.5,497,85,10377596.362975918,611625.0,0.8358954319205372,0.13718629534423415
