Type,#Files,#Files Filtered by Language,Total Files,Only Added,Time Average,Time Median,Total Large Files,Only Added Large,Time Large Average,Time Large Median,Total Small Files,Only Added Small,Time Small Average,Time Small Median,Large p/ Small (Average),Large p/ Small (Median)
large,2119,788,722,288,3346809.6879673693,693005.0,8,2,875148.6643598616,63762.5,714,286,4946608.200447928,1131234.0,5.652306175964042,17.741368359145266
small,2535,1364,1140,422,5121745.567279767,1131234.0,3,1,7455475.916666667,8553274.5,1137,421,5108111.310126582,1131234.0,0.6851489250615689,0.13225741790468667
