Type,#Files,#Files Filtered by Language,Total Files,Only Added,Time Average,Time Median,Total Large Files,Only Added Large,Time Large Average,Time Large Median,Total Small Files,Only Added Small,Time Small Average,Time Small Median,Large p/ Small (Average),Large p/ Small (Median)
large,598,214,162,40,771822.6777837547,3228.0,18,2,325406.49003517,9047.0,144,38,1150344.554671968,0.0,3.5351002204892676,0.0
small,697,318,255,80,1793431.2503692762,266453.0,20,5,987872.787755102,501676.0,235,75,1971395.0225428315,255223.0,1.995596039266089,0.5087407011696793
