Type,#Files,#Files Filtered by Language,Total Files,Only Added,Time Average,Time Median,Total Large Files,Only Added Large,Time Large Average,Time Large Median,Total Small Files,Only Added Small,Time Small Average,Time Small Median,Large p/ Small (Average),Large p/ Small (Median)
large,269,359,220,55,504506.7938517179,75418.0,4,2,258244.79545454544,137893.0,216,53,551111.2150537635,72477.0,2.1340651380165627,0.5256031850782853
small,290,366,227,57,475859.82038834953,74229.0,4,2,311180.6712328767,183786.0,223,55,497917.7614678899,59522.0,1.6000921891940572,0.3238658004418182
