Type,#Files,#Files Filtered by Language,Total Files,Only Added,Time Average,Time Median,Total Large Files,Only Added Large,Time Large Average,Time Large Median,Total Small Files,Only Added Small,Time Small Average,Time Small Median,Large p/ Small (Average),Large p/ Small (Median)
large,1042,861,733,366,14308406.696917808,568815.0,6,2,1159552.1515151516,218604.5,727,364,16543787.23497424,897517.0,14.267393849734983,4.105665711364588
small,1319,1150,914,362,14512346.734303467,930563.5,5,0,4732626.613496932,490641.0,909,362,14780126.74097094,969284.0,3.123028277536123,1.9755462751787967
