Type,#Files,#Files Filtered by Language,Total Files,Only Added,Time Average,Time Median,Total Large Files,Only Added Large,Time Large Average,Time Large Median,Total Small Files,Only Added Small,Time Small Average,Time Small Median,Large p/ Small (Average),Large p/ Small (Median)
large,1649,965,828,85,20274784.238540996,1450462.0,7,1,1523362.4514637904,302726.0,821,84,22970569.383593,2290123.0,15.078860163266274,7.565002675686925
small,2377,1687,1392,151,18864917.315212518,3081472.0,3,0,6975431.541420118,1655580.5,1389,151,19030970.213503573,3132420.0,2.728285712575295,1.8920372642707497
