Type,#Files,#Files Filtered by Language,Total Files,Only Added,Time Average,Time Median,Total Large Files,Only Added Large,Time Large Average,Time Large Median,Total Small Files,Only Added Small,Time Small Average,Time Small Median,Large p/ Small (Average),Large p/ Small (Median)
large,9514,2044,1240,216,5017709.591472545,51653.0,50,3,765517.7969359462,71195.0,1190,213,7520057.255842253,14538.0,9.82349108791717,0.20419973312732637
small,25210,4353,2543,210,5592528.014632899,3035.0,49,3,2383982.3535232386,297998.5,2494,207,5779221.08078896,1116.0,2.4241878603874594,0.0037449852935501353
