Type,#Files,#Files Filtered by Language,Total Files,Only Added,Time Average,Time Median,Total Large Files,Only Added Large,Time Large Average,Time Large Median,Total Small Files,Only Added Small,Time Small Average,Time Small Median,Large p/ Small (Average),Large p/ Small (Median)
large,2412,1680,1312,549,1194702.9005463673,55893.0,29,3,227913.6620509733,25755.0,1283,546,1757430.4762294125,81280.0,7.710948349539309,3.1558920597942146
small,5230,4796,3432,979,1802280.435743288,75863.0,21,4,723691.4377431907,163456.0,3411,975,1820017.094570816,74249.0,2.514907596870958,0.45424456734534063
