Type,#Files,#Files Filtered by Language,Total Files,Only Added,Time Average,Time Median,Total Large Files,Only Added Large,Time Large Average,Time Large Median,Total Small Files,Only Added Small,Time Small Average,Time Small Median,Large p/ Small (Average),Large p/ Small (Median)
large,1851,822,580,286,3730131.129746835,388.0,9,5,1937306.019047619,429698.0,571,281,4087335.3738140417,0.0,2.1098036828602735,0.0
small,1944,905,640,296,4660417.9773499435,85377.0,9,5,3647009.6666666665,1214588.5,631,291,4726430.098914355,73248.0,1.2959741078049483,0.060306844663851174
