Type,Commits Amount,70% Threshould Large,70% Threshould Small,70% Threshould Flex,Large Files,Large Mean,Large Median,Large Min,Large Max,Commits Large Mean,Commits Large Median,Authors Large Mean,Authors Large Median,Small Files,Small Mean,Small Median,Small Min,Small Max,Commits Small Mean,Commits Small Median,Authors Small Mean,Authors Small Median
large,2334,14,4,1,66,8.590909090909092,2.0,1,42,49.803030303030305,4.0,21.984848484848484,3.5,1706,2.652989449003517,1.0,1,26,7.839976553341149,4.0,4.689917936694021,2.0
small,6964,12,5,1,82,6.353658536585366,2.0,1,28,32.19512195121951,8.0,15.195121951219512,4.0,2365,3.6312896405919664,2.0,1,34,12.778435517970403,4.0,7.05708245243129,3.0
