Type,Added Average,Added Median,Added Max,Deleted Average,Deleted Median,Deleted Min,Zero Count
large,28.160756501182032,4.0,1154,-10.58300395256917,-3.0,-390,1637
small,32.34389857369255,4.0,1685,-14.394144144144144,-3.0,-1098,2147
