Type,Added Average,Added Median,Added Max,Deleted Average,Deleted Median,Deleted Min,Zero Count
large,9.247068021892103,1.0,2898,-14.898173768677365,-1.0,-1453,4802
small,7.067196221554315,3.0,606,-7.828355862936184,-2.0,-715,6805
