Type,Added Average,Added Median,Added Max,Deleted Average,Deleted Median,Deleted Min,Zero Count
large,148.40483383685802,11.0,12320,-291.22429906542055,-1.0,-10160,220
small,145.32363636363635,3.0,12320,-203.1883116883117,-2.0,-10160,370
