Type,Added Average,Added Median,Added Max,Deleted Average,Deleted Median,Deleted Min,Zero Count
large,15.260056434149222,6.0,3357,-9.943608306344066,-2.0,-1381,9195
small,13.63706347183278,5.0,2059,-10.522406812787938,-2.0,-1822,12219
