Type,Added Average,Added Median,Added Max,Deleted Average,Deleted Median,Deleted Min,Zero Count
large,21.1501382664251,5.0,2610,-14.708721002357027,-3.0,-2039,13427
small,16.882166236857767,4.0,12266,-15.116973293768545,-3.0,-3809,23668
