Type,Added Average,Added Median,Added Max,Deleted Average,Deleted Median,Deleted Min,Zero Count
large,17.75720104742508,4.0,2206,-16.42042338488538,-3.0,-3931,13780
small,16.99583788783318,4.0,2940,-16.559564455107502,-3.0,-3931,16698
