Type,Added Average,Added Median,Added Max,Deleted Average,Deleted Median,Deleted Min,Zero Count
large,33.58886346300534,7.0,1923,-20.02409638554217,-3.0,-720,964
small,24.420506912442395,5.0,930,-14.764159702878366,-2.0,-930,1933
