Type,Added Average,Added Median,Added Max,Deleted Average,Deleted Median,Deleted Min,Zero Count
large,39.80373831775701,2.0,40380,-123.41534391534391,-7.0,-39709,5304
small,16.083316019114896,3.0,6020,-61.031374281926645,-4.0,-2130,6262
