Type,Added Average,Added Median,Added Max,Deleted Average,Deleted Median,Deleted Min,Zero Count
large,45.16204037490988,9.0,4260,-33.85348997926745,-4.0,-3105,2311
small,33.90185676392573,7.0,4310,-31.001144601297216,-4.0,-3105,3666
