Type,Added Average,Added Median,Added Max,Deleted Average,Deleted Median,Deleted Min,Zero Count
large,11.627257799671593,6.0,160,-9.919075144508671,-3.0,-567,240
small,9.97594501718213,4.0,490,-17.383908045977012,-3.0,-567,841
