Type,Added Average,Added Median,Added Max,Deleted Average,Deleted Median,Deleted Min,Zero Count
large,23.184436402220665,6.0,23954,-21.65943661971831,-4.0,-12802,33978
small,21.553652211496903,5.0,23954,-21.960582548441973,-4.0,-12959,42342
