Type,Added Average,Added Median,Added Max,Deleted Average,Deleted Median,Deleted Min,Zero Count
large,24.720866141732284,6.0,23727,-22.116019294237116,-2.0,-19424,6135
small,19.709013954103565,5.0,23727,-16.958993212669682,-2.0,-19424,12917
