Type,Added Average,Added Median,Added Max,Deleted Average,Deleted Median,Deleted Min,Zero Count
large,14.737359550561798,4.0,496,-5.0144927536231885,-2.0,-129,826
small,11.15522984676882,3.0,583,-5.936373276776246,-2.0,-258,1845
