Type,Added Average,Added Median,Added Max,Deleted Average,Deleted Median,Deleted Min,Zero Count
large,40.46688206785137,8.0,3701,-9.693023255813953,-2.0,-431,766
small,40.917151162790695,8.0,3701,-9.087272727272728,-2.0,-560,1117
