Type,Added Average,Added Median,Added Max,Deleted Average,Deleted Median,Deleted Min,Zero Count
large,13.232926181625066,4.0,1584,-10.999133636560536,-2.0,-4278,6766
small,11.540299906279287,3.0,837,-6.53578947368421,-2.0,-987,4662
