Type,Added Average,Added Median,Added Max,Deleted Average,Deleted Median,Deleted Min,Zero Count
large,12.30554990851799,4.0,2238,-20.444547996272135,-3.0,-4278,2575
small,9.820728291316527,3.0,277,-15.664939550949914,-2.0,-4278,1743
