Type,#Files,Total Filtered Files,%% Grew,%% Decreased,%% Zero,Grew Average,Grew Median,Decreased Average,Decreased Median,Zero Total,Total Large Files,%% Large Grew,%% Large Decreased,%% Large Zero,Large Grew Average,Large Grew Median,Large Decreased Average,Large Decreased Median,Large Zero Total,Total Small Files,%% Small Grew,%% Small Decreased,%% Small Zero,Small Grew Average,Small Grew Median,Small Decreased Average,Small Decreased Median,Small Zero Total
large,12164,10423,38.27565327482759,15.645568425770836,27.200452947698693,16.138123022558243,6.0,-16.665963007639725,-5.0,34590,10387,93.37221124518022,38.166855301271845,66.35462026894818,16.138123022558243,6.0,-16.665963007639725,-5.0,34590,7303,0,0,0,16.138123022558243,6.0,-16.665963007639725,-5.0,34590
small,21943,18735,32.768872033196814,13.383684002661806,30.21527075206804,15.216199706120292,5.0,-17.393928369310373,-4.0,55849,18717,143.3110921824721,58.5320840431573,132.1431951542684,15.216199706120292,5.0,-17.393928369310373,-4.0,55849,12853,0,0,0,15.216199706120292,5.0,-17.393928369310373,-4.0,55849
