Type,Commits Amount,70% Threshould Large,70% Threshould Small,70% Threshould Flex,Large Files,Large Mean,Large Median,Large Min,Large Max,Commits Large Mean,Commits Large Median,Authors Large Mean,Authors Large Median,Small Files,Small Mean,Small Median,Small Min,Small Max,Commits Small Mean,Commits Small Median,Authors Small Mean,Authors Small Median
large,7792,24,1,1,46,4.369565217391305,2.5,1,23,151.17391304347825,5.0,18.41304347826087,4.0,18587,1.8732985419917147,1.0,1,25,5.356700919997848,2.0,2.981384838865874,2.0
small,8486,4,1,1,43,3.86046511627907,2.0,1,21,48.48837209302326,4.0,11.093023255813954,3.0,20356,1.9595696600510906,1.0,1,32,6.363725682845352,3.0,3.3826881509137356,2.0
