Type,#Files,Total Filtered Files,%% Grew,%% Decreased,%% Zero,Grew Average,Grew Median,Decreased Average,Decreased Median,Zero Total,Total Large Files,%% Large Grew,%% Large Decreased,%% Large Zero,Large Grew Average,Large Grew Median,Large Decreased Average,Large Decreased Median,Large Zero Total,Total Small Files,%% Small Grew,%% Small Decreased,%% Small Zero,Small Grew Average,Small Grew Median,Small Decreased Average,Small Decreased Median,Small Zero Total
large,1396,1177,49.515217941151676,12.326110783239187,24.42036927746396,22.363783415630852,6.0,-23.607387140902873,-3.0,5793,1177,178.75513620453506,44.49855425353827,88.16009739765637,22.363783415630852,6.0,-23.607387140902873,-3.0,5793,980,0,0,0,22.363783415630852,6.0,-23.607387140902873,-3.0,5793
small,1852,1560,46.235903687900034,11.87307392732568,27.288428324697755,19.389364974730828,5.0,-18.495151169423846,-3.0,8058,1560,290.1806588735388,74.51647183846971,171.26461211477152,19.389364974730828,5.0,-18.495151169423846,-3.0,8058,1350,0,0,0,19.389364974730828,5.0,-18.495151169423846,-3.0,8058
