Type,#Files,Total Filtered Files,%% Grew,%% Decreased,%% Zero,Grew Average,Grew Median,Decreased Average,Decreased Median,Zero Total,Total Large Files,%% Large Grew,%% Large Decreased,%% Large Zero,Large Grew Average,Large Grew Median,Large Decreased Average,Large Decreased Median,Large Zero Total,Total Small Files,%% Small Grew,%% Small Decreased,%% Small Zero,Small Grew Average,Small Grew Median,Small Decreased Average,Small Decreased Median,Small Zero Total
large,572,231,52.14424951267057,13.027940220922677,18.81091617933723,95.38255451713395,6.0,-101.48877805486285,-6.0,579,231,97.9255643685174,24.46613788895668,35.32641854789505,95.38255451713395,6.0,-101.48877805486285,-6.0,579,137,0,0,0,95.38255451713395,6.0,-101.48877805486285,-6.0,579
small,705,302,48.55049378783052,11.978337050015929,18.827652118509082,42.06233595800525,8.0,-40.888297872340424,-5.0,591,302,189.55223880597015,46.766169154228855,73.50746268656717,42.06233595800525,8.0,-40.888297872340424,-5.0,591,186,0,0,0,42.06233595800525,8.0,-40.888297872340424,-5.0,591
