Type,#Files,Total Filtered Files,%% Grew,%% Decreased,%% Zero,Grew Average,Grew Median,Decreased Average,Decreased Median,Zero Total,Total Large Files,%% Large Grew,%% Large Decreased,%% Large Zero,Large Grew Average,Large Grew Median,Large Decreased Average,Large Decreased Median,Large Zero Total,Total Small Files,%% Small Grew,%% Small Decreased,%% Small Zero,Small Grew Average,Small Grew Median,Small Decreased Average,Small Decreased Median,Small Zero Total
large,11026,6637,31.5776757670935,10.798288873413583,37.838068302943306,26.955848598046718,6.0,-32.54185311924191,-4.0,26624,6635,143.9800414722654,49.235355106272685,172.52462415759462,26.955848598046718,6.0,-32.54185311924191,-4.0,26624,3734,0,0,0,26.955848598046718,6.0,-32.54185311924191,-4.0,26624
small,15323,10241,28.89718516004497,10.092696688797913,39.3356383768534,26.77993099904573,5.0,-33.006830601092894,-3.0,37088,10238,166.25579692457896,58.06687820356359,226.31193556260678,26.77993099904573,5.0,-33.006830601092894,-3.0,37088,5308,0,0,0,26.77993099904573,5.0,-33.006830601092894,-3.0,37088
