Type,Commits Amount,70% Threshould Large,70% Threshould Small,70% Threshould Flex,Large Files,Large Mean,Large Median,Large Min,Large Max,Commits Large Mean,Commits Large Median,Authors Large Mean,Authors Large Median,Small Files,Small Mean,Small Median,Small Min,Small Max,Commits Small Mean,Commits Small Median,Authors Small Mean,Authors Small Median
large,10668,59,1,1,144,6.069444444444445,2.0,1,35,111.83333333333333,15.5,28.506944444444443,5.5,12228,1.7482826300294407,1.0,1,24,8.837667648020936,2.0,3.6175171736997056,1.0
small,13684,8,1,1,152,4.815789473684211,2.0,1,20,68.00657894736842,13.5,18.79605263157895,5.0,18297,1.6961250478220473,1.0,1,29,7.903973328961031,2.0,3.426299393343171,1.0
