Type,#Files,Total Filtered Files,%% Grew,%% Decreased,%% Zero,Grew Average,Grew Median,Decreased Average,Decreased Median,Zero Total,Total Large Files,%% Large Grew,%% Large Decreased,%% Large Zero,Large Grew Average,Large Grew Median,Large Decreased Average,Large Decreased Median,Large Zero Total,Total Small Files,%% Small Grew,%% Small Decreased,%% Small Zero,Small Grew Average,Small Grew Median,Small Decreased Average,Small Decreased Median,Small Zero Total
large,162,129,37.24832214765101,10.738255033557047,24.832214765100673,23.36261261261261,8.0,-15.03125,-4.0,296,129,184.23236514522821,53.11203319502075,122.82157676348548,23.36261261261261,8.0,-15.03125,-4.0,296,108,0,0,0,23.36261261261261,8.0,-15.03125,-4.0,296
small,230,191,32.4142568930733,8.069939475453934,25.08406186953598,34.80497925311203,11.0,-21.008333333333333,-5.0,373,190,192.03187250996018,47.808764940239044,148.60557768924303,34.80497925311203,11.0,-21.008333333333333,-5.0,373,167,0,0,0,34.80497925311203,11.0,-21.008333333333333,-5.0,373
