Type,#Files,Total Filtered Files,%% Grew,%% Decreased,%% Zero,Grew Average,Grew Median,Decreased Average,Decreased Median,Zero Total,Total Large Files,%% Large Grew,%% Large Decreased,%% Large Zero,Large Grew Average,Large Grew Median,Large Decreased Average,Large Decreased Median,Large Zero Total,Total Small Files,%% Small Grew,%% Small Decreased,%% Small Zero,Small Grew Average,Small Grew Median,Small Decreased Average,Small Decreased Median,Small Zero Total
large,7072,3793,24.56882215992778,12.538604076590488,17.536941131752744,32.95223361052021,7.0,-23.982190223569535,-4.0,3691,3791,90.3231441048035,46.096069868995635,64.47161572052403,32.95223361052021,7.0,-23.982190223569535,-4.0,3691,2837,0,0,0,32.95223361052021,7.0,-23.982190223569535,-4.0,3691
small,4425,2703,25.17519895474522,12.64401947974819,27.62798432117829,20.037508846426043,5.0,-16.150305307656176,-3.0,4652,2697,141.44144144144144,71.0377043710377,155.2218885552219,20.037508846426043,5.0,-16.150305307656176,-3.0,4652,1699,0,0,0,20.037508846426043,5.0,-16.150305307656176,-3.0,4652
