Type,Commits Amount,70% Threshould Large,70% Threshould Small,70% Threshould Flex,Large Files,Large Mean,Large Median,Large Min,Large Max,Commits Large Mean,Commits Large Median,Authors Large Mean,Authors Large Median,Small Files,Small Mean,Small Median,Small Min,Small Max,Commits Small Mean,Commits Small Median,Authors Small Mean,Authors Small Median
large,2459,7,1,1,91,1.6373626373626373,1.0,1,11,28.52747252747253,4.0,4.769230769230769,1.0,9990,1.5733733733733735,1.0,1,12,6.176676676676677,4.0,2.8978978978978978,2.0
small,2530,1,1,1,31,2.4193548387096775,2.0,1,8,29.419354838709676,7.0,7.032258064516129,4.0,10296,1.6471445221445222,1.0,1,13,6.337315462315463,3.0,3.0644910644910643,2.0
