Type,#Files,Total Filtered Files,%% Grew,%% Decreased,%% Zero,Grew Average,Grew Median,Decreased Average,Decreased Median,Zero Total,Total Large Files,%% Large Grew,%% Large Decreased,%% Large Zero,Large Grew Average,Large Grew Median,Large Decreased Average,Large Decreased Median,Large Zero Total,Total Small Files,%% Small Grew,%% Small Decreased,%% Small Zero,Small Grew Average,Small Grew Median,Small Decreased Average,Small Decreased Median,Small Zero Total
large,6514,1728,38.388049331248915,14.451971512940768,24.2313705054716,40.98340874811463,9.0,-44.442708333333336,-6.0,4185,1713,125.37821482602118,47.20121028744327,79.14145234493192,40.98340874811463,9.0,-44.442708333333336,-6.0,4185,960,0,0,0,40.98340874811463,9.0,-44.442708333333336,-6.0,4185
small,8205,2900,33.176819473619176,15.346595823551217,27.356975163721735,31.52877094972067,6.0,-30.063204508856682,-4.0,8856,2884,199.70249163257716,92.37634808478988,164.6708813685385,31.52877094972067,6.0,-30.063204508856682,-4.0,8856,1984,0,0,0,31.52877094972067,6.0,-30.063204508856682,-4.0,8856
