Type,Commits Amount,70% Threshould Large,70% Threshould Small,70% Threshould Flex,Large Files,Large Mean,Large Median,Large Min,Large Max,Commits Large Mean,Commits Large Median,Authors Large Mean,Authors Large Median,Small Files,Small Mean,Small Median,Small Min,Small Max,Commits Small Mean,Commits Small Median,Authors Small Mean,Authors Small Median
large,2696,8,1,1,11,3.909090909090909,3.0,1,8,204.54545454545453,46.0,20.454545454545453,11.0,8404,1.6099476439790577,1.0,1,7,4.694788196097097,2.0,2.60851975249881,2.0
small,3803,3,1,1,9,2.7777777777777777,3.0,1,5,157.44444444444446,11.0,13.666666666666666,6.0,11211,1.8081348675408082,1.0,1,11,6.005797877085006,3.0,3.0444206582820446,2.0
