Type,#Files,Total Filtered Files,%% Grew,%% Decreased,%% Zero,Grew Average,Grew Median,Decreased Average,Decreased Median,Zero Total,Total Large Files,%% Large Grew,%% Large Decreased,%% Large Zero,Large Grew Average,Large Grew Median,Large Decreased Average,Large Decreased Median,Large Zero Total,Total Small Files,%% Small Grew,%% Small Decreased,%% Small Zero,Small Grew Average,Small Grew Median,Small Decreased Average,Small Decreased Median,Small Zero Total
large,1255,772,30.627236767752876,13.995102655867395,23.469579958560935,24.905289052890527,6.0,-28.91386271870794,-4.0,1246,772,94.47995351539802,43.172574084834395,72.39976757699013,24.905289052890527,6.0,-28.91386271870794,-4.0,1246,505,0,0,0,24.905289052890527,6.0,-28.91386271870794,-4.0,1246
small,1773,1447,30.461176044214916,11.896348645465253,27.46217269185467,13.083878643664486,4.0,-13.539223153084539,-4.0,3031,0,0.0,0.0,0.0,0.0,0.0,0.0,0.0,0,0,0,0,0,0.0,0.0,0.0,0.0,0
