Type,Commits Amount,70% Threshould Large,70% Threshould Small,70% Threshould Flex,Large Files,Large Mean,Large Median,Large Min,Large Max,Commits Large Mean,Commits Large Median,Authors Large Mean,Authors Large Median,Small Files,Small Mean,Small Median,Small Min,Small Max,Commits Small Mean,Commits Small Median,Authors Small Mean,Authors Small Median
large,19868,21,1,1,212,7.75,6.0,1,48,123.30188679245283,54.0,27.443396226415093,18.5,23261,1.970809509479386,1.0,1,23,4.944370405399596,2.0,3.2366622243239758,2.0
small,25213,10,1,1,222,6.59009009009009,5.0,1,29,51.63963963963964,25.5,18.396396396396398,12.0,32702,2.177328603755122,1.0,1,33,6.596263225490795,3.0,3.819766375145251,2.0
