Type,#Commits Anal,Together Mean,Together Median,Together TOTAL,Together Percentage,Together with Large Mean,Together with Large Median,Together with Large TOTAL,Together with Large Percentage,Together with Small Mean,Together with Small Median,Together with Small TOTAL,Together with Small Percentage
large,396,3.6911764705882355,1.0,272,68.68686868686868,0.058823529411764705,0.0,13,4.779411764705882,3.6323529411764706,1.0,190,69.85294117647058
small,597,10.26086956521739,6.0,69,11.557788944723619,0.14492753623188406,0.0,8,11.594202898550725,10.115942028985508,6.0,69,100.0
