language,total,large files,small p/ language,small proportion,small files,files available,files missing
Haskell,12611.0,66.0,7403.0,0.005233526286575212,39,12545.0,0.0
JavaScript,54.0,3.0,9976.0,0.05555555555555555,555,51.0,504.0
Python,44.0,2.0,8935.0,0.045454545454545456,407,42.0,365.0
