language,total,large files p/ project,large files total,small files total,small proportion,small files p/ project,files available,files missing
Haskell,202.0,10.0,247.0,7403.0,0.04048582995951417,300,192.0,108.0
JavaScript,23.0,1.0,1671.0,9976.0,0.0005984440454817474,6,22.0,0.0
Kotlin,292.0,31.0,753.0,9287.0,0.041168658698539175,383,261.0,122.0
Swift,186.0,12.0,278.0,7649.0,0.04316546762589928,331,174.0,157.0
TypeScript,12.0,2.0,920.0,9508.0,0.002173913043478261,21,10.0,11.0
