language,total,large files,small p/ language,small proportion,small files,files available,files missing
Haskell,202.0,10.0,7403.0,0.04950495049504951,367,192.0,175.0
JavaScript,23.0,1.0,9976.0,0.043478260869565216,434,22.0,412.0
Kotlin,292.0,31.0,9287.0,0.10616438356164383,986,261.0,725.0
Swift,186.0,12.0,7649.0,0.06451612903225806,494,174.0,320.0
TypeScript,12.0,2.0,9508.0,0.16666666666666666,1585,10.0,1575.0
