Type,Added Average,Added Median,Added Max,Deleted Average,Deleted Median,Deleted Min,Zero Count
large,12.673535093367676,2.0,1816,-11.98,-3.0,-1814,6810
small,12.655971479500892,4.0,984,-11.721052631578948,-3.0,-986,8053
