Type,Added Average,Added Median,Added Max,Deleted Average,Deleted Median,Deleted Min,Zero Count
large,29.09375,6.0,3991,-22.50632911392405,-4.0,-388,354
small,25.295212765957448,5.0,3991,-19.290076335877863,-4.0,-388,392
