Type,Added Average,Added Median,Added Max,Deleted Average,Deleted Median,Deleted Min,Zero Count
large,11.812977719954464,2.0,2453,-19.71542940320233,-2.0,-3698,5470
small,11.422390785222644,2.0,2453,-13.79686735193343,-1.0,-3698,6805
