Type,Added Average,Added Median,Added Max,Deleted Average,Deleted Median,Deleted Min,Zero Count
large,19.663578613022764,4.0,10110,-11.131667792032411,-2.0,-1128,2783
small,16.255452436194897,4.0,10110,-18.889413988657846,-2.0,-10110,3433
