Type,Added Average,Added Median,Added Max,Deleted Average,Deleted Median,Deleted Min,Zero Count
large,18.080663795819767,3.0,19767,-23.22561102987257,-3.0,-57794,8932
small,9.66389863881517,2.0,8922,-9.338596981553941,-2.0,-833,15325
