Type,Added Average,Added Median,Added Max,Deleted Average,Deleted Median,Deleted Min,Zero Count
large,193.66666666666666,1.0,1726,-710.7142857142857,-1.0,-4964,17
small,17.266339869281047,6.0,702,-58.844897959183676,-3.0,-4964,608
