Type,Added Average,Added Median,Added Max,Deleted Average,Deleted Median,Deleted Min,Zero Count
large,8.129396439426834,3.0,379,-6.184094256259205,-2.0,-280,3792
small,9.295414973882762,3.0,1460,-11.524364406779661,-2.5,-1080,5123
