Type,Added Average,Added Median,Added Max,Deleted Average,Deleted Median,Deleted Min,Zero Count
large,14.5497668997669,7.0,730,-11.689481825212683,-3.0,-2357,8575
small,9.759215177090097,2.0,518,-6.88908285215523,-2.0,-845,11973
