Type,Added Average,Added Median,Added Max,Deleted Average,Deleted Median,Deleted Min,Zero Count
large,67.11770244821092,6.0,17769,-128.64712778429075,-4.0,-17736,2615
small,50.521316379955124,6.0,17769,-74.90809327846365,-4.0,-17736,1312
