Type,Added Average,Added Median,Added Max,Deleted Average,Deleted Median,Deleted Min,Zero Count
large,26.084478460022034,4.0,43229,-12.248458469350744,-2.0,-1928,27007
small,19.986508240705252,3.0,43229,-12.62970237195951,-2.0,-12382,23025
