Type,Added Average,Added Median,Added Max,Deleted Average,Deleted Median,Deleted Min,Zero Count
large,16.998867497168742,6.0,1977,-8.34084084084084,-5.5,-464,2363
small,17.493638676844785,2.0,1977,-8.98706338939198,-4.0,-676,2925
