Type,Added Average,Added Median,Added Max,Deleted Average,Deleted Median,Deleted Min,Zero Count
large,10.281893113533634,2.0,3628,-10.510955099521679,-2.0,-3250,17669
small,8.713532687972418,2.0,21548,-10.918081343943413,-3.0,-7702,33959
