Type,Added Average,Added Median,Added Max,Deleted Average,Deleted Median,Deleted Min,Zero Count
large,14.311827956989248,5.0,1641,-16.6472049689441,-1.0,-2853,1650
small,11.248361730013107,4.0,1641,-7.38107752956636,-1.0,-1641,2192
