Type,Added Average,Added Median,Added Max,Deleted Average,Deleted Median,Deleted Min,Zero Count
large,11.736842105263158,3.0,505,-16.195652173913043,-2.0,-424,760
small,13.404191616766466,2.0,505,-16.637735849056604,-2.0,-424,780
