Type,Added Average,Added Median,Added Max,Deleted Average,Deleted Median,Deleted Min,Zero Count
large,12.186582451348583,3.0,3916,-9.09889405353422,-2.0,-671,10318
small,7.591381686082927,2.0,538,-7.997374015255721,-2.0,-813,15922
