Type,Added Average,Added Median,Added Max,Deleted Average,Deleted Median,Deleted Min,Zero Count
large,12.724829692271554,3.0,9484,-8.79053467311748,-3.0,-13474,41056
small,11.977435920741684,4.0,9484,-9.524093537476816,-3.0,-13474,61661
