Type,Added Average,Added Median,Added Max,Deleted Average,Deleted Median,Deleted Min,Zero Count
large,37.945963612593964,5.0,29826,-54.967949362001406,-4.0,-29826,51993
small,35.250127425328756,5.0,29826,-49.802775290957925,-4.0,-29826,57491
