Type,Added Average,Added Median,Added Max,Deleted Average,Deleted Median,Deleted Min,Zero Count
large,13.5177545691906,3.0,1233,-15.450062421972534,-2.0,-1730,5036
small,12.170078266104756,3.0,1233,-17.3035107587769,-2.0,-1730,8572
