Type,#Files,Total Filtered Files,%% Grew,%% Decreased,%% Zero,Grew Average,Grew Median,Decreased Average,Decreased Median,Zero Total,Total Large Files,%% Large Grew,%% Large Decreased,%% Large Zero,Large Grew Average,Large Grew Median,Large Decreased Average,Large Decreased Median,Large Zero Total,Total Small Files,%% Small Grew,%% Small Decreased,%% Small Zero,Small Grew Average,Small Grew Median,Small Decreased Average,Small Decreased Median,Small Zero Total
large,44,6,47.05882352941176,27.205882352941174,15.441176470588236,613.109375,93.0,-883.7027027027027,-237.0,21,4,47.76119402985074,27.611940298507463,15.671641791044777,613.109375,93.0,-883.7027027027027,-237.0,21,2,0,0,0,613.109375,93.0,-883.7027027027027,-237.0,21
small,189,16,29.891304347826086,23.369565217391305,27.717391304347828,671.5818181818182,57.0,-693.2558139534884,-61.0,51,4,50.92592592592593,39.81481481481482,47.22222222222222,671.5818181818182,57.0,-693.2558139534884,-61.0,51,12,0,0,0,671.5818181818182,57.0,-693.2558139534884,-61.0,51
