Type,#Files,Total Filtered Files,%% Grew,%% Decreased,%% Zero,Grew Average,Grew Median,Decreased Average,Decreased Median,Zero Total,Total Large Files,%% Large Grew,%% Large Decreased,%% Large Zero,Large Grew Average,Large Grew Median,Large Decreased Average,Large Decreased Median,Large Zero Total,Total Small Files,%% Small Grew,%% Small Decreased,%% Small Zero,Small Grew Average,Small Grew Median,Small Decreased Average,Small Decreased Median,Small Zero Total
large,1068,775,43.107836570663096,14.49430676490288,20.803750837240457,20.740522063393414,7.0,-14.699630314232902,-3.0,1553,655,103.40616966580978,34.76863753213368,49.90359897172236,20.740522063393414,7.0,-14.699630314232902,-3.0,1553,572,0,0,0,20.740522063393414,7.0,-14.699630314232902,-3.0,1553
small,2661,1936,36.97954205244775,14.947053279370184,23.917502910683595,14.31064467766117,5.0,-9.139836795252226,-2.0,4314,1703,263.01261829653,106.30914826498423,170.11041009463725,14.31064467766117,5.0,-9.139836795252226,-2.0,4314,1524,0,0,0,14.31064467766117,5.0,-9.139836795252226,-2.0,4314
