Type,#Files,Total Filtered Files,%% Grew,%% Decreased,%% Zero,Grew Average,Grew Median,Decreased Average,Decreased Median,Zero Total,Total Large Files,%% Large Grew,%% Large Decreased,%% Large Zero,Large Grew Average,Large Grew Median,Large Decreased Average,Large Decreased Median,Large Zero Total,Total Small Files,%% Small Grew,%% Small Decreased,%% Small Zero,Small Grew Average,Small Grew Median,Small Decreased Average,Small Decreased Median,Small Zero Total
large,3079,2563,36.49282805029219,15.517088719674163,21.166105896936426,20.30668445954143,6.0,-13.564336661911556,-4.0,4781,2352,122.5724907063197,52.118959107806695,71.09293680297398,20.30668445954143,6.0,-13.564336661911556,-4.0,4781,2024,0,0,0,20.30668445954143,6.0,-13.564336661911556,-4.0,4781
small,3432,2758,34.75260975260975,15.404690404690404,25.225225225225223,19.280526694784488,5.0,-14.009050823857043,-3.0,7056,2569,197.9433923844431,87.74180411321522,143.67745876603544,19.280526694784488,5.0,-14.009050823857043,-3.0,7056,2289,0,0,0,19.280526694784488,5.0,-14.009050823857043,-3.0,7056
