Type,#Files,Total Filtered Files,%% Grew,%% Decreased,%% Zero,Grew Average,Grew Median,Decreased Average,Decreased Median,Zero Total,Total Large Files,%% Large Grew,%% Large Decreased,%% Large Zero,Large Grew Average,Large Grew Median,Large Decreased Average,Large Decreased Median,Large Zero Total,Total Small Files,%% Small Grew,%% Small Decreased,%% Small Zero,Small Grew Average,Small Grew Median,Small Decreased Average,Small Decreased Median,Small Zero Total
large,175,156,25.040387722132472,10.823909531502423,13.247172859450727,67.8258064516129,10.0,-26.37313432835821,-5.0,82,2,189.02439024390242,81.70731707317073,100.0,67.8258064516129,10.0,-26.37313432835821,-5.0,82,154,0,0,0,67.8258064516129,10.0,-26.37313432835821,-5.0,82
small,501,446,22.390243902439025,8.682926829268292,19.609756097560975,41.35294117647059,7.0,-25.219101123595507,-4.0,402,2,1311.4285714285713,508.57142857142856,1148.5714285714287,41.35294117647059,7.0,-25.219101123595507,-4.0,402,444,0,0,0,41.35294117647059,7.0,-25.219101123595507,-4.0,402
