Type,#Files,Total Filtered Files,%% Grew,%% Decreased,%% Zero,Grew Average,Grew Median,Decreased Average,Decreased Median,Zero Total,Total Large Files,%% Large Grew,%% Large Decreased,%% Large Zero,Large Grew Average,Large Grew Median,Large Decreased Average,Large Decreased Median,Large Zero Total,Total Small Files,%% Small Grew,%% Small Decreased,%% Small Zero,Small Grew Average,Small Grew Median,Small Decreased Average,Small Decreased Median,Small Zero Total
large,6837,1664,47.232452628769686,21.38421848589983,24.00142336091095,57.078502278976906,10.0,-88.57592145769199,-10.0,13490,1649,84.78760779303737,38.387096774193544,43.08527626956244,57.078502278976906,10.0,-88.57592145769199,-10.0,13490,1137,0,0,0,57.078502278976906,10.0,-88.57592145769199,-10.0,13490
small,11950,3495,42.032375350269795,19.648688080405734,27.93821356615178,32.819256198347105,7.0,-39.851199245683304,-6.0,24128,3462,213.06568057756644,99.60086869754065,141.62117743734225,32.819256198347105,7.0,-39.851199245683304,-6.0,24128,2679,0,0,0,32.819256198347105,7.0,-39.851199245683304,-6.0,24128
