Type,#Files,Total Filtered Files,%% Grew,%% Decreased,%% Zero,Grew Average,Grew Median,Decreased Average,Decreased Median,Zero Total,Total Large Files,%% Large Grew,%% Large Decreased,%% Large Zero,Large Grew Average,Large Grew Median,Large Decreased Average,Large Decreased Median,Large Zero Total,Total Small Files,%% Small Grew,%% Small Decreased,%% Small Zero,Small Grew Average,Small Grew Median,Small Decreased Average,Small Decreased Median,Small Zero Total
large,950,923,46.46698434309054,10.673927842069435,16.364874063989106,14.436566070905362,4.0,-20.87627551020408,-3.0,1202,922,77.76258828890408,17.862838915470494,27.38664843928002,14.436566070905362,4.0,-20.87627551020408,-3.0,1202,612,0,0,0,14.436566070905362,4.0,-20.87627551020408,-3.0,1202
small,142,136,41.42947501581278,12.586970271979759,23.52941176470588,17.22442748091603,6.0,-9.688442211055277,-3.0,372,136,419.8717948717949,127.56410256410255,238.46153846153845,17.22442748091603,6.0,-9.688442211055277,-3.0,372,114,0,0,0,17.22442748091603,6.0,-9.688442211055277,-3.0,372
