Type,#Files,Total Filtered Files,%% Grew,%% Decreased,%% Zero,Grew Average,Grew Median,Decreased Average,Decreased Median,Zero Total,Total Large Files,%% Large Grew,%% Large Decreased,%% Large Zero,Large Grew Average,Large Grew Median,Large Decreased Average,Large Decreased Median,Large Zero Total,Total Small Files,%% Small Grew,%% Small Decreased,%% Small Zero,Small Grew Average,Small Grew Median,Small Decreased Average,Small Decreased Median,Small Zero Total
large,959586,558865,29.39698127416552,11.694490368299565,21.98489123663878,32.60996940932506,7.0,-41.24056579356041,-5.0,726332,554538,73.86775296870923,29.38552491373193,55.24290061507594,32.60996940932506,7.0,-41.24056579356041,-5.0,726332,295201,0,0,0,32.60996940932506,7.0,-41.24056579356041,-5.0,726332
small,1220599,747919,24.692814785260392,10.420197870006442,23.457117632577525,26.085000057297616,6.0,-28.221115375563482,-4.0,994761,743218,96.47679898286815,40.71254508685698,91.64883154214326,26.085000057297616,6.0,-28.221115375563482,-4.0,994761,430331,0,0,0,26.085000057297616,6.0,-28.221115375563482,-4.0,994761
