Type,#Files,Total Filtered Files,%% Grew,%% Decreased,%% Zero,Grew Average,Grew Median,Decreased Average,Decreased Median,Zero Total,Total Large Files,%% Large Grew,%% Large Decreased,%% Large Zero,Large Grew Average,Large Grew Median,Large Decreased Average,Large Decreased Median,Large Zero Total,Total Small Files,%% Small Grew,%% Small Decreased,%% Small Zero,Small Grew Average,Small Grew Median,Small Decreased Average,Small Decreased Median,Small Zero Total
large,236,85,36.56957928802589,16.990291262135923,14.077669902912621,12.672566371681416,6.0,-13.304761904761905,-2.0,87,85,77.13310580204778,35.83617747440273,29.692832764505116,12.672566371681416,6.0,-13.304761904761905,-2.0,87,60,0,0,0,12.672566371681416,6.0,-13.304761904761905,-2.0,87
small,255,100,31.59763313609468,17.041420118343193,22.485207100591715,11.9812734082397,5.0,-13.152777777777779,-2.0,190,100,98.16176470588235,52.94117647058824,69.85294117647058,11.9812734082397,5.0,-13.152777777777779,-2.0,190,75,0,0,0,11.9812734082397,5.0,-13.152777777777779,-2.0,190
