Type,#Files,Total Filtered Files,%% Grew,%% Decreased,%% Zero,Grew Average,Grew Median,Decreased Average,Decreased Median,Zero Total,Total Large Files,%% Large Grew,%% Large Decreased,%% Large Zero,Large Grew Average,Large Grew Median,Large Decreased Average,Large Decreased Median,Large Zero Total,Total Small Files,%% Small Grew,%% Small Decreased,%% Small Zero,Small Grew Average,Small Grew Median,Small Decreased Average,Small Decreased Median,Small Zero Total
large,151,66,18.33810888252149,8.595988538681947,26.64756446991404,15.28125,5.0,-7.0,-4.5,93,66,60.37735849056604,28.30188679245283,87.73584905660378,15.28125,5.0,-7.0,-4.5,93,51,0,0,0,15.28125,5.0,-7.0,-4.5,93
small,149,72,19.771863117870723,7.79467680608365,38.21292775665399,13.384615384615385,4.0,-10.048780487804878,-5.0,201,72,111.8279569892473,44.086021505376344,216.1290322580645,13.384615384615385,4.0,-10.048780487804878,-5.0,201,55,0,0,0,13.384615384615385,4.0,-10.048780487804878,-5.0,201
