Type,#Files,Total Filtered Files,%% Grew,%% Decreased,%% Zero,Grew Average,Grew Median,Decreased Average,Decreased Median,Zero Total,Total Large Files,%% Large Grew,%% Large Decreased,%% Large Zero,Large Grew Average,Large Grew Median,Large Decreased Average,Large Decreased Median,Large Zero Total,Total Small Files,%% Small Grew,%% Small Decreased,%% Small Zero,Small Grew Average,Small Grew Median,Small Decreased Average,Small Decreased Median,Small Zero Total
large,225,183,5.177993527508091,1.9417475728155338,3.559870550161812,12.0,3.0,-6.666666666666667,-2.0,11,182,8.16326530612245,3.061224489795918,5.612244897959184,12.0,3.0,-6.666666666666667,-2.0,11,62,0,0,0,12.0,3.0,-6.666666666666667,-2.0,11
small,559,334,14.3698468786808,7.420494699646643,7.656065959952886,14.598360655737705,6.5,-6.841269841269841,-4.0,65,333,35.88235294117647,18.529411764705884,19.11764705882353,14.598360655737705,6.5,-6.841269841269841,-4.0,65,162,0,0,0,14.598360655737705,6.5,-6.841269841269841,-4.0,65
