Type,#Files,Total Filtered Files,%% Grew,%% Decreased,%% Zero,Grew Average,Grew Median,Decreased Average,Decreased Median,Zero Total,Total Large Files,%% Large Grew,%% Large Decreased,%% Large Zero,Large Grew Average,Large Grew Median,Large Decreased Average,Large Decreased Median,Large Zero Total,Total Small Files,%% Small Grew,%% Small Decreased,%% Small Zero,Small Grew Average,Small Grew Median,Small Decreased Average,Small Decreased Median,Small Zero Total
large,5255,2640,0.29350104821802936,0.04192872117400419,0.020964360587002094,21.357142857142858,9.5,-2.5,-2.5,1,35,27.450980392156865,3.9215686274509802,1.9607843137254901,21.357142857142858,9.5,-2.5,-2.5,1,2605,0,0,0,21.357142857142858,9.5,-2.5,-2.5,1
small,4873,2641,0.3137418950010458,0.04183225266680611,0.020916126333403055,19.933333333333334,8.0,-1.0,-1.0,1,35,30.612244897959183,4.081632653061225,2.0408163265306123,19.933333333333334,8.0,-1.0,-1.0,1,2606,0,0,0,19.933333333333334,8.0,-1.0,-1.0,1
