Type,#Files,Total Filtered Files,%% Grew,%% Decreased,%% Zero,Grew Average,Grew Median,Decreased Average,Decreased Median,Zero Total,Total Large Files,%% Large Grew,%% Large Decreased,%% Large Zero,Large Grew Average,Large Grew Median,Large Decreased Average,Large Decreased Median,Large Zero Total,Total Small Files,%% Small Grew,%% Small Decreased,%% Small Zero,Small Grew Average,Small Grew Median,Small Decreased Average,Small Decreased Median,Small Zero Total
large,1443,800,35.1129363449692,13.18731462468629,16.65525895505362,9.243664717348928,4.0,-7.160899653979238,-3.0,730,800,69.41813261163735,26.07126747857465,32.927379341452415,9.243664717348928,4.0,-7.160899653979238,-3.0,730,402,0,0,0,9.243664717348928,4.0,-7.160899653979238,-3.0,730
small,1766,1005,36.530645423508375,12.892212648349863,17.590635668996914,8.68090787716956,4.0,-7.129886506935687,-3.0,1082,1005,124.62562396006656,43.9822518025513,60.01109262340544,8.68090787716956,4.0,-7.129886506935687,-3.0,1082,561,0,0,0,8.68090787716956,4.0,-7.129886506935687,-3.0,1082
