Type,#Files,Total Filtered Files,%% Grew,%% Decreased,%% Zero,Grew Average,Grew Median,Decreased Average,Decreased Median,Zero Total,Total Large Files,%% Large Grew,%% Large Decreased,%% Large Zero,Large Grew Average,Large Grew Median,Large Decreased Average,Large Decreased Median,Large Zero Total,Total Small Files,%% Small Grew,%% Small Decreased,%% Small Zero,Small Grew Average,Small Grew Median,Small Decreased Average,Small Decreased Median,Small Zero Total
large,360,319,25.053533190578158,10.278372591006423,6.638115631691649,17.213675213675213,7.0,-12.677083333333334,-4.0,62,319,65.54621848739495,26.89075630252101,17.366946778711483,17.213675213675213,7.0,-12.677083333333334,-4.0,62,139,0,0,0,17.213675213675213,7.0,-12.677083333333334,-4.0,62
small,473,400,26.060138781804167,11.48804934464148,9.56052428681573,16.002958579881657,7.0,-10.06711409395973,-4.0,124,400,75.7847533632287,33.408071748878925,27.802690582959645,16.002958579881657,7.0,-10.06711409395973,-4.0,124,178,0,0,0,16.002958579881657,7.0,-10.06711409395973,-4.0,124
