Type,#Files,Total Filtered Files,%% Grew,%% Decreased,%% Zero,Grew Average,Grew Median,Decreased Average,Decreased Median,Zero Total,Total Large Files,%% Large Grew,%% Large Decreased,%% Large Zero,Large Grew Average,Large Grew Median,Large Decreased Average,Large Decreased Median,Large Zero Total,Total Small Files,%% Small Grew,%% Small Decreased,%% Small Zero,Small Grew Average,Small Grew Median,Small Decreased Average,Small Decreased Median,Small Zero Total
large,153,46,36.7601246105919,24.610591900311526,6.5420560747663545,345.3728813559322,116.5,-449.9493670886076,-209.0,21,46,51.082251082251084,34.1991341991342,9.090909090909092,345.3728813559322,116.5,-449.9493670886076,-209.0,21,28,0,0,0,345.3728813559322,116.5,-449.9493670886076,-209.0,21
small,94,65,19.25925925925926,17.037037037037038,8.88888888888889,306.4807692307692,49.0,-280.6304347826087,-24.0,24,65,38.23529411764706,33.82352941176471,17.647058823529413,306.4807692307692,49.0,-280.6304347826087,-24.0,24,44,0,0,0,306.4807692307692,49.0,-280.6304347826087,-24.0,24
