Type,#Files,Total Filtered Files,%% Grew,%% Decreased,%% Zero,Grew Average,Grew Median,Decreased Average,Decreased Median,Zero Total,Total Large Files,%% Large Grew,%% Large Decreased,%% Large Zero,Large Grew Average,Large Grew Median,Large Decreased Average,Large Decreased Median,Large Zero Total,Total Small Files,%% Small Grew,%% Small Decreased,%% Small Zero,Small Grew Average,Small Grew Median,Small Decreased Average,Small Decreased Median,Small Zero Total
large,15,11,22.22222222222222,3.7037037037037033,0.0,9.666666666666666,5.5,-1.0,-1.0,0,11,30.0,5.0,0.0,9.666666666666666,5.5,-1.0,-1.0,0,7,0,0,0,9.666666666666666,5.5,-1.0,-1.0,0
small,2043,1006,11.78838412880966,2.5301897642323175,6.7280046003450265,16.21951219512195,6.0,-12.545454545454545,-3.0,117,1006,20.317145688800792,4.360753221010902,11.59563924677899,16.21951219512195,6.0,-12.545454545454545,-3.0,117,232,0,0,0,16.21951219512195,6.0,-12.545454545454545,-3.0,117
