Type,Commits Amount,70% Threshould Large,70% Threshould Small,70% Threshould Flex,Large Files,Large Mean,Large Median,Large Min,Large Max,Commits Large Mean,Commits Large Median,Authors Large Mean,Authors Large Median,Small Files,Small Mean,Small Median,Small Min,Small Max,Commits Small Mean,Commits Small Median,Authors Small Mean,Authors Small Median
large,34679,6,2,1,1575,3.4749206349206347,3.0,1,16,60.36952380952381,21.0,10.540952380952382,7.0,102788,1.4960793088687396,1.0,1,12,3.3725240300424173,2.0,2.224238237926606,1.0
small,21074,1,1,1,1190,3.545378151260504,3.0,1,14,35.674789915966386,12.0,9.02436974789916,6.0,105381,1.5781687400954632,1.0,1,12,3.6306829504369857,2.0,2.374403355443581,1.0
