Type,#Files,Total Filtered Files,%% Grew,%% Decreased,%% Zero,Grew Average,Grew Median,Decreased Average,Decreased Median,Zero Total,Total Large Files,%% Large Grew,%% Large Decreased,%% Large Zero,Large Grew Average,Large Grew Median,Large Decreased Average,Large Decreased Median,Large Zero Total,Total Small Files,%% Small Grew,%% Small Decreased,%% Small Zero,Small Grew Average,Small Grew Median,Small Decreased Average,Small Decreased Median,Small Zero Total
large,78561,49458,24.48407310704961,7.440731070496083,18.79164490861619,17.373579030434875,5.0,-25.024843848691138,-4.0,35986,49407,54.56037050828524,16.580943958294544,41.87534909700242,17.373579030434875,5.0,-25.024843848691138,-4.0,35986,26291,0,0,0,17.373579030434875,5.0,-25.024843848691138,-4.0,35986
small,74487,46774,16.463765117027638,5.718030073113533,26.149009058720747,16.12369514366512,5.0,-14.520607157217531,-3.0,45493,46747,49.59311586674978,17.224184500311658,78.76757393171272,16.12369514366512,5.0,-14.520607157217531,-3.0,45493,24517,0,0,0,16.12369514366512,5.0,-14.520607157217531,-3.0,45493
