Type,#Files,Total Filtered Files,%% Grew,%% Decreased,%% Zero,Grew Average,Grew Median,Decreased Average,Decreased Median,Zero Total,Total Large Files,%% Large Grew,%% Large Decreased,%% Large Zero,Large Grew Average,Large Grew Median,Large Decreased Average,Large Decreased Median,Large Zero Total,Total Small Files,%% Small Grew,%% Small Decreased,%% Small Zero,Small Grew Average,Small Grew Median,Small Decreased Average,Small Decreased Median,Small Zero Total
large,626,418,13.094170403587443,3.856502242152467,8.520179372197308,21.02054794520548,8.0,-10.046511627906977,-3.0,95,417,23.66288492706645,6.9692058346839545,15.39708265802269,21.02054794520548,8.0,-10.046511627906977,-3.0,95,200,0,0,0,21.02054794520548,8.0,-10.046511627906977,-3.0,95
small,1406,940,9.201101928374655,3.2506887052341593,5.234159779614325,19.7125748502994,7.0,-11.661016949152541,-3.0,95,938,17.145790554414784,6.057494866529774,9.75359342915811,19.7125748502994,7.0,-11.661016949152541,-3.0,95,355,0,0,0,19.7125748502994,7.0,-11.661016949152541,-3.0,95
