Type,#Files,Total Filtered Files,%% Grew,%% Decreased,%% Zero,Grew Average,Grew Median,Decreased Average,Decreased Median,Zero Total,Total Large Files,%% Large Grew,%% Large Decreased,%% Large Zero,Large Grew Average,Large Grew Median,Large Decreased Average,Large Decreased Median,Large Zero Total,Total Small Files,%% Small Grew,%% Small Decreased,%% Small Zero,Small Grew Average,Small Grew Median,Small Decreased Average,Small Decreased Median,Small Zero Total
large,386,353,14.150943396226415,7.632933104631218,13.893653516295027,22.254545454545454,9.0,-10.932584269662922,-3.0,162,352,36.10503282275711,19.474835886214443,35.44857768052516,22.254545454545454,9.0,-10.932584269662922,-3.0,162,216,0,0,0,22.254545454545454,9.0,-10.932584269662922,-3.0,162
small,684,640,13.082901554404144,6.390328151986183,14.119170984455959,18.686468646864686,8.0,-5.635135135135135,-2.0,327,639,44.82248520710059,21.893491124260358,48.37278106508875,18.686468646864686,8.0,-5.635135135135135,-2.0,327,486,0,0,0,18.686468646864686,8.0,-5.635135135135135,-2.0,327
