Type,#Files,Total Filtered Files,%% Grew,%% Decreased,%% Zero,Grew Average,Grew Median,Decreased Average,Decreased Median,Zero Total,Total Large Files,%% Large Grew,%% Large Decreased,%% Large Zero,Large Grew Average,Large Grew Median,Large Decreased Average,Large Decreased Median,Large Zero Total,Total Small Files,%% Small Grew,%% Small Decreased,%% Small Zero,Small Grew Average,Small Grew Median,Small Decreased Average,Small Decreased Median,Small Zero Total
large,63,38,5.263157894736842,2.631578947368421,2.631578947368421,103.25,124.0,-129.5,-129.5,2,38,8.16326530612245,4.081632653061225,4.081632653061225,103.25,124.0,-129.5,-129.5,2,16,0,0,0,103.25,124.0,-129.5,-129.5,2
small,443,314,13.36996336996337,6.684981684981685,15.10989010989011,9.780821917808218,4.0,-11.424657534246576,-4.0,165,314,44.10876132930513,22.054380664652566,49.848942598187314,9.780821917808218,4.0,-11.424657534246576,-4.0,165,219,0,0,0,9.780821917808218,4.0,-11.424657534246576,-4.0,165
