Type,#Files,Total Filtered Files,%% Grew,%% Decreased,%% Zero,Grew Average,Grew Median,Decreased Average,Decreased Median,Zero Total,Total Large Files,%% Large Grew,%% Large Decreased,%% Large Zero,Large Grew Average,Large Grew Median,Large Decreased Average,Large Decreased Median,Large Zero Total,Total Small Files,%% Small Grew,%% Small Decreased,%% Small Zero,Small Grew Average,Small Grew Median,Small Decreased Average,Small Decreased Median,Small Zero Total
large,944,831,14.074387151310228,6.593406593406594,11.58072696534235,16.86786786786787,5.0,-9.666666666666666,-2.5,274,830,38.766006984866124,18.160651920838184,31.89755529685681,16.86786786786787,5.0,-9.666666666666666,-2.5,274,471,0,0,0,16.86786786786787,5.0,-9.666666666666666,-2.5,274
small,2314,2096,16.51889237484654,9.016505251670987,14.486427499658983,10.957886044591246,4.0,-10.888048411497731,-3.0,1062,2093,54.920634920634924,29.977324263038547,48.16326530612245,10.957886044591246,4.0,-10.888048411497731,-3.0,1062,1337,0,0,0,10.957886044591246,4.0,-10.888048411497731,-3.0,1062
