Type,#Files,Total Filtered Files,%% Grew,%% Decreased,%% Zero,Grew Average,Grew Median,Decreased Average,Decreased Median,Zero Total,Total Large Files,%% Large Grew,%% Large Decreased,%% Large Zero,Large Grew Average,Large Grew Median,Large Decreased Average,Large Decreased Median,Large Zero Total,Total Small Files,%% Small Grew,%% Small Decreased,%% Small Zero,Small Grew Average,Small Grew Median,Small Decreased Average,Small Decreased Median,Small Zero Total
large,924,763,20.98714226462049,9.207797594359187,12.401493156366653,20.294466403162055,7.0,-19.6981981981982,-5.0,299,761,46.59300184162063,20.441988950276244,27.532228360957646,20.294466403162055,7.0,-19.6981981981982,-5.0,299,353,0,0,0,20.294466403162055,7.0,-19.6981981981982,-5.0,299
small,1573,1357,22.007420425698108,9.802772895918766,14.684631907830504,16.044365572315883,5.0,-16.717131474103585,-4.0,752,1353,72.10492642354447,32.11772232885476,48.112603966730646,16.044365572315883,5.0,-16.717131474103585,-4.0,752,805,0,0,0,16.044365572315883,5.0,-16.717131474103585,-4.0,752
