Type,#Files,Total Filtered Files,%% Grew,%% Decreased,%% Zero,Grew Average,Grew Median,Decreased Average,Decreased Median,Zero Total,Total Large Files,%% Large Grew,%% Large Decreased,%% Large Zero,Large Grew Average,Large Grew Median,Large Decreased Average,Large Decreased Median,Large Zero Total,Total Small Files,%% Small Grew,%% Small Decreased,%% Small Zero,Small Grew Average,Small Grew Median,Small Decreased Average,Small Decreased Median,Small Zero Total
large,500,232,23.133235724743777,9.224011713030746,8.052708638360176,10.962025316455696,5.0,-7.492063492063492,-3.0,55,232,42.81842818428184,17.073170731707318,14.905149051490515,10.962025316455696,5.0,-7.492063492063492,-3.0,55,106,0,0,0,10.962025316455696,5.0,-7.492063492063492,-3.0,55
small,500,230,19.36,9.120000000000001,7.359999999999999,10.818181818181818,4.0,-7.280701754385965,-4.0,46,230,42.30769230769231,19.93006993006993,16.083916083916083,10.818181818181818,4.0,-7.280701754385965,-4.0,46,105,0,0,0,10.818181818181818,4.0,-7.280701754385965,-4.0,46
