Type,#Files,Total Filtered Files,%% Grew,%% Decreased,%% Zero,Grew Average,Grew Median,Decreased Average,Decreased Median,Zero Total,Total Large Files,%% Large Grew,%% Large Decreased,%% Large Zero,Large Grew Average,Large Grew Median,Large Decreased Average,Large Decreased Median,Large Zero Total,Total Small Files,%% Small Grew,%% Small Decreased,%% Small Zero,Small Grew Average,Small Grew Median,Small Decreased Average,Small Decreased Median,Small Zero Total
large,647,598,3.765690376569038,0.9762900976290098,2.6499302649930265,26.555555555555557,6.0,-4.428571428571429,-4.0,19,598,4.51505016722408,1.1705685618729096,3.177257525083612,26.555555555555557,6.0,-4.428571428571429,-4.0,19,43,0,0,0,26.555555555555557,6.0,-4.428571428571429,-4.0,19
small,294,195,17.826825127334462,7.809847198641766,12.39388794567063,10.714285714285714,5.0,-8.0,-4.0,73,195,53.57142857142857,23.46938775510204,37.244897959183675,10.714285714285714,5.0,-8.0,-4.0,73,100,0,0,0,10.714285714285714,5.0,-8.0,-4.0,73
