Type,#Files,Total Filtered Files,%% Grew,%% Decreased,%% Zero,Grew Average,Grew Median,Decreased Average,Decreased Median,Zero Total,Total Large Files,%% Large Grew,%% Large Decreased,%% Large Zero,Large Grew Average,Large Grew Median,Large Decreased Average,Large Decreased Median,Large Zero Total,Total Small Files,%% Small Grew,%% Small Decreased,%% Small Zero,Small Grew Average,Small Grew Median,Small Decreased Average,Small Decreased Median,Small Zero Total
large,255,242,23.763837638376383,9.96309963099631,22.509225092250922,23.02173913043478,6.0,-14.214814814814815,-3.0,305,242,42.99065420560748,18.024032042723633,40.720961281708945,23.02173913043478,6.0,-14.214814814814815,-3.0,305,153,0,0,0,23.02173913043478,6.0,-14.214814814814815,-3.0,305
small,559,505,16.484184914841848,6.265206812652069,13.077858880778589,16.2619926199262,5.0,-13.21359223300971,-3.0,215,505,40.44776119402985,15.37313432835821,32.08955223880597,16.2619926199262,5.0,-13.21359223300971,-3.0,215,291,0,0,0,16.2619926199262,5.0,-13.21359223300971,-3.0,215
