Type,#Files,Total Filtered Files,%% Grew,%% Decreased,%% Zero,Grew Average,Grew Median,Decreased Average,Decreased Median,Zero Total,Total Large Files,%% Large Grew,%% Large Decreased,%% Large Zero,Large Grew Average,Large Grew Median,Large Decreased Average,Large Decreased Median,Large Zero Total,Total Small Files,%% Small Grew,%% Small Decreased,%% Small Zero,Small Grew Average,Small Grew Median,Small Decreased Average,Small Decreased Median,Small Zero Total
large,1752,1078,31.473733147373316,14.380908104757479,15.868588253525493,31.50467749876908,8.0,-32.35129310344828,-7.0,1024,1078,60.71748878923767,27.742899850523166,30.612855007473843,31.50467749876908,8.0,-32.35129310344828,-7.0,1024,668,0,0,0,31.50467749876908,8.0,-32.35129310344828,-7.0,1024
small,2483,1887,23.182769967095425,8.585103200717919,11.396948848339814,37.369032258064514,9.0,-33.85191637630662,-6.0,762,1887,58.957778623050594,21.83339672879422,28.984404716622294,37.369032258064514,9.0,-33.85191637630662,-6.0,762,962,0,0,0,37.369032258064514,9.0,-33.85191637630662,-6.0,762
