Type,#Files,Total Filtered Files,%% Grew,%% Decreased,%% Zero,Grew Average,Grew Median,Decreased Average,Decreased Median,Zero Total,Total Large Files,%% Large Grew,%% Large Decreased,%% Large Zero,Large Grew Average,Large Grew Median,Large Decreased Average,Large Decreased Median,Large Zero Total,Total Small Files,%% Small Grew,%% Small Decreased,%% Small Zero,Small Grew Average,Small Grew Median,Small Decreased Average,Small Decreased Median,Small Zero Total
large,116,71,38.659793814432994,13.65979381443299,12.371134020618557,13.933333333333334,6.0,-9.226415094339623,-3.0,48,71,65.50218340611353,23.144104803493452,20.96069868995633,13.933333333333334,6.0,-9.226415094339623,-3.0,48,36,0,0,0,13.933333333333334,6.0,-9.226415094339623,-3.0,48
small,274,183,26.613965744400524,11.067193675889328,12.25296442687747,15.846534653465346,6.0,-9.178571428571429,-3.0,93,183,89.38053097345133,37.16814159292036,41.150442477876105,15.846534653465346,6.0,-9.178571428571429,-3.0,93,111,0,0,0,15.846534653465346,6.0,-9.178571428571429,-3.0,93
