language,total,large files,small p/ language,small proportion,small files,files available,files missing
JavaScript,274.0,4.0,9976.0,0.014598540145985401,146,270.0,0.0
Python,1241.0,12.0,8935.0,0.009669621273166801,87,1229.0,0.0
TypeScript,2309.0,16.0,9508.0,0.006929406669553919,66,2293.0,0.0
