language,total,large files,small p/ language,small proportion,small files,files available
Go,3725.0,9.0,9017.0,0.0024161073825503354,22,3716.0
JavaScript,102.0,1.0,9976.0,0.00980392156862745,98,101.0
TypeScript,6739.0,46.0,9508.0,0.006825938566552901,65,6693.0
