language,total,large files,small p/ language,small proportion,small files,files available
JavaScript,15192.0,303.0,9976.0,0.019944707740916272,199,14889.0
TypeScript,19798.0,94.0,9508.0,0.004747954338822104,46,19704.0
