Type,#Files,Total Filtered Files,%% Grew,%% Decreased,%% Zero,Grew Average,Grew Median,Decreased Average,Decreased Median,Zero Total,Total Large Files,%% Large Grew,%% Large Decreased,%% Large Zero,Large Grew Average,Large Grew Median,Large Decreased Average,Large Decreased Median,Large Zero Total,Total Small Files,%% Small Grew,%% Small Decreased,%% Small Zero,Small Grew Average,Small Grew Median,Small Decreased Average,Small Decreased Median,Small Zero Total
large,353,273,28.0517380759903,5.578011317704123,10.428455941794665,20.423631123919307,6.0,-13.840579710144928,-6.0,129,3,226.79738562091504,45.09803921568628,84.31372549019608,20.423631123919307,6.0,-13.840579710144928,-6.0,129,270,0,0,0,20.423631123919307,6.0,-13.840579710144928,-6.0,129
small,588,411,27.434189660640662,7.738661592134475,14.113542657786235,14.398843930635838,4.0,-12.34016393442623,-4.0,445,3,655.3030303030303,184.84848484848484,337.1212121212121,14.398843930635838,4.0,-12.34016393442623,-4.0,445,408,0,0,0,14.398843930635838,4.0,-12.34016393442623,-4.0,445
