Type,#Files,Total Filtered Files,%% Grew,%% Decreased,%% Zero,Grew Average,Grew Median,Decreased Average,Decreased Median,Zero Total,Total Large Files,%% Large Grew,%% Large Decreased,%% Large Zero,Large Grew Average,Large Grew Median,Large Decreased Average,Large Decreased Median,Large Zero Total,Total Small Files,%% Small Grew,%% Small Decreased,%% Small Zero,Small Grew Average,Small Grew Median,Small Decreased Average,Small Decreased Median,Small Zero Total
large,111,69,29.61672473867596,9.40766550522648,19.16376306620209,153.83529411764707,10.0,-101.25925925925925,-13.0,55,2,93.4065934065934,29.67032967032967,60.43956043956044,153.83529411764707,10.0,-101.25925925925925,-13.0,55,67,0,0,0,153.83529411764707,10.0,-101.25925925925925,-13.0,55
small,435,384,22.569444444444446,7.349537037037036,21.354166666666664,42.84871794871795,6.0,-28.228346456692915,-5.0,369,2,1258.0645161290322,409.6774193548387,1190.3225806451612,42.84871794871795,6.0,-28.228346456692915,-5.0,369,382,0,0,0,42.84871794871795,6.0,-28.228346456692915,-5.0,369
