Type,#Files,Total Filtered Files,%% Grew,%% Decreased,%% Zero,Grew Average,Grew Median,Decreased Average,Decreased Median,Zero Total,Total Large Files,%% Large Grew,%% Large Decreased,%% Large Zero,Large Grew Average,Large Grew Median,Large Decreased Average,Large Decreased Median,Large Zero Total,Total Small Files,%% Small Grew,%% Small Decreased,%% Small Zero,Small Grew Average,Small Grew Median,Small Decreased Average,Small Decreased Median,Small Zero Total
large,4366,2406,46.8477974149301,12.202585069902401,14.676866262199947,21.212387387387388,5.0,-32.12235192390835,-5.0,2782,2403,95.9792477302205,25.0,30.069174232598357,21.212387387387388,5.0,-32.12235192390835,-5.0,2782,1277,0,0,0,21.212387387387388,5.0,-32.12235192390835,-5.0,2782
small,5268,3252,43.420733775989916,9.542965152910385,15.014782145107352,19.10425270677531,5.0,-26.34941594718131,-5.0,3098,3247,127.74846713246828,28.07642948809354,44.175103379438184,19.10425270677531,5.0,-26.34941594718131,-5.0,3098,1670,0,0,0,19.10425270677531,5.0,-26.34941594718131,-5.0,3098
