Type,#Files,Total Filtered Files,%% Grew,%% Decreased,%% Zero,Grew Average,Grew Median,Decreased Average,Decreased Median,Zero Total,Total Large Files,%% Large Grew,%% Large Decreased,%% Large Zero,Large Grew Average,Large Grew Median,Large Decreased Average,Large Decreased Median,Large Zero Total,Total Small Files,%% Small Grew,%% Small Decreased,%% Small Zero,Small Grew Average,Small Grew Median,Small Decreased Average,Small Decreased Median,Small Zero Total
large,709,555,14.86183719193428,3.5847647498132935,7.916355489171023,29.326633165829147,6.0,-30.708333333333332,-3.5,106,555,24.477244772447722,5.904059040590406,13.038130381303814,29.326633165829147,6.0,-30.708333333333332,-3.5,106,268,0,0,0,29.326633165829147,6.0,-30.708333333333332,-3.5,106
small,2174,1533,22.54609306409131,9.341527655838455,13.011413520632134,21.73442367601246,6.0,-20.159774436090224,-5.5,741,1531,71.65178571428571,29.6875,41.35044642857143,21.73442367601246,6.0,-20.159774436090224,-5.5,741,856,0,0,0,21.73442367601246,6.0,-20.159774436090224,-5.5,741
