Type,#Files,Total Filtered Files,%% Grew,%% Decreased,%% Zero,Grew Average,Grew Median,Decreased Average,Decreased Median,Zero Total,Total Large Files,%% Large Grew,%% Large Decreased,%% Large Zero,Large Grew Average,Large Grew Median,Large Decreased Average,Large Decreased Median,Large Zero Total,Total Small Files,%% Small Grew,%% Small Decreased,%% Small Zero,Small Grew Average,Small Grew Median,Small Decreased Average,Small Decreased Median,Small Zero Total
large,269,198,15.436241610738255,5.1454138702460845,5.369127516778524,21.71014492753623,4.0,-9.521739130434783,-8.0,24,198,28.870292887029287,9.623430962343097,10.0418410041841,21.71014492753623,4.0,-9.521739130434783,-8.0,24,79,0,0,0,21.71014492753623,4.0,-9.521739130434783,-8.0,24
small,277,212,9.322033898305085,4.025423728813559,4.661016949152542,10.795454545454545,5.0,-5.105263157894737,-3.0,22,1,733.3333333333333,316.66666666666663,366.66666666666663,10.795454545454545,5.0,-5.105263157894737,-3.0,22,211,0,0,0,10.795454545454545,5.0,-5.105263157894737,-3.0,22
