Type,#Files,Total Filtered Files,%% Grew,%% Decreased,%% Zero,Grew Average,Grew Median,Decreased Average,Decreased Median,Zero Total,Total Large Files,%% Large Grew,%% Large Decreased,%% Large Zero,Large Grew Average,Large Grew Median,Large Decreased Average,Large Decreased Median,Large Zero Total,Total Small Files,%% Small Grew,%% Small Decreased,%% Small Zero,Small Grew Average,Small Grew Median,Small Decreased Average,Small Decreased Median,Small Zero Total
large,516,430,39.772426567875094,14.210108494310663,21.804710240804447,48.78443113772455,11.0,-71.77839851024208,-8.0,824,422,72.60869565217392,25.94202898550725,39.806763285024154,48.78443113772455,11.0,-71.77839851024208,-8.0,824,227,0,0,0,48.78443113772455,11.0,-71.77839851024208,-8.0,824
small,1424,858,33.55995055624227,14.184177997527811,23.26946847960445,32.36372007366482,7.0,-40.22004357298475,-6.0,1506,857,118.68852459016392,50.1639344262295,82.29508196721311,32.36372007366482,7.0,-40.22004357298475,-6.0,1506,482,0,0,0,32.36372007366482,7.0,-40.22004357298475,-6.0,1506
