Type,#Files,Total Filtered Files,%% Grew,%% Decreased,%% Zero,Grew Average,Grew Median,Decreased Average,Decreased Median,Zero Total,Total Large Files,%% Large Grew,%% Large Decreased,%% Large Zero,Large Grew Average,Large Grew Median,Large Decreased Average,Large Decreased Median,Large Zero Total,Total Small Files,%% Small Grew,%% Small Decreased,%% Small Zero,Small Grew Average,Small Grew Median,Small Decreased Average,Small Decreased Median,Small Zero Total
large,35,14,46.04810996563574,21.1340206185567,26.46048109965636,8.779850746268657,4.0,-10.975609756097562,-4.0,154,1,67.16791979949875,30.82706766917293,38.59649122807017,8.779850746268657,4.0,-10.975609756097562,-4.0,154,13,0,0,0,8.779850746268657,4.0,-10.975609756097562,-4.0,154
small,37,17,35.35911602209944,8.83977900552486,30.939226519337016,19.71875,6.0,-13.375,-5.5,56,1,145.45454545454547,36.36363636363637,127.27272727272727,19.71875,6.0,-13.375,-5.5,56,16,0,0,0,19.71875,6.0,-13.375,-5.5,56
