Type,#Files,#Files Filtered by Language,Total Files,Only Added,Time Average,Time Median,Total Large Files,Only Added Large,Time Large Average,Time Large Median,Total Small Files,Only Added Small,Time Small Average,Time Small Median,Large p/ Small (Average),Large p/ Small (Median)
large,12164,12095,10423,2325,3703517.4742709696,185025.0,149,9,520924.41056385793,80376.0,10274,2316,5222588.102462612,434452.0,10.025615994477182,5.405245346869712
small,21943,21263,18735,4977,4651438.592902835,356664.0,145,9,745787.1340824569,115577.0,18590,4968,5214295.5399975795,461282.0,6.99166732932814,3.9911228012493836
