Type,#Files,#Files Filtered by Language,Total Files,Only Added,Time Average,Time Median,Total Large Files,Only Added Large,Time Large Average,Time Large Median,Total Small Files,Only Added Small,Time Small Average,Time Small Median,Large p/ Small (Average),Large p/ Small (Median)
large,236,319,215,18,4605347.890002004,86385.0,1,0,257835.91255144033,45391.0,214,18,5656798.908186116,204295.0,21.939530658117842,4.500782093366526
small,459,565,384,72,5553416.762516469,389571.0,1,0,2978434.463414634,1848696.5,383,72,5588666.937562604,373985.0,1.876377340582966,0.20229659113867526
