Type,#Files,#Files Filtered by Language,Total Files,Only Added,Time Average,Time Median,Total Large Files,Only Added Large,Time Large Average,Time Large Median,Total Small Files,Only Added Small,Time Small Average,Time Small Median,Large p/ Small (Average),Large p/ Small (Median)
large,1102,731,559,143,5082320.718685407,316623.5,15,0,1724455.6755760368,603412.0,544,143,6053086.391953104,181687.0,3.5101432166014543,0.30109941466195567
small,1284,941,753,157,7464934.669675478,1059678.0,9,0,3334859.130311615,1251313.0,744,157,7803985.056976744,1030406.0,2.3401243506940954,0.8234598377863892
