Type,#Files,#Files Filtered by Language,Total Files,Only Added,Time Average,Time Median,Total Large Files,Only Added Large,Time Large Average,Time Large Median,Total Small Files,Only Added Small,Time Small Average,Time Small Median,Large p/ Small (Average),Large p/ Small (Median)
large,3180,2736,2089,656,5489829.784689551,75576.0,46,0,1235809.718696398,256964.0,2043,656,5970840.975239203,51985.0,4.831521297257303,0.20230460297940567
small,5118,4636,3593,914,6662594.758542323,170330.0,31,6,2001703.0241477273,36065.0,3562,908,6797199.828116667,177867.0,3.395708427333139,4.931845279356717
