Type,#Files,#Files Filtered by Language,Total Files,Only Added,Time Average,Time Median,Total Large Files,Only Added Large,Time Large Average,Time Large Median,Total Small Files,Only Added Small,Time Small Average,Time Small Median,Large p/ Small (Average),Large p/ Small (Median)
large,1396,1612,1177,112,5066818.9886710085,592456.0,19,0,870057.4121300695,267731.0,1158,112,6048993.972424113,850625.0,6.952407838943642,3.1771628985810385
small,1852,2176,1560,116,5136594.700209758,710029.0,13,1,1024641.0374923171,394158.0,1547,115,5536543.802540726,852431.0,5.403398458537963,2.1626631959772475
