Type,#Files,#Files Filtered by Language,Total Files,Only Added,Time Average,Time Median,Total Large Files,Only Added Large,Time Large Average,Time Large Median,Total Small Files,Only Added Small,Time Small Average,Time Small Median,Large p/ Small (Average),Large p/ Small (Median)
large,572,286,231,62,573456.1109190435,71117.0,11,0,122655.06392045454,49372.5,220,62,881128.3717886573,117956.0,7.183791224144608,2.389103245733961
small,705,368,302,77,916286.7705212702,188097.0,14,2,360434.0279441118,157524.0,288,75,1014447.5826577371,197345.0,2.8145166771408037,1.2527932251593408
