Type,#Files,#Files Filtered by Language,Total Files,Only Added,Time Average,Time Median,Total Large Files,Only Added Large,Time Large Average,Time Large Median,Total Small Files,Only Added Small,Time Small Average,Time Small Median,Large p/ Small (Average),Large p/ Small (Median)
large,11026,10077,6637,1414,4969184.28854485,488742.0,102,11,1183252.88676957,301107.5,6535,1403,5388579.444806781,572537.0,4.554038705553708,1.9014371943574968
small,15323,15362,10241,2519,4645790.934634794,528153.0,109,13,1697460.1994956986,428075.0,10132,2506,4818151.424171479,551810.0,2.838447361300673,1.2890498160369095
