Type,#Files,#Files Filtered by Language,Total Files,Only Added,Time Average,Time Median,Total Large Files,Only Added Large,Time Large Average,Time Large Median,Total Small Files,Only Added Small,Time Small Average,Time Small Median,Large p/ Small (Average),Large p/ Small (Median)
large,162,157,129,14,8009147.486616335,1127327.0,2,0,2512029.418803419,621327.0,127,14,8489119.735820895,1180602.5,3.379387069385758,1.9001306880273994
small,230,241,191,17,10073428.351246538,2404556.0,3,0,8509852.338235294,2184181.0,188,17,10134639.156591825,2430903.0,1.1909300835992491,1.1129585872233116
