Type,#Files,#Files Filtered by Language,Total Files,Only Added,Time Average,Time Median,Total Large Files,Only Added Large,Time Large Average,Time Large Median,Total Small Files,Only Added Small,Time Small Average,Time Small Median,Large p/ Small (Average),Large p/ Small (Median)
large,7072,7241,3793,317,5546909.634310428,2922.0,67,0,2448236.7630597013,60327.5,3726,317,5649993.587822741,2569.0,2.307780715114179,0.04258422775682732
small,4425,3919,2703,661,4912242.736775345,195028.5,4,0,5854611.6875,2025464.0,2699,661,4909400.7985581,191818.0,0.8385527615845146,0.09470323836908481
