Type,#Files,#Files Filtered by Language,Total Files,Only Added,Time Average,Time Median,Total Large Files,Only Added Large,Time Large Average,Time Large Median,Total Small Files,Only Added Small,Time Small Average,Time Small Median,Large p/ Small (Average),Large p/ Small (Median)
large,920,724,602,61,13952564.106940063,3448685.0,2,0,1485254.5572519084,589723.0,600,61,14489983.505100362,3448685.0,9.75589230435384,5.847974387975372
small,1491,1262,956,112,8711834.679912552,1796864.0,2,0,8018114.724137931,2634475.0,954,112,8714431.540467277,1796845.0,1.0868429600081846,0.6820505034209852
