Type,#Files,#Files Filtered by Language,Total Files,Only Added,Time Average,Time Median,Total Large Files,Only Added Large,Time Large Average,Time Large Median,Total Small Files,Only Added Small,Time Small Average,Time Small Median,Large p/ Small (Average),Large p/ Small (Median)
large,2848,2867,2284,645,20139237.5657324,4325802.0,43,8,6837631.467171717,810219.5,2241,637,23427275.02829796,5685053.0,3.426226631367177,7.016682516281082
small,6694,6162,4967,1314,16440023.329488304,2518975.0,43,8,4749892.338560228,673740.0,4924,1306,17249162.637839172,2943291.5,3.6314849702609644,4.368586546739098
