Type,#Files,#Files Filtered by Language,Total Files,Only Added,Time Average,Time Median,Total Large Files,Only Added Large,Time Large Average,Time Large Median,Total Small Files,Only Added Small,Time Small Average,Time Small Median,Large p/ Small (Average),Large p/ Small (Median)
large,6514,2507,1728,636,7318371.176852496,1824.0,123,59,2636432.8964063074,27177.5,1605,577,8350725.791024864,0.0,3.1674334675491442,0.0
small,8205,4157,2900,752,5956644.533765542,3221.0,126,60,3791136.9588932805,12342.0,2774,692,6125037.895785095,3080.0,1.6156203171233186,0.24955436720142601
