Type,#Files,#Files Filtered by Language,Total Files,Only Added,Time Average,Time Median,Total Large Files,Only Added Large,Time Large Average,Time Large Median,Total Small Files,Only Added Small,Time Small Average,Time Small Median,Large p/ Small (Average),Large p/ Small (Median)
large,9962,8140,5867,863,5278612.05777996,344157.5,90,2,690615.2861370025,120165.0,5777,861,6851539.78689661,546133.0,9.920921132836638,4.544859151999335
small,22260,18636,13475,1790,6357603.026114429,602346.0,82,1,1498998.5027091317,351413.0,13393,1789,6631494.9477769835,622162.5,4.423950348043657,1.7704595447521863
