Type,#Files,Total Filtered Files,%% Grew,%% Decreased,%% Zero,Grew Average,Grew Median,Decreased Average,Decreased Median,Zero Total,Total Large Files,%% Large Grew,%% Large Decreased,%% Large Zero,Large Grew Average,Large Grew Median,Large Decreased Average,Large Decreased Median,Large Zero Total,Total Small Files,%% Small Grew,%% Small Decreased,%% Small Zero,Small Grew Average,Small Grew Median,Small Decreased Average,Small Decreased Median,Small Zero Total
large,9230,4698,1.3530135301353015,0.35533688670220037,0.4100041000410004,81.85858585858585,14.0,-33.11538461538461,-4.0,30,4696,1.7818574514038878,0.4679625629949604,0.5399568034557235,81.85858585858585,14.0,-33.11538461538461,-4.0,30,1428,0,0,0,81.85858585858585,14.0,-33.11538461538461,-4.0,30
small,14677,7747,2.865078204940798,1.0744043268527994,1.1182575646835258,69.9515306122449,8.0,-83.07482993197279,-13.0,153,7738,4.120676968359088,1.545253863134658,1.608325449385052,69.9515306122449,8.0,-83.07482993197279,-13.0,153,2707,0,0,0,69.9515306122449,8.0,-83.07482993197279,-13.0,153
