Type,#Files,Total Filtered Files,%% Grew,%% Decreased,%% Zero,Grew Average,Grew Median,Decreased Average,Decreased Median,Zero Total,Total Large Files,%% Large Grew,%% Large Decreased,%% Large Zero,Large Grew Average,Large Grew Median,Large Decreased Average,Large Decreased Median,Large Zero Total,Total Small Files,%% Small Grew,%% Small Decreased,%% Small Zero,Small Grew Average,Small Grew Median,Small Decreased Average,Small Decreased Median,Small Zero Total
large,2119,722,19.783464566929133,4.3799212598425195,9.744094488188976,53.569651741293534,11.0,-21.59550561797753,-5.0,198,722,30.970724191063177,6.8567026194144844,15.254237288135593,53.569651741293534,11.0,-21.59550561797753,-5.0,198,387,0,0,0,53.569651741293534,11.0,-21.59550561797753,-5.0,198
small,2535,1140,10.90974990938746,3.6969916636462488,11.743385284523377,56.28239202657807,8.0,-23.029411764705884,-4.0,324,1140,26.083188908145583,8.838821490467938,28.07625649913345,56.28239202657807,8.0,-23.029411764705884,-4.0,324,565,0,0,0,56.28239202657807,8.0,-23.029411764705884,-4.0,324
