Type,#Files,Total Filtered Files,%% Grew,%% Decreased,%% Zero,Grew Average,Grew Median,Decreased Average,Decreased Median,Zero Total,Total Large Files,%% Large Grew,%% Large Decreased,%% Large Zero,Large Grew Average,Large Grew Median,Large Decreased Average,Large Decreased Median,Large Zero Total,Total Small Files,%% Small Grew,%% Small Decreased,%% Small Zero,Small Grew Average,Small Grew Median,Small Decreased Average,Small Decreased Median,Small Zero Total
large,1042,733,40.88114754098361,9.73360655737705,15.522540983606559,23.954887218045112,7.0,-13.336842105263157,-3.0,606,731,120.36199095022624,28.657616892911008,45.70135746606335,23.954887218045112,7.0,-13.336842105263157,-3.0,606,314,0,0,0,23.954887218045112,7.0,-13.336842105263157,-3.0,606
small,1319,914,40.861917326297274,11.27528583992964,17.00967458223395,24.348687042617303,7.0,-18.379095163806554,-4.0,967,912,215.49165120593693,59.46196660482374,89.70315398886828,24.348687042617303,7.0,-18.379095163806554,-4.0,967,449,0,0,0,24.348687042617303,7.0,-18.379095163806554,-4.0,967
