Type,#Files,Total Filtered Files,%% Grew,%% Decreased,%% Zero,Grew Average,Grew Median,Decreased Average,Decreased Median,Zero Total,Total Large Files,%% Large Grew,%% Large Decreased,%% Large Zero,Large Grew Average,Large Grew Median,Large Decreased Average,Large Decreased Median,Large Zero Total,Total Small Files,%% Small Grew,%% Small Decreased,%% Small Zero,Small Grew Average,Small Grew Median,Small Decreased Average,Small Decreased Median,Small Zero Total
large,1851,580,18.625277161862527,1.662971175166297,2.4390243902439024,46.11309523809524,14.0,-12.8,-5.0,22,575,24.45414847161572,2.1834061135371177,3.2023289665211063,46.11309523809524,14.0,-12.8,-5.0,22,69,0,0,0,46.11309523809524,14.0,-12.8,-5.0,22
small,1944,640,22.814685314685317,2.1853146853146854,3.9335664335664338,46.83141762452107,17.0,-22.24,-7.0,45,635,37.5,3.5919540229885056,6.4655172413793105,46.83141762452107,17.0,-22.24,-7.0,45,102,0,0,0,46.83141762452107,17.0,-22.24,-7.0,45
