Type,#Files,Total Filtered Files,%% Grew,%% Decreased,%% Zero,Grew Average,Grew Median,Decreased Average,Decreased Median,Zero Total,Total Large Files,%% Large Grew,%% Large Decreased,%% Large Zero,Large Grew Average,Large Grew Median,Large Decreased Average,Large Decreased Median,Large Zero Total,Total Small Files,%% Small Grew,%% Small Decreased,%% Small Zero,Small Grew Average,Small Grew Median,Small Decreased Average,Small Decreased Median,Small Zero Total
large,771,191,56.57267672756156,12.231930103256552,22.577442414614772,24.822393822393824,7.0,-26.939935064935064,-5.0,1137,3,324.48747152619586,70.15945330296127,129.498861047836,24.822393822393824,7.0,-26.939935064935064,-5.0,1137,188,0,0,0,24.822393822393824,7.0,-26.939935064935064,-5.0,1137
small,666,432,37.57523645743766,8.899398108340499,17.540842648323302,43.21967963386728,13.0,-19.864734299516908,-6.0,408,0,0.0,0.0,0.0,0.0,0.0,0.0,0.0,0,0,0,0,0,0.0,0.0,0.0,0.0,0
