Type,#Files,Total Filtered Files,%% Grew,%% Decreased,%% Zero,Grew Average,Grew Median,Decreased Average,Decreased Median,Zero Total,Total Large Files,%% Large Grew,%% Large Decreased,%% Large Zero,Large Grew Average,Large Grew Median,Large Decreased Average,Large Decreased Median,Large Zero Total,Total Small Files,%% Small Grew,%% Small Decreased,%% Small Zero,Small Grew Average,Small Grew Median,Small Decreased Average,Small Decreased Median,Small Zero Total
large,299,120,42.33812949640288,13.129496402877697,32.66187050359712,26.723874256584537,8.0,-24.473972602739725,-4.0,908,2,616.2303664921466,191.09947643979058,475.39267015706804,26.723874256584537,8.0,-24.473972602739725,-4.0,908,118,0,0,0,26.723874256584537,8.0,-24.473972602739725,-4.0,908
small,360,207,35.892116182572614,13.921161825726141,37.344398340248965,29.740462427745666,7.0,-21.657228017883757,-3.0,1800,2,848.0392156862745,328.92156862745094,882.3529411764706,29.740462427745666,7.0,-21.657228017883757,-3.0,1800,205,0,0,0,29.740462427745666,7.0,-21.657228017883757,-3.0,1800
