Type,#Files,Total Filtered Files,%% Grew,%% Decreased,%% Zero,Grew Average,Grew Median,Decreased Average,Decreased Median,Zero Total,Total Large Files,%% Large Grew,%% Large Decreased,%% Large Zero,Large Grew Average,Large Grew Median,Large Decreased Average,Large Decreased Median,Large Zero Total,Total Small Files,%% Small Grew,%% Small Decreased,%% Small Zero,Small Grew Average,Small Grew Median,Small Decreased Average,Small Decreased Median,Small Zero Total
large,135,92,44.6606334841629,16.877828054298643,28.235294117647058,71.08915906788248,6.0,-166.69973190348526,-9.0,624,92,75.98152424942263,28.714395688991534,48.03695150115473,71.08915906788248,6.0,-166.69973190348526,-9.0,624,61,0,0,0,71.08915906788248,6.0,-166.69973190348526,-9.0,624
small,591,500,34.62411132960218,18.544849493268796,29.17864165784299,38.939274792485804,6.0,-56.37520391517129,-6.0,1929,500,366.8269230769231,196.47435897435898,309.13461538461536,38.939274792485804,6.0,-56.37520391517129,-6.0,1929,360,0,0,0,38.939274792485804,6.0,-56.37520391517129,-6.0,1929
