Type,#Files,Total Filtered Files,%% Grew,%% Decreased,%% Zero,Grew Average,Grew Median,Decreased Average,Decreased Median,Zero Total,Total Large Files,%% Large Grew,%% Large Decreased,%% Large Zero,Large Grew Average,Large Grew Median,Large Decreased Average,Large Decreased Median,Large Zero Total,Total Small Files,%% Small Grew,%% Small Decreased,%% Small Zero,Small Grew Average,Small Grew Median,Small Decreased Average,Small Decreased Median,Small Zero Total
large,598,162,46.239210850801484,17.13933415536375,16.091245376078913,107.952,12.5,-108.87769784172662,-17.5,261,162,73.96449704142012,27.416173570019726,25.7396449704142,107.952,12.5,-108.87769784172662,-17.5,261,86,0,0,0,107.952,12.5,-108.87769784172662,-17.5,261
small,697,255,38.80149812734082,11.01123595505618,12.808988764044942,118.37644787644787,12.0,-114.4625850340136,-13.0,171,255,104.01606425702812,29.518072289156628,34.33734939759036,118.37644787644787,12.0,-114.4625850340136,-13.0,171,130,0,0,0,118.37644787644787,12.0,-114.4625850340136,-13.0,171
