Type,#Files,Total Filtered Files,%% Grew,%% Decreased,%% Zero,Grew Average,Grew Median,Decreased Average,Decreased Median,Zero Total,Total Large Files,%% Large Grew,%% Large Decreased,%% Large Zero,Large Grew Average,Large Grew Median,Large Decreased Average,Large Decreased Median,Large Zero Total,Total Small Files,%% Small Grew,%% Small Decreased,%% Small Zero,Small Grew Average,Small Grew Median,Small Decreased Average,Small Decreased Median,Small Zero Total
large,269,220,23.684210526315788,12.105263157894736,6.140350877192982,26.755555555555556,10.0,-20.608695652173914,-7.0,35,218,44.11764705882353,22.54901960784314,11.437908496732026,26.755555555555556,10.0,-20.608695652173914,-7.0,35,90,0,0,0,26.755555555555556,10.0,-20.608695652173914,-7.0,35
small,290,227,23.98753894080997,12.92834890965732,9.190031152647975,23.59090909090909,8.0,-16.40963855421687,-5.0,59,225,51.67785234899329,27.85234899328859,19.798657718120804,23.59090909090909,8.0,-16.40963855421687,-5.0,59,95,0,0,0,23.59090909090909,8.0,-16.40963855421687,-5.0,59
