Type,#Files,Total Filtered Files,%% Grew,%% Decreased,%% Zero,Grew Average,Grew Median,Decreased Average,Decreased Median,Zero Total,Total Large Files,%% Large Grew,%% Large Decreased,%% Large Zero,Large Grew Average,Large Grew Median,Large Decreased Average,Large Decreased Median,Large Zero Total,Total Small Files,%% Small Grew,%% Small Decreased,%% Small Zero,Small Grew Average,Small Grew Median,Small Decreased Average,Small Decreased Median,Small Zero Total
large,1649,828,36.23297515570461,19.71117651084799,29.053452877968656,26.58292406497922,7.0,-18.948958333333334,-5.0,4245,828,192.50909090909093,104.72727272727273,154.36363636363637,26.58292406497922,7.0,-18.948958333333334,-5.0,4245,706,0,0,0,26.58292406497922,7.0,-18.948958333333334,-5.0,4245
small,2377,1392,32.5174523830044,16.909419977592,34.74532448504697,22.3829843625762,5.0,-16.44138634046891,-4.0,8063,3,2410.8626198083066,1253.6741214057508,2576.038338658147,22.3829843625762,5.0,-16.44138634046891,-4.0,8063,1389,0,0,0,22.3829843625762,5.0,-16.44138634046891,-4.0,8063
