Type,#Files,Total Filtered Files,%% Grew,%% Decreased,%% Zero,Grew Average,Grew Median,Decreased Average,Decreased Median,Zero Total,Total Large Files,%% Large Grew,%% Large Decreased,%% Large Zero,Large Grew Average,Large Grew Median,Large Decreased Average,Large Decreased Median,Large Zero Total,Total Small Files,%% Small Grew,%% Small Decreased,%% Small Zero,Small Grew Average,Small Grew Median,Small Decreased Average,Small Decreased Median,Small Zero Total
large,9514,1240,34.74798016893133,20.916727873668748,37.54820051413882,114.44520774159456,8.0,-126.66641062218808,-11.0,16359,1215,74.68304474372256,44.95584825612944,80.70149474618914,114.44520774159456,8.0,-126.66641062218808,-11.0,16359,754,0,0,0,114.44520774159456,8.0,-126.66641062218808,-11.0,16359
small,25210,2543,26.731483373192805,17.325048973067815,47.65109543438811,57.985388661601405,7.0,-47.648376803551606,-7.0,39650,2445,251.36173578935473,162.91106339699402,448.07322861340265,57.985388661601405,7.0,-47.648376803551606,-7.0,39650,2085,0,0,0,57.985388661601405,7.0,-47.648376803551606,-7.0,39650
