Type,#Files,Total Filtered Files,%% Grew,%% Decreased,%% Zero,Grew Average,Grew Median,Decreased Average,Decreased Median,Zero Total,Total Large Files,%% Large Grew,%% Large Decreased,%% Large Zero,Large Grew Average,Large Grew Median,Large Decreased Average,Large Decreased Median,Large Zero Total,Total Small Files,%% Small Grew,%% Small Decreased,%% Small Zero,Small Grew Average,Small Grew Median,Small Decreased Average,Small Decreased Median,Small Zero Total
large,2412,1312,46.281200100848814,19.86721573241449,15.286998907471217,39.545850735427635,8.0,-52.36125211505922,-9.0,1819,1304,89.22553467271548,38.30200907323396,29.471808165910563,39.545850735427635,8.0,-52.36125211505922,-9.0,1819,501,0,0,0,39.545850735427635,8.0,-52.36125211505922,-9.0,1819
small,5230,3432,37.35119589355273,15.133423131530089,23.142451490771414,25.196978557504874,6.0,-32.92638922299735,-6.0,6357,3359,239.77564851600843,97.14886655760692,148.5627483056789,25.196978557504874,6.0,-32.92638922299735,-6.0,6357,1764,0,0,0,25.196978557504874,6.0,-32.92638922299735,-6.0,6357
