Type,#Files,Total Filtered Files,%% Grew,%% Decreased,%% Zero,Grew Average,Grew Median,Decreased Average,Decreased Median,Zero Total,Total Large Files,%% Large Grew,%% Large Decreased,%% Large Zero,Large Grew Average,Large Grew Median,Large Decreased Average,Large Decreased Median,Large Zero Total,Total Small Files,%% Small Grew,%% Small Decreased,%% Small Zero,Small Grew Average,Small Grew Median,Small Decreased Average,Small Decreased Median,Small Zero Total
large,173,144,45.9426329982839,18.50943858788919,25.545476832557,24.310032017075773,8.0,-20.221192052980133,-5.0,1042,2,201.28893662728248,81.09559613319011,111.92266380236305,24.310032017075773,8.0,-20.221192052980133,-5.0,1042,142,0,0,0,24.310032017075773,8.0,-20.221192052980133,-5.0,1042
small,274,179,38.328303372260855,19.131347592179505,35.67773258102611,17.499486477233823,6.0,-15.263374485596708,-3.0,2719,1,2562.280701754386,1278.9473684210525,2385.0877192982457,17.499486477233823,6.0,-15.263374485596708,-3.0,2719,178,0,0,0,17.499486477233823,6.0,-15.263374485596708,-3.0,2719
