language,total,large files p/ project,large files total,small files total,small proportion,small files p/ project,files available,files missing
C,192.0,1.0,874.0,9504.0,0.0011441647597254005,11,191.0,0.0
C++,1979.0,17.0,434.0,8510.0,0.03917050691244239,334,1962.0,0.0
JavaScript,5.0,1.0,1579.0,9941.0,0.0006333122229259025,7,4.0,3.0
Python,3614.0,132.0,562.0,8911.0,0.23487544483985764,2093,3482.0,0.0
