language,total,large files p/ project,large files total,small files total,small proportion,small files p/ project,files available,files missing
Dart,1610.0,1.0,394.0,8345.0,0.0025380710659898475,22,1609.0,0.0
Rust,718.0,2.0,487.0,8701.0,0.004106776180698152,36,716.0,0.0
TypeScript,1103.0,2.0,899.0,9484.0,0.002224694104560623,22,1101.0,0.0
