language,total,large files p/ project,large files total,small files total,small proportion,small files p/ project,files available,files missing
C++,648.0,24.0,434.0,8510.0,0.055299539170506916,471,624.0,0.0
Dart,23044.0,231.0,394.0,8345.0,0.5862944162436549,4893,22813.0,0.0
JavaScript,26.0,5.0,1579.0,9941.0,0.0031665611146295125,32,21.0,11.0
Python,137.0,2.0,562.0,8911.0,0.0035587188612099642,32,135.0,0.0
