language,total,large files p/ project,large files total,small files total,small proportion,small files p/ project,files available,files missing
C++,1576.0,9.0,434.0,8510.0,0.020737327188940093,177,1567.0,0.0
Dart,5982.0,127.0,394.0,8345.0,0.3223350253807107,2690,5855.0,0.0
Java,292.0,6.0,1027.0,9612.0,0.005842259006815969,57,286.0,0.0
