Type,Added Average,Added Median,Added Max,Deleted Average,Deleted Median,Deleted Min,Zero Count
large,28.615833637358627,9.0,6452,-35.47764095917045,-4.0,-7872,7058
small,17.32187544944628,5.0,6452,-27.82021857923497,-2.0,-7872,7956
