Type,Added Average,Added Median,Added Max,Deleted Average,Deleted Median,Deleted Min,Zero Count
large,39.789887640449436,8.0,16772,-20.044776119402986,-4.0,-5078,893
small,43.56759176365264,5.0,16775,-10.93853427895981,-2.0,-1501,730
