Type,Added Average,Added Median,Added Max,Deleted Average,Deleted Median,Deleted Min,Zero Count
large,56.122317596566525,12.0,6706,-294.2077922077922,-5.0,-6675,919
small,46.26288659793814,8.0,10787,-10.21311475409836,-5.0,-94,721
