Type,Added Average,Added Median,Added Max,Deleted Average,Deleted Median,Deleted Min,Zero Count
large,20.915156189741612,4.0,3585,-21.110735418427726,-4.0,-1226,2694
small,18.15501968503937,4.0,2154,-18.426992896606155,-3.0,-2079,2470
