Type,Added Average,Added Median,Added Max,Deleted Average,Deleted Median,Deleted Min,Zero Count
large,20.228577306861435,6.0,2199,-20.025782688766114,-5.0,-4836,6086
small,18.520903081809596,5.0,2146,-19.36738993048241,-4.0,-11171,7415
