Type,Added Average,Added Median,Added Max,Deleted Average,Deleted Median,Deleted Min,Zero Count
large,23.1254493673841,6.0,7273,-16.094890510948904,-3.0,-7273,19306
small,17.947730398899587,4.0,7273,-13.840056474384832,-3.0,-7273,17158
