Type,Added Average,Added Median,Added Max,Deleted Average,Deleted Median,Deleted Min,Zero Count
large,24.576403113478083,6.0,1282,-24.964912280701753,-4.0,-2601,1205
small,26.803523035230352,5.0,7318,-21.891625615763548,-4.0,-3551,3195
