Type,Added Average,Added Median,Added Max,Deleted Average,Deleted Median,Deleted Min,Zero Count
large,15.69412795793164,6.0,2050,-23.80066445182724,-5.0,-928,1286
small,59.95406360424028,6.0,10358,-71.20270270270271,-3.0,-1438,464
