Type,Added Average,Added Median,Added Max,Deleted Average,Deleted Median,Deleted Min,Zero Count
large,27.04089376053963,7.0,20044,-25.66029411764706,-5.0,-2009,1368
small,17.5,4.0,5372,-20.52784222737819,-4.0,-2009,1553
