Type,Added Average,Added Median,Added Max,Deleted Average,Deleted Median,Deleted Min,Zero Count
large,21.17440780306549,8.0,3739,-12.677142857142858,-4.0,-1218,4105
small,23.72228381374723,7.0,1487,-12.652941176470588,-4.0,-1102,2129
