Type,Added Average,Added Median,Added Max,Deleted Average,Deleted Median,Deleted Min,Zero Count
large,20.219924812030076,5.0,3009,-32.869346733668344,-3.0,-3074,370
small,15.589285714285714,3.0,1319,-4.888888888888889,-5.0,-14,98
