Type,Added Average,Added Median,Added Max,Deleted Average,Deleted Median,Deleted Min,Zero Count
large,78.84296028880867,7.0,60423,-132.14712153518124,-3.0,-60271,1985
small,42.55859487474805,5.0,15271,-55.105169340463455,-3.0,-19011,3157
