Type,Added Average,Added Median,Added Max,Deleted Average,Deleted Median,Deleted Min,Zero Count
large,93.88729792147807,4.0,63505,-30.235489220563846,-5.0,-5527,2184
small,82.30205761316873,3.0,63505,-23.926944971537,-8.0,-5527,2521
