Type,Added Average,Added Median,Added Max,Deleted Average,Deleted Median,Deleted Min,Zero Count
large,17.607251908396947,6.0,1732,-16.526146220570013,-4.0,-2231,4102
small,17.84893290556563,6.0,1696,-20.378598429776098,-4.0,-6145,3603
