Type,Added Average,Added Median,Added Max,Deleted Average,Deleted Median,Deleted Min,Zero Count
large,39.23526597017306,6.0,36261,-69.47991487097633,-4.0,-36930,14538
small,31.08928723858301,4.0,35589,-25.742361684558215,-3.0,-35589,18102
