Type,Added Average,Added Median,Added Max,Deleted Average,Deleted Median,Deleted Min,Zero Count
large,37.01489457062153,7.0,27690,-39.18220717998308,-6.0,-44995,59471
small,33.38551419510722,7.0,18843,-34.90218798412597,-5.0,-10849,75211
