Type,Added Average,Added Median,Added Max,Deleted Average,Deleted Median,Deleted Min,Zero Count
large,14.575901328273245,4.0,2229,-9.717857142857143,-3.0,-552,1322
small,10.558389261744967,2.0,664,-5.946691176470588,-2.0,-241,1248
