Type,Added Average,Added Median,Added Max,Deleted Average,Deleted Median,Deleted Min,Zero Count
large,45.78496868475992,6.0,23236,-38.99840848806366,-2.0,-20664,17337
small,48.23309123921925,6.0,23236,-40.323582358235825,-3.0,-20664,17626
