Type,Added Average,Added Median,Added Max,Deleted Average,Deleted Median,Deleted Min,Zero Count
large,24.330815709969787,6.0,14168,-16.551744885679902,-3.0,-1908,2552
small,24.61195568152538,5.0,14168,-13.531234628627644,-3.0,-1160,3162
