Type,Added Average,Added Median,Added Max,Deleted Average,Deleted Median,Deleted Min,Zero Count
large,16.781710914454276,5.0,2399,-21.017045454545453,-4.0,-1684,688
small,16.79271070615034,5.0,1155,-19.6158940397351,-5.0,-1684,721
