Type,Added Average,Added Median,Added Max,Deleted Average,Deleted Median,Deleted Min,Zero Count
large,30.61866125760649,6.0,2247,-62.2984886649874,-5.0,-3475,7559
small,27.186122448979592,5.0,2247,-37.888426888426885,-4.0,-3475,9000
