Type,Added Average,Added Median,Added Max,Deleted Average,Deleted Median,Deleted Min,Zero Count
large,35.99984954110035,6.0,28684,-99.2828474062855,-4.0,-144252,13647
small,37.71995898838004,5.0,24920,-83.91656171284635,-4.0,-37659,13826
