Type,Added Average,Added Median,Added Max,Deleted Average,Deleted Median,Deleted Min,Zero Count
large,16.426551373346896,5.0,6464,-15.012729844413013,-3.0,-6422,5716
small,14.875306823760432,4.0,1261,-9.100877192982455,-2.0,-553,2836
