Type,Commits Amount,70% Threshould Large,70% Threshould Small,70% Threshould Flex,Large Files,Large Mean,Large Median,Large Min,Large Max,Commits Large Mean,Commits Large Median,Authors Large Mean,Authors Large Median,Small Files,Small Mean,Small Median,Small Min,Small Max,Commits Small Mean,Commits Small Median,Authors Small Mean,Authors Small Median
large,2517,4,1,1,55,3.1818181818181817,3.0,1,15,67.67272727272727,35.0,12.50909090909091,9.0,6710,1.282414307004471,1.0,1,20,3.790909090909091,1.0,1.934128166915052,1.0
small,2946,0,1,1,51,2.8627450980392157,2.0,1,11,42.86274509803921,27.0,9.686274509803921,7.0,7372,1.3667932718393923,1.0,1,19,4.411692892023874,1.0,2.1539609332609877,1.0
