Type,Commits Amount,70% Threshould Large,70% Threshould Small,70% Threshould Flex,Large Files,Large Mean,Large Median,Large Min,Large Max,Commits Large Mean,Commits Large Median,Authors Large Mean,Authors Large Median,Small Files,Small Mean,Small Median,Small Min,Small Max,Commits Small Mean,Commits Small Median,Authors Small Mean,Authors Small Median
large,1586,34,1,1,29,15.172413793103448,15.0,3,36,77.58620689655173,71.0,37.62068965517241,39.0,1898,2.802950474183351,1.0,1,26,7.258693361433087,4.0,4.762381454162276,3.0
small,2399,0,1,1,33,11.515151515151516,10.0,1,26,42.515151515151516,36.0,24.03030303030303,26.0,2572,3.1395800933125972,1.0,1,36,8.685069984447901,4.0,5.406298600311042,2.0
