Type,Commits Amount,70% Threshould Large,70% Threshould Small,70% Threshould Flex,Large Files,Large Mean,Large Median,Large Min,Large Max,Commits Large Mean,Commits Large Median,Authors Large Mean,Authors Large Median,Small Files,Small Mean,Small Median,Small Min,Small Max,Commits Small Mean,Commits Small Median,Authors Small Mean,Authors Small Median
large,4444,7,1,1,181,3.546961325966851,3.0,1,12,44.79558011049724,19.0,11.187845303867404,8.0,8404,1.4225368871965731,1.0,1,11,3.5523560209424083,1.0,2.1291051880057115,1.0
small,5441,4,1,1,180,3.188888888888889,3.0,1,12,38.31111111111111,15.5,9.672222222222222,7.0,9880,1.4634615384615384,1.0,1,10,4.014068825910932,1.0,2.2969635627530365,1.0
