Type,Commits Amount,70% Threshould Large,70% Threshould Small,70% Threshould Flex,Large Files,Large Mean,Large Median,Large Min,Large Max,Commits Large Mean,Commits Large Median,Authors Large Mean,Authors Large Median,Small Files,Small Mean,Small Median,Small Min,Small Max,Commits Small Mean,Commits Small Median,Authors Small Mean,Authors Small Median
large,1703,23,1,2,9,12.777777777777779,9.0,1,34,250.44444444444446,186.0,66.22222222222223,58.0,232,2.163793103448276,1.0,1,13,10.318965517241379,3.0,4.525862068965517,2.0
small,1638,1,1,1,9,8.444444444444445,8.0,1,14,128.88888888888889,113.0,37.111111111111114,36.0,262,2.366412213740458,1.0,1,11,14.01908396946565,4.0,5.431297709923665,2.0
