Type,Commits Amount,70% Threshould Large,70% Threshould Small,70% Threshould Flex,Large Files,Large Mean,Large Median,Large Min,Large Max,Commits Large Mean,Commits Large Median,Authors Large Mean,Authors Large Median,Small Files,Small Mean,Small Median,Small Min,Small Max,Commits Small Mean,Commits Small Median,Authors Small Mean,Authors Small Median
large,4179,4,1,1,71,2.6901408450704225,3.0,1,9,98.50704225352112,68.0,14.549295774647888,12.0,3830,1.4908616187989556,1.0,1,7,6.629503916449086,3.0,2.5989556135770235,2.0
small,3760,4,1,1,81,2.259259259259259,2.0,1,6,56.22222222222222,37.0,9.617283950617283,8.0,4431,1.4913112164296998,1.0,1,8,6.635522455427669,3.0,2.6012186865267433,2.0
