Type,Commits Amount,70% Threshould Large,70% Threshould Small,70% Threshould Flex,Large Files,Large Mean,Large Median,Large Min,Large Max,Commits Large Mean,Commits Large Median,Authors Large Mean,Authors Large Median,Small Files,Small Mean,Small Median,Small Min,Small Max,Commits Small Mean,Commits Small Median,Authors Small Mean,Authors Small Median
large,2580,2,1,1,17,3.4705882352941178,4.0,1,5,172.8235294117647,201.0,14.411764705882353,16.0,505,1.9069306930693068,1.0,1,5,23.26930693069307,5.0,4.546534653465346,2.0
small,4628,1,2,1,17,3.4705882352941178,4.0,1,5,117.94117647058823,119.0,12.764705882352942,15.0,540,2.087037037037037,1.0,1,12,35.31111111111111,6.0,5.54074074074074,2.0
