Type,Commits Amount,70% Threshould Large,70% Threshould Small,70% Threshould Flex,Large Files,Large Mean,Large Median,Large Min,Large Max,Commits Large Mean,Commits Large Median,Authors Large Mean,Authors Large Median,Small Files,Small Mean,Small Median,Small Min,Small Max,Commits Small Mean,Commits Small Median,Authors Small Mean,Authors Small Median
large,817,4,1,1,17,2.7058823529411766,3.0,1,5,68.6470588235294,38.0,15.058823529411764,10.0,1267,1.3433307024467245,1.0,1,6,3.9337016574585637,2.0,2.1696921862667717,1.0
small,849,2,1,1,17,2.823529411764706,3.0,1,7,47.94117647058823,35.0,11.764705882352942,10.0,1422,1.39803094233474,1.0,1,6,4.286919831223629,2.0,2.290436005625879,2.0
