Type,Commits Amount,70% Threshould Large,70% Threshould Small,70% Threshould Flex,Large Files,Large Mean,Large Median,Large Min,Large Max,Commits Large Mean,Commits Large Median,Authors Large Mean,Authors Large Median,Small Files,Small Mean,Small Median,Small Min,Small Max,Commits Small Mean,Commits Small Median,Authors Small Mean,Authors Small Median
large,10961,9,1,1,212,5.900943396226415,6.0,1,16,88.52830188679245,38.5,20.08490566037736,16.0,12935,1.8210282180131427,1.0,1,13,4.789949748743719,2.0,2.968689601855431,2.0
small,7763,1,1,1,201,5.313432835820896,5.0,1,14,39.298507462686565,21.0,13.616915422885572,11.0,13764,1.865954664341761,1.0,1,13,5.086312118570183,3.0,3.088055797733217,2.0
