Type,Commits Amount,70% Threshould Large,70% Threshould Small,70% Threshould Flex,Large Files,Large Mean,Large Median,Large Min,Large Max,Commits Large Mean,Commits Large Median,Authors Large Mean,Authors Large Median,Small Files,Small Mean,Small Median,Small Min,Small Max,Commits Small Mean,Commits Small Median,Authors Small Mean,Authors Small Median
large,18105,15,1,1,327,3.3577981651376145,1.0,1,32,129.06727828746176,60.0,20.165137614678898,7.0,51532,1.1624427540169215,1.0,1,19,5.069354963905923,2.0,1.6234184584335947,1.0
small,10940,1,1,1,312,1.689102564102564,1.0,1,21,74.30128205128206,43.5,10.743589743589743,4.0,51682,1.1549475639487636,1.0,1,15,4.941140048759723,2.0,1.5904183274641075,1.0
