Type,Commits Amount,70% Threshould Large,70% Threshould Small,70% Threshould Flex,Large Files,Large Mean,Large Median,Large Min,Large Max,Commits Large Mean,Commits Large Median,Authors Large Mean,Authors Large Median,Small Files,Small Mean,Small Median,Small Min,Small Max,Commits Small Mean,Commits Small Median,Authors Small Mean,Authors Small Median
large,6491,21,1,1,72,3.3194444444444446,1.0,1,13,105.16666666666667,1.0,15.680555555555555,1.0,18970,1.0928307854507116,1.0,1,9,1.8188191881918818,1.0,1.280284659989457,1.0
small,4844,5,1,1,59,2.7288135593220337,2.0,1,9,42.559322033898304,8.0,9.271186440677965,3.0,19138,1.1197617305883583,1.0,1,10,2.0943672275054865,1.0,1.3614275263872924,1.0
