Type,Commits Amount,70% Threshould Large,70% Threshould Small,70% Threshould Flex,Large Files,Large Mean,Large Median,Large Min,Large Max,Commits Large Mean,Commits Large Median,Authors Large Mean,Authors Large Median,Small Files,Small Mean,Small Median,Small Min,Small Max,Commits Small Mean,Commits Small Median,Authors Small Mean,Authors Small Median
large,15881,31,4,2,148,16.945945945945947,16.5,1,64,157.3310810810811,108.5,55.891891891891895,48.0,4857,3.215359275272802,2.0,1,42,9.033148033765698,4.0,5.6841671813876875,3.0
small,20787,9,5,1,149,13.825503355704697,14.0,1,61,82.21476510067114,61.0,35.919463087248324,32.0,6992,3.3074942791762014,1.0,1,49,10.640017162471397,3.0,6.1182780320366135,2.0
