Type,Commits Amount,70% Threshould Large,70% Threshould Small,70% Threshould Flex,Large Files,Large Mean,Large Median,Large Min,Large Max,Commits Large Mean,Commits Large Median,Authors Large Mean,Authors Large Median,Small Files,Small Mean,Small Median,Small Min,Small Max,Commits Small Mean,Commits Small Median,Authors Small Mean,Authors Small Median
large,4505,30,1,1,188,2.8085106382978724,1.0,1,15,28.340425531914892,5.0,7.159574468085107,3.0,11370,2.164028144239226,1.0,0,12,5.110905892700088,2.0,3.444503078276165,1.0
small,6770,0,2,1,162,2.623456790123457,1.0,1,11,8.74074074074074,3.0,4.746913580246914,2.0,12332,2.414855660071359,1.0,0,14,6.648232241323386,2.0,4.019704832954914,2.0
