Type,Commits Amount,70% Threshould Large,70% Threshould Small,70% Threshould Flex,Large Files,Large Mean,Large Median,Large Min,Large Max,Commits Large Mean,Commits Large Median,Authors Large Mean,Authors Large Median,Small Files,Small Mean,Small Median,Small Min,Small Max,Commits Small Mean,Commits Small Median,Authors Small Mean,Authors Small Median
large,2855,6,2,1,59,6.47457627118644,5.0,1,22,69.55932203389831,37.0,21.864406779661017,16.0,2536,2.809148264984227,2.0,1,18,7.604889589905363,5.0,4.8765772870662465,3.0
small,4030,0,1,1,55,6.127272727272727,5.0,1,19,44.236363636363635,25.0,16.945454545454545,13.0,2449,3.3952633728052266,3.0,1,26,11.323397305022459,8.0,6.443854634544712,5.0
