Type,Commits Amount,70% Threshould Large,70% Threshould Small,70% Threshould Flex,Large Files,Large Mean,Large Median,Large Min,Large Max,Commits Large Mean,Commits Large Median,Authors Large Mean,Authors Large Median,Small Files,Small Mean,Small Median,Small Min,Small Max,Commits Small Mean,Commits Small Median,Authors Small Mean,Authors Small Median
large,29683,12,3,1,395,2.939240506329114,2.0,1,11,99.50632911392405,27.0,12.50126582278481,7.0,12330,1.3682887266828874,1.0,1,12,5.345498783454988,2.0,2.1958637469586373,1.0
small,19421,8,4,1,363,2.8512396694214877,2.0,1,14,43.710743801652896,17.0,8.584022038567493,6.0,13509,1.4355614775334962,1.0,1,12,5.908875564438523,2.0,2.398475090680287,1.0
