Type,#Files,Total Filtered Files,%% Grew,%% Decreased,%% Zero,Grew Average,Grew Median,Decreased Average,Decreased Median,Zero Total,Total Large Files,%% Large Grew,%% Large Decreased,%% Large Zero,Large Grew Average,Large Grew Median,Large Decreased Average,Large Decreased Median,Large Zero Total,Total Small Files,%% Small Grew,%% Small Decreased,%% Small Zero,Small Grew Average,Small Grew Median,Small Decreased Average,Small Decreased Median,Small Zero Total
large,238,201,6.321839080459771,5.459770114942529,4.597701149425287,36.72727272727273,17.5,-8.052631578947368,-2.0,16,201,9.205020920502092,7.949790794979079,6.694560669456067,36.72727272727273,17.5,-8.052631578947368,-2.0,16,51,0,0,0,36.72727272727273,17.5,-8.052631578947368,-2.0,16
small,625,450,19.33895921237693,8.649789029535865,10.618846694796062,16.036363636363635,7.0,-11.902439024390244,-3.0,151,450,56.0081466395112,25.050916496945007,30.75356415478615,16.036363636363635,7.0,-11.902439024390244,-3.0,151,245,0,0,0,16.036363636363635,7.0,-11.902439024390244,-3.0,151
