Type,#Files,Total Filtered Files,%% Grew,%% Decreased,%% Zero,Grew Average,Grew Median,Decreased Average,Decreased Median,Zero Total,Total Large Files,%% Large Grew,%% Large Decreased,%% Large Zero,Large Grew Average,Large Grew Median,Large Decreased Average,Large Decreased Median,Large Zero Total,Total Small Files,%% Small Grew,%% Small Decreased,%% Small Zero,Small Grew Average,Small Grew Median,Small Decreased Average,Small Decreased Median,Small Zero Total
large,720,323,31.060606060606062,8.1267217630854,11.707988980716253,15.414634146341463,6.0,-17.720338983050848,-3.0,170,323,87.06563706563706,22.779922779922778,32.818532818532816,15.414634146341463,6.0,-17.720338983050848,-3.0,170,220,0,0,0,15.414634146341463,6.0,-17.720338983050848,-3.0,170
small,754,346,31.648936170212767,9.946808510638299,15.265957446808512,13.391596638655463,5.0,-13.828877005347593,-3.0,287,346,116.43835616438356,36.59491193737769,56.16438356164384,13.391596638655463,5.0,-13.828877005347593,-3.0,287,254,0,0,0,13.391596638655463,5.0,-13.828877005347593,-3.0,287
