Type,#Files,Total Filtered Files,%% Grew,%% Decreased,%% Zero,Grew Average,Grew Median,Decreased Average,Decreased Median,Zero Total,Total Large Files,%% Large Grew,%% Large Decreased,%% Large Zero,Large Grew Average,Large Grew Median,Large Decreased Average,Large Decreased Median,Large Zero Total,Total Small Files,%% Small Grew,%% Small Decreased,%% Small Zero,Small Grew Average,Small Grew Median,Small Decreased Average,Small Decreased Median,Small Zero Total
large,149,136,21.13095238095238,5.952380952380952,6.845238095238096,13.225352112676056,5.0,-5.9,-3.5,23,136,49.65034965034965,13.986013986013987,16.083916083916083,13.225352112676056,5.0,-5.9,-3.5,23,49,0,0,0,13.225352112676056,5.0,-5.9,-3.5,23
small,322,269,13.28358208955224,4.626865671641791,6.7164179104477615,26.910112359550563,9.0,-10.32258064516129,-4.0,45,269,29.568106312292358,10.299003322259136,14.950166112956811,26.910112359550563,9.0,-10.32258064516129,-4.0,45,141,0,0,0,26.910112359550563,9.0,-10.32258064516129,-4.0,45
