Type,#Files,Total Filtered Files,%% Grew,%% Decreased,%% Zero,Grew Average,Grew Median,Decreased Average,Decreased Median,Zero Total,Total Large Files,%% Large Grew,%% Large Decreased,%% Large Zero,Large Grew Average,Large Grew Median,Large Decreased Average,Large Decreased Median,Large Zero Total,Total Small Files,%% Small Grew,%% Small Decreased,%% Small Zero,Small Grew Average,Small Grew Median,Small Decreased Average,Small Decreased Median,Small Zero Total
large,122,112,34.6839546191248,8.26580226904376,14.424635332252835,22.214953271028037,11.5,-56.98039215686274,-8.0,89,112,72.2972972972973,17.22972972972973,30.067567567567565,22.214953271028037,11.5,-56.98039215686274,-8.0,89,74,0,0,0,22.214953271028037,11.5,-56.98039215686274,-8.0,89
small,172,161,28.121059268600252,6.431273644388398,14.24968474148802,19.609865470852018,7.0,-59.27450980392157,-6.0,113,161,96.95652173913044,22.17391304347826,49.130434782608695,19.609865470852018,7.0,-59.27450980392157,-6.0,113,129,0,0,0,19.609865470852018,7.0,-59.27450980392157,-6.0,113
