Type,#Files,Total Filtered Files,%% Grew,%% Decreased,%% Zero,Grew Average,Grew Median,Decreased Average,Decreased Median,Zero Total,Total Large Files,%% Large Grew,%% Large Decreased,%% Large Zero,Large Grew Average,Large Grew Median,Large Decreased Average,Large Decreased Median,Large Zero Total,Total Small Files,%% Small Grew,%% Small Decreased,%% Small Zero,Small Grew Average,Small Grew Median,Small Decreased Average,Small Decreased Median,Small Zero Total
large,151,132,13.068181818181818,6.8181818181818175,3.977272727272727,27.369565217391305,11.0,-32.208333333333336,-4.0,14,132,28.39506172839506,14.814814814814813,8.641975308641975,27.369565217391305,11.0,-32.208333333333336,-4.0,14,80,0,0,0,27.369565217391305,11.0,-32.208333333333336,-4.0,14
small,611,479,12.410071942446043,5.39568345323741,6.025179856115108,18.369565217391305,5.5,-11.85,-4.0,67,479,27.655310621242485,12.024048096192384,13.426853707414828,18.369565217391305,5.5,-11.85,-4.0,67,214,0,0,0,18.369565217391305,5.5,-11.85,-4.0,67
