language,total,large files p/ project,large files total,small files total,small proportion,small files p/ project,files available,files missing
Java,1182.0,8.0,1117.0,9686.0,0.007162041181736795,70,1174.0,0.0
JavaScript,38.0,2.0,1671.0,9976.0,0.0011968880909634949,12,36.0,0.0
Python,1198.0,16.0,570.0,8935.0,0.028070175438596492,251,1182.0,0.0
Scala,5132.0,172.0,568.0,8926.0,0.3028169014084507,2703,4960.0,0.0
