Type,#Files,#Files Filtered by Language,Total Files,Only Added,Time Average,Time Median,Total Large Files,Only Added Large,Time Large Average,Time Large Median,Total Small Files,Only Added Small,Time Small Average,Time Small Median,Large p/ Small (Average),Large p/ Small (Median)
large,240,134,134,22,9599616.858524788,4823803.0,3,0,2541597.860262009,414189.5,131,22,10733852.894035088,5847416.0,4.223269566700278,14.117731135144663
small,375,251,251,35,9803542.27874885,3195989.0,2,0,6793622.568493151,2525970.5,249,35,9886629.493287956,3219539.0,1.455280948214473,1.2745750593682705
