Type,#Files,#Files Filtered by Language,Total Files,Only Added,Time Average,Time Median,Total Large Files,Only Added Large,Time Large Average,Time Large Median,Total Small Files,Only Added Small,Time Small Average,Time Small Median,Large p/ Small (Average),Large p/ Small (Median)
large,35,12,12,1,1691205.0463576159,323381.0,2,0,31073817.5,23500200.5,10,1,891678.1768707483,294012.0,0.02869548219721469,0.012511042193022992
small,71,36,35,4,5711524.184782608,548675.5,3,0,10292467.5,1200180.0,32,4,5466740.954198473,537471.0,0.5311399772890683,0.44782532620106985
