Type,#Files,#Files Filtered by Language,Total Files,Only Added,Time Average,Time Median,Total Large Files,Only Added Large,Time Large Average,Time Large Median,Total Small Files,Only Added Small,Time Small Average,Time Small Median,Large p/ Small (Average),Large p/ Small (Median)
large,737,725,720,231,11503207.733597534,1222547.0,6,0,1464713.6503579952,120941.0,714,231,13774335.71463283,2434811.5,9.404115071410853,20.13222563067942
small,1799,1789,1782,38,16650561.147144949,5407711.5,3,0,3381819.121212121,586162.0,1779,38,16831065.923654053,5440025.0,4.976926713224513,9.280753443587267
