Type,#Files,#Files Filtered by Language,Total Files,Only Added,Time Average,Time Median,Total Large Files,Only Added Large,Time Large Average,Time Large Median,Total Small Files,Only Added Small,Time Small Average,Time Small Median,Large p/ Small (Average),Large p/ Small (Median)
large,163,148,147,26,12223562.114872364,1573010.0,5,0,2037611.9213872831,425677.0,142,26,21626813.894343648,5700755.0,10.613804163267408,13.39220817662218
small,401,337,335,78,11807759.273101462,2949809.0,4,0,5035147.079754601,2059201.0,331,78,12294825.581292743,3107066.0,2.4418006835843924,1.5088697023748532
