Type,#Files,#Files Filtered by Language,Total Files,Only Added,Time Average,Time Median,Total Large Files,Only Added Large,Time Large Average,Time Large Median,Total Small Files,Only Added Small,Time Small Average,Time Small Median,Large p/ Small (Average),Large p/ Small (Median)
large,686,655,650,216,1900915.8757826197,268930.0,6,0,194413.8245329001,48397.0,644,216,2661489.3823316437,662101.0,13.689815468247463,13.680620699630142
small,973,912,903,254,2134234.4362792186,429463.0,5,0,427515.4218181818,83661.5,898,254,2299033.4984199437,507350.0,5.377662140566477,6.064318712908566
