Type,#Files,#Files Filtered by Language,Total Files,Only Added,Time Average,Time Median,Total Large Files,Only Added Large,Time Large Average,Time Large Median,Total Small Files,Only Added Small,Time Small Average,Time Small Median,Large p/ Small (Average),Large p/ Small (Median)
large,1242,850,849,307,8596659.668920187,2177149.0,12,7,1399367.7258064516,182445.0,837,300,9137219.45144357,2772969.0,6.529534219590363,15.198931184740607
small,1606,1172,1148,408,5091301.4424626455,1122400.0,11,7,4527266.120879121,1732414.0,1137,401,5095345.502836432,1121635.0,1.1254795646620834,0.6474405078693661
