Type,#Files,#Files Filtered by Language,Total Files,Only Added,Time Average,Time Median,Total Large Files,Only Added Large,Time Large Average,Time Large Median,Total Small Files,Only Added Small,Time Small Average,Time Small Median,Large p/ Small (Average),Large p/ Small (Median)
large,631,377,377,278,7332008.992686494,1101460.0,6,1,1238225.082730093,182545.0,371,277,12768068.993542435,7628273.5,10.311589687224584,41.78845490153113
small,1139,718,715,355,10426784.8557803,3431689.0,7,3,5462174.364640884,2066837.0,708,352,10579089.008135593,3532490.5,1.9367907909748914,1.709128731486808
