Type,#Files,#Files Filtered by Language,Total Files,Only Added,Time Average,Time Median,Total Large Files,Only Added Large,Time Large Average,Time Large Median,Total Small Files,Only Added Small,Time Small Average,Time Small Median,Large p/ Small (Average),Large p/ Small (Median)
large,866,838,824,311,9002629.247136168,1142489.0,25,0,1444059.8667105841,400807.5,799,311,15278239.996171376,4039290.0,10.58005997422641,10.077880279186392
small,1981,1874,1847,636,8090059.968004843,745001.0,19,0,4992184.027831094,1709215.0,1828,636,8248062.255310818,683842.0,1.6521951533293682,0.4000912699689624
