Type,#Files,#Files Filtered by Language,Total Files,Only Added,Time Average,Time Median,Total Large Files,Only Added Large,Time Large Average,Time Large Median,Total Small Files,Only Added Small,Time Small Average,Time Small Median,Large p/ Small (Average),Large p/ Small (Median)
large,807,737,726,421,1520979.739387124,24622.0,5,2,158969.5149068323,100.5,721,419,2647243.9722650233,180660.0,16.652525950126353,1797.6119402985075
small,846,779,770,400,4228335.85012285,943810.0,4,2,931562.0,275221.0,766,398,4773471.683607731,1208913.0,5.124158868231778,4.392517286108255
