Type,#Files,#Files Filtered by Language,Total Files,Only Added,Time Average,Time Median,Total Large Files,Only Added Large,Time Large Average,Time Large Median,Total Small Files,Only Added Small,Time Small Average,Time Small Median,Large p/ Small (Average),Large p/ Small (Median)
large,7650,3426,3350,1123,17666314.6466039,3400115.0,111,39,4280723.640545145,607475.5,3239,1084,19694539.20018069,4454700.5,4.600749979195718,7.333136068862037
small,4771,2597,2539,627,20114089.7230759,4942220.0,42,20,5771894.784946237,1411091.0,2497,607,20763287.95035461,5241147.5,3.5973088082803666,3.714251951149855
