Type,#Files,#Files Filtered by Language,Total Files,Only Added,Time Average,Time Median,Total Large Files,Only Added Large,Time Large Average,Time Large Median,Total Small Files,Only Added Small,Time Small Average,Time Small Median,Large p/ Small (Average),Large p/ Small (Median)
large,1022,900,899,403,10630487.42824074,3290408.0,3,0,979964.3275862068,442675.0,896,403,11082612.096930534,3412363.0,11.309199513648219,7.7085062404698705
small,919,783,782,294,12227111.477668433,5781090.0,3,0,2283428.9285714286,650111.5,779,294,12442442.576952823,5781090.0,5.449016792800786,8.892459216611304
