Type,#Files,#Files Filtered by Language,Total Files,Only Added,Time Average,Time Median,Total Large Files,Only Added Large,Time Large Average,Time Large Median,Total Small Files,Only Added Small,Time Small Average,Time Small Median,Large p/ Small (Average),Large p/ Small (Median)
large,5381,4613,4595,2490,16842395.857212715,4855914.0,63,41,1052963.5746170678,162193.0,4532,2449,20455701.091637455,9690991.0,19.42678890775172,59.74974875611154
small,7998,6425,6370,2927,15301863.316079294,4720083.0,67,44,2362072.7360946746,516679.0,6303,2883,15782209.625444802,5176731.0,6.681508737761509,10.019240185879434
