Type,#Files,#Files Filtered by Language,Total Files,Only Added,Time Average,Time Median,Total Large Files,Only Added Large,Time Large Average,Time Large Median,Total Small Files,Only Added Small,Time Small Average,Time Small Median,Large p/ Small (Average),Large p/ Small (Median)
large,748,581,579,226,20466647.520274915,2744588.0,6,0,1862147.9848024317,252752.0,573,226,25902598.095026642,5753829.0,13.910064241094583,22.76472194087485
small,516,434,432,80,22803750.039721254,5759147.0,1,0,2466506.1428571427,0.0,431,80,22903442.411764707,5759147.0,9.28578364910695,0.0
