Type,#Files,#Files Filtered by Language,Total Files,Only Added,Time Average,Time Median,Total Large Files,Only Added Large,Time Large Average,Time Large Median,Total Small Files,Only Added Small,Time Small Average,Time Small Median,Large p/ Small (Average),Large p/ Small (Median)
large,163,86,85,18,38399841.91735537,39423117.0,2,0,40429119.0,40429119.0,83,18,38365736.420168065,39423117.0,0.9489629595977114,0.9751168953248771
small,227,125,122,18,33596277.53278688,14561019.5,2,0,40429119.0,40429119.0,120,18,33539807.76859504,14561019.5,0.8295953164004153,0.36016168197976317
