Type,#Files,#Files Filtered by Language,Total Files,Only Added,Time Average,Time Median,Total Large Files,Only Added Large,Time Large Average,Time Large Median,Total Small Files,Only Added Small,Time Small Average,Time Small Median,Large p/ Small (Average),Large p/ Small (Median)
large,989,832,791,330,8480516.533653846,14287.0,4,0,3659009.657142857,1222.0,787,330,8648429.708457712,14287.0,2.363598492169832,11.691489361702128
small,2112,1577,1520,809,11326876.156711409,514774.0,2,0,6989953.911764706,1.0,1518,809,11376928.89137814,543278.0,1.6276114313471755,543278.0
