Type,#Files,#Files Filtered by Language,Total Files,Only Added,Time Average,Time Median,Total Large Files,Only Added Large,Time Large Average,Time Large Median,Total Small Files,Only Added Small,Time Small Average,Time Small Median,Large p/ Small (Average),Large p/ Small (Median)
large,6818,5034,4960,1814,17230653.928165648,5893808.0,173,139,2877135.646195652,695801.5,4787,1675,18784668.26407767,7427519.0,6.5289477362376225,10.674767157012452
small,14740,10501,10315,2739,13072705.294326508,4229510.0,172,139,4196966.058651026,951828.0,10143,2600,13211448.055131104,4331131.0,3.147856778088284,4.550329471291032
