Type,#Files,Total Filtered Files,Only Added,Time Average,Time Median,Deleted Time Average,Deleted Time Median,Total Large Filtered Files,Only Added Large,Time Large Average,Time Large Median,Deleted Time Large Average,Deleted Time Large Median,Total Small Filtered Files,Only Added Small,Time Small Average,Time Small Median,Deleted Time Small Average,Deleted Time Small Median,Large p/ Small (Average),Large p/ Small (Median),Deleted Large p/ Small (Average),Deleted Large p/ Small (Median)
large,2962,1871,277,-850362.0473029222,615541.0,-5545811.258064516,3017882.0,1859,1568,-333960.64676826954,318721.0,-82738460.5,-82738460.5,1407,157,-1482473.523684815,1398592.0,-238638.07407407407,3274746.0,4.439066512868152,4.388138842435861,0.002884246003998033,-0.039579489154260974
small,4977,2927,426,-1007118.8717748019,545641.0,-104530.625,1234106.5,2913,2612,-615543.6533333333,547927.0,0.0,0.0,2355,274,-1145279.7436360558,525296.0,-119463.57142857143,965997.0,1.8605987364731325,0.9586970527095763,0.0,0.0
