Type,#Files,#Files Filtered by Language,Total Files,Only Added,Time Average,Time Median,Total Large Files,Only Added Large,Time Large Average,Time Large Median,Total Small Files,Only Added Small,Time Small Average,Time Small Median,Large p/ Small (Average),Large p/ Small (Median)
large,2962,2027,1871,277,4973023.015150904,615293.0,171,10,1615082.9574849799,318796.5,1700,267,8116894.394140625,1358880.0,5.025682647769572,4.2625311131082055
small,4977,3155,2927,426,4804996.3254300505,438640.0,162,27,2502421.4923996017,537783.0,2765,399,5349015.42521525,419055.0,2.137535759447948,0.7792269372590803
