Type,#Files,#Files Filtered by Language,Total Files,Only Added,Time Average,Time Median,Total Large Files,Only Added Large,Time Large Average,Time Large Median,Total Small Files,Only Added Small,Time Small Average,Time Small Median,Large p/ Small (Average),Large p/ Small (Median)
large,1275,959,911,112,20060634.922145594,6231724.0,8,0,6997634.739130435,1396744.0,903,112,20488624.956631847,6728237.0,2.927935755500419,4.817086738872693
small,1927,1538,1313,193,10305392.751060115,945934.0,10,2,10454428.014705881,1785715.5,1303,191,10304117.984025158,934482.5,0.9856223572949866,0.5233098441493059
