Type,Added Average,Added Median,Added Max,Deleted Average,Deleted Median,Deleted Min,Zero Count
large,12.21911421911422,5.0,221,-11.677685950413224,-4.0,-371,701
small,13.660326086956522,4.0,2766,-15.402912621359222,-4.0,-792,1011
