Type,Added Average,Added Median,Added Max,Deleted Average,Deleted Median,Deleted Min,Zero Count
large,18.914368052696584,6.0,3402,-21.368740515933233,-5.0,-1066,1935
small,16.234455958549223,6.0,1664,-19.83173076923077,-4.0,-1056,1506
