Type,Added Average,Added Median,Added Max,Deleted Average,Deleted Median,Deleted Min,Zero Count
large,12.020134228187919,3.0,428,-37.161458333333336,-4.0,-3242,366
small,15.401041666666666,3.0,713,-69.27941176470588,-3.5,-3242,181
