Type,Added Average,Added Median,Added Max,Deleted Average,Deleted Median,Deleted Min,Zero Count
large,18.885872138910813,9.0,3963,-7.878317231258408,-1.0,-3129,14771
small,19.845620399018458,9.0,3963,-7.297955340328222,-1.0,-3129,14091
