Type,Added Average,Added Median,Added Max,Deleted Average,Deleted Median,Deleted Min,Zero Count
large,22.76746465598492,6.0,2799,-16.778518271687215,-3.0,-2039,14946
small,20.042105263157893,5.0,2799,-15.735439289239881,-3.0,-2039,15761
