Type,Added Average,Added Median,Added Max,Deleted Average,Deleted Median,Deleted Min,Zero Count
large,10.720989304812834,4.0,1513,-6.156441717791411,-2.0,-1171,5205
small,10.166423685095884,4.0,715,-6.078305308275635,-2.0,-1171,7057
