Type,Added Average,Added Median,Added Max,Deleted Average,Deleted Median,Deleted Min,Zero Count
large,455.93650793650795,7.0,7194,-4.166666666666667,-2.0,-16,49
small,30.233223322332233,16.0,7194,-19.41176470588235,-3.0,-1105,2745
