Type,Added Average,Added Median,Added Max,Deleted Average,Deleted Median,Deleted Min,Zero Count
large,8.548821548821548,2.0,271,-6.42212333121424,-2.0,-522,1671
small,9.273014440433213,3.0,1020,-7.583160800552105,-2.0,-1384,1505
