Type,Added Average,Added Median,Added Max,Deleted Average,Deleted Median,Deleted Min,Zero Count
large,9.396208042158323,4.0,1225,-8.509371554575523,-1.0,-1291,42956
small,9.283470400829813,4.0,1225,-7.036721380471381,-1.0,-1291,42779
