Type,Added Average,Added Median,Added Max,Deleted Average,Deleted Median,Deleted Min,Zero Count
large,14.590804490468638,4.0,2127,-11.245294559203758,-4.0,-2708,109515
small,13.6864121909315,4.0,2127,-11.25684491214704,-4.0,-2708,123635
