Type,Added Average,Added Median,Added Max,Deleted Average,Deleted Median,Deleted Min,Zero Count
large,13.902021018593372,2.0,4604,-8.301835748792271,-2.0,-1520,5952
small,12.625984973428624,3.0,4604,-9.933107535986451,-2.0,-3459,8572
