Type,Added Average,Added Median,Added Max,Deleted Average,Deleted Median,Deleted Min,Zero Count
large,24.111061946902655,8.0,3237,-330.4,-5.0,-101080,703
small,23.30352422907489,8.0,3237,-347.1910828025478,-5.0,-101080,664
