Type,Added Average,Added Median,Added Max,Deleted Average,Deleted Median,Deleted Min,Zero Count
large,18.157684936757377,6.0,1183,-19.211354309165525,-4.0,-2198,9358
small,18.149797570850204,6.0,1163,-19.040342441655916,-4.0,-2198,10725
