Type,Added Average,Added Median,Added Max,Deleted Average,Deleted Median,Deleted Min,Zero Count
large,19.134001542020048,6.0,4471,-11.659965537047674,-3.0,-1835,10650
small,15.626165930289641,5.0,4471,-12.303992146596858,-3.0,-1899,12106
