Type,Added Average,Added Median,Added Max,Deleted Average,Deleted Median,Deleted Min,Zero Count
large,34.923136797042226,5.0,11488,-13.108944182918629,-2.0,-1441,11661
small,32.55426497277677,5.0,11488,-12.146522411128284,-2.0,-1441,12172
