Type,Added Average,Added Median,Added Max,Deleted Average,Deleted Median,Deleted Min,Zero Count
large,27.56994191674734,4.0,10863,-25.115260785576304,-2.0,-7631,8886
small,22.3157347412207,3.0,20233,-18.425721857999722,-2.0,-7631,13148
