Type,Added Average,Added Median,Added Max,Deleted Average,Deleted Median,Deleted Min,Zero Count
large,13.456544032816305,5.0,3711,-11.742384222574398,-3.0,-2697,13238
small,13.536232862835146,5.0,3508,-11.695796460176991,-3.0,-2697,13620
