Type,Added Average,Added Median,Added Max,Deleted Average,Deleted Median,Deleted Min,Zero Count
large,7.77625712804562,2.0,1837,-7.737799305428624,-2.0,-1825,38705
small,7.235621741191341,2.0,985,-7.5596398091526105,-2.0,-1526,45037
