Type,Added Average,Added Median,Added Max,Deleted Average,Deleted Median,Deleted Min,Zero Count
large,7.594771241830065,2.0,525,-6.415137614678899,-2.0,-270,16202
small,5.742139310967354,2.0,566,-6.583333333333333,-3.0,-815,21045
