Type,Added Average,Added Median,Added Max,Deleted Average,Deleted Median,Deleted Min,Zero Count
large,657.3103448275862,15.0,14836,-100.45614035087719,-1.0,-5486,49
small,31.630799605133266,6.0,14836,-39.65017667844523,-2.0,-5486,647
