Type,Added Average,Added Median,Added Max,Deleted Average,Deleted Median,Deleted Min,Zero Count
large,13.532091097308488,5.0,712,-12.738235294117647,-3.0,-2220,1899
small,13.771604938271604,4.0,650,-13.439361702127659,-3.0,-2220,1780
