Type,#Files,Total Filtered Files,Only Added,Total Deleted,Amount Average,Amount Median,Lifetime Average,Lifetime Median,Freq Average,Freq Median,Deleted Amount Avg,Deleted Amount Med,Deleted Lifetime Avg,Deleted Lifetime Med,Deleted Freq Avg,Deleted Freq Med,Pearson Correlation (Geral),Spearman Correlation (Geral),Pearson Correlation (Large),Spearman Correlation (Large),Pearson Correlation (Small),Spearman Correlation (Small)
large,673,218,125,0,8.053763440860216,3.0,21061369.279569894,19694677.0,5909833.355090908,3839714.3333333335,0,0,0,0,0,0,0.10609340235377249,0.5644008096591254,0.3023187799174421,0.6,0.6716453344083595,0.7994262753245397
small,630,302,158,0,5.034722222222222,3.0,13780051.013888888,9999063.0,3493896.853035256,2073939.7916666665,0,0,0,0,0,0,0.43564790130483083,0.5342062431110987,0.9231621728440611,0.898364527087647,0.5170130085290966,0.6935244904788475
