Type,#Files,Total Filtered Files,%% Grew,%% Decreased,%% Zero,Grew Average,Grew Median,Decreased Average,Decreased Median,Zero Total,Total Large Files,%% Large Grew,%% Large Decreased,%% Large Zero,Large Grew Average,Large Grew Median,Large Decreased Average,Large Decreased Median,Large Zero Total,Total Small Files,%% Small Grew,%% Small Decreased,%% Small Zero,Small Grew Average,Small Grew Median,Small Decreased Average,Small Decreased Median,Small Zero Total
large,129,98,44.12416851441242,12.638580931263856,7.760532150776053,12.271356783919598,4.0,-12.859649122807017,-4.0,35,98,78.65612648221344,22.529644268774703,13.83399209486166,12.271356783919598,4.0,-12.859649122807017,-4.0,35,33,0,0,0,12.271356783919598,4.0,-12.859649122807017,-4.0,35
small,253,193,30.698529411764707,7.536764705882352,4.227941176470589,14.10179640718563,5.0,-13.390243902439025,-6.0,23,193,67.06827309236948,16.46586345381526,9.236947791164658,14.10179640718563,5.0,-13.390243902439025,-6.0,23,67,0,0,0,14.10179640718563,5.0,-13.390243902439025,-6.0,23
