Type,#Files,Total Filtered Files,%% Grew,%% Decreased,%% Zero,Grew Average,Grew Median,Decreased Average,Decreased Median,Zero Total,Total Large Files,%% Large Grew,%% Large Decreased,%% Large Zero,Large Grew Average,Large Grew Median,Large Decreased Average,Large Decreased Median,Large Zero Total,Total Small Files,%% Small Grew,%% Small Decreased,%% Small Zero,Small Grew Average,Small Grew Median,Small Decreased Average,Small Decreased Median,Small Zero Total
large,28,18,48.06201550387597,11.24031007751938,24.031007751937985,20.266129032258064,6.0,-20.03448275862069,-5.0,62,1,375.75757575757575,87.87878787878788,187.87878787878788,20.266129032258064,6.0,-20.03448275862069,-5.0,62,17,0,0,0,20.266129032258064,6.0,-20.03448275862069,-5.0,62
small,40,30,45.85987261146497,8.9171974522293,22.611464968152866,15.13888888888889,6.0,-11.285714285714286,-4.0,71,1,1107.6923076923076,215.3846153846154,546.1538461538462,15.13888888888889,6.0,-11.285714285714286,-4.0,71,29,0,0,0,15.13888888888889,6.0,-11.285714285714286,-4.0,71
