Type,#Files,Total Filtered Files,%% Grew,%% Decreased,%% Zero,Grew Average,Grew Median,Decreased Average,Decreased Median,Zero Total,Total Large Files,%% Large Grew,%% Large Decreased,%% Large Zero,Large Grew Average,Large Grew Median,Large Decreased Average,Large Decreased Median,Large Zero Total,Total Small Files,%% Small Grew,%% Small Decreased,%% Small Zero,Small Grew Average,Small Grew Median,Small Decreased Average,Small Decreased Median,Small Zero Total
large,177,117,21.49321266968326,7.239819004524888,14.25339366515837,29.021052631578947,6.0,-22.46875,-5.0,63,117,76.61290322580645,25.806451612903224,50.806451612903224,29.021052631578947,6.0,-22.46875,-5.0,63,81,0,0,0,29.021052631578947,6.0,-22.46875,-5.0,63
small,434,244,18.666666666666668,7.7142857142857135,24.761904761904763,19.03061224489796,5.0,-14.876543209876543,-4.0,260,244,78.08764940239044,32.27091633466135,103.58565737051792,19.03061224489796,5.0,-14.876543209876543,-4.0,260,159,0,0,0,19.03061224489796,5.0,-14.876543209876543,-4.0,260
