Type,#Files,Total Filtered Files,%% Grew,%% Decreased,%% Zero,Grew Average,Grew Median,Decreased Average,Decreased Median,Zero Total,Total Large Files,%% Large Grew,%% Large Decreased,%% Large Zero,Large Grew Average,Large Grew Median,Large Decreased Average,Large Decreased Median,Large Zero Total,Total Small Files,%% Small Grew,%% Small Decreased,%% Small Zero,Small Grew Average,Small Grew Median,Small Decreased Average,Small Decreased Median,Small Zero Total
large,521,409,21.82741116751269,4.822335025380711,23.54060913705584,20.017441860465116,7.0,-14.026315789473685,-6.0,371,409,54.77707006369427,12.101910828025478,59.076433121019114,20.017441860465116,7.0,-14.026315789473685,-6.0,371,217,0,0,0,20.017441860465116,7.0,-14.026315789473685,-6.0,371
small,702,543,14.345331246739699,3.2342201356285862,27.699530516431924,23.563636363636363,7.0,-12.516129032258064,-5.0,531,543,42.11332312404288,9.494640122511486,81.31699846860643,23.563636363636363,7.0,-12.516129032258064,-5.0,531,261,0,0,0,23.563636363636363,7.0,-12.516129032258064,-5.0,531
