Type,#Files,Total Filtered Files,%% Grew,%% Decreased,%% Zero,Grew Average,Grew Median,Decreased Average,Decreased Median,Zero Total,Total Large Files,%% Large Grew,%% Large Decreased,%% Large Zero,Large Grew Average,Large Grew Median,Large Decreased Average,Large Decreased Median,Large Zero Total,Total Small Files,%% Small Grew,%% Small Decreased,%% Small Zero,Small Grew Average,Small Grew Median,Small Decreased Average,Small Decreased Median,Small Zero Total
large,521,350,16.18421052631579,5.7894736842105265,13.421052631578947,18.91869918699187,6.0,-12.045454545454545,-4.0,102,1,81.45695364238411,29.13907284768212,67.54966887417218,18.91869918699187,6.0,-12.045454545454545,-4.0,102,349,0,0,0,18.91869918699187,6.0,-12.045454545454545,-4.0,102
small,543,367,9.214092140921409,2.5745257452574526,7.317073170731707,36.75,12.5,-17.526315789473685,-5.0,54,1,151.11111111111111,42.22222222222222,120.0,36.75,12.5,-17.526315789473685,-5.0,54,366,0,0,0,36.75,12.5,-17.526315789473685,-5.0,54
