language,total,large files,small p/ language,small proportion,small files,files available
C,192.0,1.0,8977.0,0.005208333333333333,47,191.0
C++,1966.0,15.0,8461.0,0.0076297049847405905,65,1951.0
JavaScript,5.0,1.0,9976.0,0.2,1996,4.0
Python,3567.0,127.0,8935.0,0.03560414914493973,319,3440.0
