language,total,large files p/ project,large files total,small files total,small proportion,small files p/ project,files available,files missing
C,192.0,1.0,587.0,8977.0,0.0017035775127768314,16,191.0,0.0
C++,1966.0,15.0,421.0,8461.0,0.035629453681710214,302,1951.0,0.0
JavaScript,5.0,1.0,1671.0,9976.0,0.0005984440454817474,6,4.0,2.0
Python,3567.0,127.0,570.0,8935.0,0.22280701754385965,1991,3440.0,0.0
