Type,#Files,#Files Filtered by Language,Total Files,Only Added,Time Average,Time Median,Total Large Files,Only Added Large,Time Large Average,Time Large Median,Total Small Files,Only Added Small,Time Small Average,Time Small Median,Large p/ Small (Average),Large p/ Small (Median)
large,959586,645084,558865,225701,7357118.2196443565,443331.0,9097,1364,1171821.2663301262,82173.0,549768,224337,9484023.057719225,935920.0,8.093404113940514,11.389629196938166
small,1220599,879509,747919,270045,8371241.197325133,690569.0,7056,1396,2126262.8001347217,177267.0,740863,268649,8930265.953921154,815915.5,4.199982219204195,4.602748960607445
