Type,Commits Amount,70% Threshould Large,70% Threshould Small,70% Threshould Flex,Large Files,Large Mean,Large Median,Large Min,Large Max,Commits Large Mean,Commits Large Median,Authors Large Mean,Authors Large Median,Small Files,Small Mean,Small Median,Small Min,Small Max,Commits Small Mean,Commits Small Median,Authors Small Mean,Authors Small Median
large,4826,7,1,1,238,3.865546218487395,3.0,1,19,37.8235294117647,25.5,10.184873949579831,9.0,12919,1.6725752767242046,1.0,1,12,4.55298397708801,2.0,2.7369765461723046,2.0
small,6256,1,1,1,237,3.5949367088607596,3.0,1,11,29.10548523206751,20.0,8.831223628691983,8.0,17415,1.8761986792994545,1.0,1,12,5.20091874820557,3.0,3.1343669250645996,2.0
