Type,Commits Amount,70% Threshould Large,70% Threshould Small,70% Threshould Flex,Large Files,Large Mean,Large Median,Large Min,Large Max,Commits Large Mean,Commits Large Median,Authors Large Mean,Authors Large Median,Small Files,Small Mean,Small Median,Small Min,Small Max,Commits Small Mean,Commits Small Median,Authors Small Mean,Authors Small Median
large,1650,4,1,1,57,1.4736842105263157,1.0,1,4,44.36842105263158,17.0,3.736842105263158,2.0,1622,1.2472256473489518,1.0,1,3,6.872379778051788,4.0,1.809494451294698,2.0
small,2094,2,1,1,47,1.3617021276595744,1.0,1,3,36.93617021276596,24.0,3.25531914893617,2.0,1789,1.3068753493571827,1.0,1,4,8.740078256008944,4.0,1.9731693683622136,2.0
