Type,Commits Amount,70% Threshould Large,70% Threshould Small,70% Threshould Flex,Large Files,Large Mean,Large Median,Large Min,Large Max,Commits Large Mean,Commits Large Median,Authors Large Mean,Authors Large Median,Small Files,Small Mean,Small Median,Small Min,Small Max,Commits Small Mean,Commits Small Median,Authors Small Mean,Authors Small Median
large,2228,8,1,1,59,3.610169491525424,3.0,1,11,39.152542372881356,16.0,11.474576271186441,6.0,5850,1.4844444444444445,1.0,1,12,3.371623931623932,2.0,2.286324786324786,2.0
small,2886,3,1,1,57,3.5964912280701755,2.0,1,13,35.12280701754386,8.0,10.298245614035087,4.0,7202,1.6046931407942238,1.0,1,13,3.854207164676479,2.0,2.556512079977784,2.0
