Type,Commits Amount,70% Threshould Large,70% Threshould Small,70% Threshould Flex,Large Files,Large Mean,Large Median,Large Min,Large Max,Commits Large Mean,Commits Large Median,Authors Large Mean,Authors Large Median,Small Files,Small Mean,Small Median,Small Min,Small Max,Commits Small Mean,Commits Small Median,Authors Small Mean,Authors Small Median
large,17916,6,1,1,724,2.272099447513812,1.0,1,39,60.99723756906077,11.0,8.331491712707182,3.0,35717,1.509365288238094,1.0,1,14,3.8881764985861076,2.0,2.3368703978497636,1.0
small,3431,1,1,1,618,2.0728155339805827,1.0,1,18,24.47411003236246,12.0,5.9627831715210355,3.0,33178,1.5550666104044848,1.0,1,12,3.990596178190367,2.0,2.426999819157273,2.0
