Type,Commits Amount,70% Threshould Large,70% Threshould Small,70% Threshould Flex,Large Files,Large Mean,Large Median,Large Min,Large Max,Commits Large Mean,Commits Large Median,Authors Large Mean,Authors Large Median,Small Files,Small Mean,Small Median,Small Min,Small Max,Commits Small Mean,Commits Small Median,Authors Small Mean,Authors Small Median
large,1271,1,1,1,44,5.840909090909091,3.0,1,23,25.15909090909091,15.5,12.568181818181818,9.0,51271,1.4990930545532561,1.0,1,25,2.5872910612236937,2.0,1.9878878898402605,1.0
small,1157,1,1,1,41,2.048780487804878,2.0,1,6,9.487804878048781,4.0,4.341463414634147,4.0,53756,1.5267318996949177,1.0,1,8,2.974812113996577,2.0,2.056942480839348,1.0
