Type,Commits Amount,70% Threshould Large,70% Threshould Small,70% Threshould Flex,Large Files,Large Mean,Large Median,Large Min,Large Max,Commits Large Mean,Commits Large Median,Authors Large Mean,Authors Large Median,Small Files,Small Mean,Small Median,Small Min,Small Max,Commits Small Mean,Commits Small Median,Authors Small Mean,Authors Small Median
large,1831,1,1,1,37,3.27027027027027,2.0,1,15,63.08108108108108,43.0,14.64864864864865,14.0,814,1.3476658476658476,1.0,1,8,7.342751842751842,3.0,2.6744471744471743,2.0
small,3312,1,1,1,35,2.3714285714285714,2.0,1,8,40.57142857142857,26.0,9.771428571428572,10.0,932,1.6534334763948497,1.0,1,13,11.476394849785407,4.0,3.927038626609442,2.0
