language,total,large files,small p/ language,small proportion,small files,files available
C++,1317.0,41.0,8461.0,0.031131359149582385,264,1276.0
Swift,18804.0,117.0,7649.0,0.00622208040842374,48,18687.0
