language,total,large files,small p/ language,small proportion,small files,files available
C,109.0,3.0,8977.0,0.027522935779816515,248,106.0
C++,4037.0,12.0,8461.0,0.002972504334902155,26,4025.0
Python,896.0,8.0,8935.0,0.008928571428571428,80,888.0
