language,total,large files p/ project,large files total,small files total,small proportion,small files p/ project,files available,files missing
C,109.0,3.0,587.0,8977.0,0.005110732538330494,46,106.0,0.0
C++,4037.0,12.0,421.0,8461.0,0.028503562945368172,242,4025.0,0.0
Python,896.0,8.0,570.0,8935.0,0.014035087719298246,126,888.0,0.0
