language,total,large files,small p/ language,small proportion,small files,files available
Java,322.0,6.0,9686.0,0.018633540372670808,181,316.0
JavaScript,1817.0,30.0,9976.0,0.01651073197578426,165,1787.0
Kotlin,609.0,4.0,9287.0,0.006568144499178982,61,605.0
Ruby,119.0,1.0,9419.0,0.008403361344537815,80,118.0
TypeScript,117.0,1.0,9508.0,0.008547008547008548,82,116.0
