language,total,large files,small p/ language,small proportion,small files,files available
C,11.0,4.0,8977.0,0.36363636363636365,3265,7.0
C++,118.0,4.0,8461.0,0.03389830508474576,287,114.0
JavaScript,15.0,2.0,9976.0,0.13333333333333333,1331,13.0
Objective-C,1.0,1.0,6110.0,1.0,6110,0.0
