language,total,large files,small p/ language,small proportion,small files,files available
C,710.0,14.0,8977.0,0.01971830985915493,178,696.0
C++,1949.0,45.0,8461.0,0.023088763468445357,196,1904.0
Java,189.0,5.0,9686.0,0.026455026455026454,257,184.0
JavaScript,26.0,1.0,9976.0,0.038461538461538464,384,25.0
Kotlin,32.0,1.0,9287.0,0.03125,291,31.0
Python,216.0,1.0,8935.0,0.004629629629629629,42,215.0
