language,total,large files p/ project,large files total,small files total,small proportion,small files p/ project,files available,files missing
C,710.0,14.0,587.0,8977.0,0.02385008517887564,215,696.0,0.0
C++,1949.0,45.0,421.0,8461.0,0.10688836104513064,905,1904.0,0.0
Java,189.0,5.0,1117.0,9686.0,0.004476275738585497,44,184.0,0.0
JavaScript,26.0,1.0,1671.0,9976.0,0.0005984440454817474,6,25.0,0.0
Kotlin,32.0,1.0,753.0,9287.0,0.0013280212483399733,13,31.0,0.0
Python,216.0,1.0,570.0,8935.0,0.0017543859649122807,16,215.0,0.0
