language,total,large files,small p/ language,small proportion,small files,files available
C++,1660.0,2.0,8461.0,0.0012048192771084338,11,1658.0
Objective-C,77.0,1.0,6110.0,0.012987012987012988,80,76.0
Python,1375.0,2.0,8935.0,0.0014545454545454545,13,1373.0
Ruby,179.0,4.0,9419.0,0.0223463687150838,211,175.0
Swift,7.0,1.0,7649.0,0.14285714285714285,1093,6.0
