language,total,large files p/ project,large files total,small files total,small proportion,small files p/ project,files available,files missing
C++,1660.0,2.0,421.0,8461.0,0.004750593824228029,41,1658.0,0.0
Objective-C,77.0,1.0,146.0,6110.0,0.00684931506849315,42,76.0,0.0
Python,1375.0,2.0,570.0,8935.0,0.0035087719298245615,32,1373.0,0.0
Ruby,179.0,4.0,845.0,9419.0,0.004733727810650888,45,175.0,0.0
Swift,7.0,1.0,278.0,7649.0,0.0035971223021582736,28,6.0,22.0
