language,total,large files,small p/ language,small proportion,small files,files available,files missing
C,542.0,3.0,8977.0,0.005535055350553505,50,539.0,0.0
C++,1843.0,13.0,8461.0,0.00705371676614216,60,1830.0,0.0
Java,198.0,4.0,9686.0,0.020202020202020204,196,194.0,2.0
Python,363.0,1.0,8935.0,0.0027548209366391185,25,362.0,0.0
Swift,31.0,3.0,7649.0,0.0967741935483871,741,28.0,713.0
