language,total,large files p/ project,large files total,small files total,small proportion,small files p/ project,files available,files missing
C,120.0,2.0,587.0,8977.0,0.0034071550255536627,31,118.0,0.0
C#,208.0,14.0,923.0,9511.0,0.015167930660888408,145,194.0,0.0
C++,457.0,5.0,421.0,8461.0,0.011876484560570071,101,452.0,0.0
Java,273.0,23.0,1117.0,9686.0,0.020590868397493287,200,250.0,0.0
Kotlin,21.0,2.0,753.0,9287.0,0.0026560424966799467,25,19.0,6.0
Objective-C,76.0,15.0,146.0,6110.0,0.10273972602739725,628,61.0,567.0
PHP,149.0,3.0,568.0,8926.0,0.00528169014084507,48,146.0,0.0
Python,100.0,3.0,570.0,8935.0,0.005263157894736842,48,97.0,0.0
Ruby,56.0,2.0,845.0,9419.0,0.002366863905325444,23,54.0,0.0
