language,total,large files,small p/ language,small proportion,small files,files available,files missing
C++,9515.0,42.0,8461.0,0.00441408302679979,38,9473.0,0.0
Go,41.0,1.0,9017.0,0.024390243902439025,220,40.0,180.0
Python,3187.0,52.0,8935.0,0.01631628490743646,146,3135.0,0.0
