language,total,large files p/ project,large files total,small files total,small proportion,small files p/ project,files available,files missing
C++,9515.0,42.0,421.0,8461.0,0.0997624703087886,845,9473.0,0.0
Go,41.0,1.0,608.0,9017.0,0.001644736842105263,15,40.0,0.0
Python,3187.0,52.0,570.0,8935.0,0.0912280701754386,816,3135.0,0.0
