Type,Commits Amount,70% Threshould Large,70% Threshould Small,70% Threshould Flex,Large Files,Large Mean,Large Median,Large Min,Large Max,Commits Large Mean,Commits Large Median,Authors Large Mean,Authors Large Median,Small Files,Small Mean,Small Median,Small Min,Small Max,Commits Small Mean,Commits Small Median,Authors Small Mean,Authors Small Median
large,1102,2,1,1,28,1.8214285714285714,2.0,1,3,54.035714285714285,54.0,5.178571428571429,4.5,936,1.1570512820512822,1.0,1,3,3.748931623931624,2.0,1.580128205128205,1.0
small,1666,0,1,1,28,1.6428571428571428,2.0,1,2,30.928571428571427,26.5,4.464285714285714,4.0,1292,1.1803405572755419,1.0,1,3,4.973684210526316,2.0,1.6811145510835914,1.0
