Type,Commits Amount,70% Threshould Large,70% Threshould Small,70% Threshould Flex,Large Files,Large Mean,Large Median,Large Min,Large Max,Commits Large Mean,Commits Large Median,Authors Large Mean,Authors Large Median,Small Files,Small Mean,Small Median,Small Min,Small Max,Commits Small Mean,Commits Small Median,Authors Small Mean,Authors Small Median
large,178,4,1,1,109,1.0458715596330275,1.0,1,3,5.256880733944954,4.0,1.2293577981651376,1.0,758,1.0593667546174141,1.0,1,3,2.1688654353562007,1.0,1.2691292875989446,1.0
small,265,0,1,1,9,1.2222222222222223,1.0,1,2,5.888888888888889,6.0,2.5555555555555554,2.0,2049,1.0624694973157638,1.0,1,4,1.7994143484626648,1.0,1.2884333821376281,1.0
