Type,Commits Amount,70% Threshould Large,70% Threshould Small,70% Threshould Flex,Large Files,Large Mean,Large Median,Large Min,Large Max,Commits Large Mean,Commits Large Median,Authors Large Mean,Authors Large Median,Small Files,Small Mean,Small Median,Small Min,Small Max,Commits Small Mean,Commits Small Median,Authors Small Mean,Authors Small Median
large,599,4,1,1,113,1.6725663716814159,1.0,1,4,7.460176991150442,5.0,3.0442477876106193,3.0,6168,1.295395590142672,1.0,1,5,2.9244487678339817,2.0,1.8338197146562905,1.0
small,1460,1,1,1,112,1.7232142857142858,1.0,1,5,7.008928571428571,5.0,3.1339285714285716,3.0,7026,1.3928266438941077,1.0,1,6,3.6834614289780814,2.0,2.066609735269001,2.0
