Type,Commits Amount,70% Threshould Large,70% Threshould Small,70% Threshould Flex,Large Files,Large Mean,Large Median,Large Min,Large Max,Commits Large Mean,Commits Large Median,Authors Large Mean,Authors Large Median,Small Files,Small Mean,Small Median,Small Min,Small Max,Commits Small Mean,Commits Small Median,Authors Small Mean,Authors Small Median
large,376,2,1,1,81,1.6296296296296295,2.0,1,3,11.123456790123457,8.0,3.1481481481481484,3.0,1189,1.2253994953742642,1.0,1,4,3.2111017661900756,2.0,1.7409587888982339,1.0
small,469,0,1,1,99,1.4545454545454546,1.0,1,3,7.747474747474747,6.0,2.404040404040404,2.0,2281,1.138097325734327,1.0,1,3,2.595791319596668,2.0,1.4861902674265672,1.0
