Type,Commits Amount,70% Threshould Large,70% Threshould Small,70% Threshould Flex,Large Files,Large Mean,Large Median,Large Min,Large Max,Commits Large Mean,Commits Large Median,Authors Large Mean,Authors Large Median,Small Files,Small Mean,Small Median,Small Min,Small Max,Commits Small Mean,Commits Small Median,Authors Small Mean,Authors Small Median
large,3379,3,1,1,116,1.8620689655172413,2.0,1,7,41.76724137931034,14.5,5.732758620689655,4.0,5309,1.1397626671689585,1.0,1,6,2.767376153701262,1.0,1.512902618195517,1.0
small,2024,1,1,1,107,1.9158878504672898,2.0,1,7,17.46728971962617,9.0,4.261682242990654,3.0,6553,1.1161300167862047,1.0,1,6,2.7511063634976347,1.0,1.427895620326568,1.0
