Type,Added Average,Added Median,Added Max,Deleted Average,Deleted Median,Deleted Min,Zero Count
large,8.945169712793733,4.0,105,-8.899441340782124,-2.0,-157,332
small,9.335282651072125,4.0,139,-10.685950413223141,-2.0,-585,404
