Type,Added Average,Added Median,Added Max,Deleted Average,Deleted Median,Deleted Min,Zero Count
large,14.981684981684982,4.0,509,-15.759900990099009,-4.0,-582,541
small,31.91904218928164,5.0,14644,-28.95724907063197,-4.0,-4485,993
