Type,Added Average,Added Median,Added Max,Deleted Average,Deleted Median,Deleted Min,Zero Count
large,8.169166666666667,4.0,386,-9.089073634204276,-3.0,-883,1291
small,7.754415011037527,4.0,315,-8.592072667217176,-3.0,-883,1805
