Type,Added Average,Added Median,Added Max,Deleted Average,Deleted Median,Deleted Min,Zero Count
large,14.23370233702337,6.0,253,-12.702179176755449,-4.0,-333,333
small,13.651571164510166,6.0,253,-13.630350194552529,-4.0,-333,449
