Type,Added Average,Added Median,Added Max,Deleted Average,Deleted Median,Deleted Min,Zero Count
large,8.129213483146067,3.0,183,-2.651685393258427,-1.0,-21,383
small,22.523232323232325,4.0,9357,-18.98469387755102,-4.0,-2625,990
