Type,Added Average,Added Median,Added Max,Deleted Average,Deleted Median,Deleted Min,Zero Count
large,13.587048238155713,5.0,27524,-14.404597836832863,-2.0,-44392,160452
small,10.385223193382238,2.0,27524,-8.863427561837456,-2.0,-33867,169558
