Type,Added Average,Added Median,Added Max,Deleted Average,Deleted Median,Deleted Min,Zero Count
large,303.24924471299096,5.0,30500,-13.29642857142857,-6.0,-267,367
small,13.538633818589025,5.0,340,-10.431965442764579,-4.0,-267,583
