Type,Added Average,Added Median,Added Max,Deleted Average,Deleted Median,Deleted Min,Zero Count
large,11.385530227948465,4.0,390,-7.76123046875,-4.0,-978,2119
small,12.5603482390186,4.0,651,-7.671901528013582,-4.0,-524,2835
