Type,Added Average,Added Median,Added Max,Deleted Average,Deleted Median,Deleted Min,Zero Count
large,18.256637168141594,6.0,253,-21.82608695652174,-3.0,-210,300
small,14.32258064516129,4.0,962,-12.856262833675565,-3.0,-528,1227
