Type,Added Average,Added Median,Added Max,Deleted Average,Deleted Median,Deleted Min,Zero Count
large,8.5993316004456,3.0,378,-9.66327568667345,-2.0,-1928,5936
small,8.5353072494419,4.0,788,-9.043188605559385,-2.0,-1928,7887
