Type,Added Average,Added Median,Added Max,Deleted Average,Deleted Median,Deleted Min,Zero Count
large,13.076114740130645,5.0,567,-15.715120525931336,-3.0,-808,3415
small,12.376267942583732,5.0,567,-15.294846382556987,-3.0,-808,4648
