Type,Added Average,Added Median,Added Max,Deleted Average,Deleted Median,Deleted Min,Zero Count
large,10.755627009646302,4.0,392,-10.466165413533835,-4.0,-164,159
small,9.585185185185185,3.0,392,-9.517482517482517,-4.0,-121,148
