Type,Added Average,Added Median,Added Max,Deleted Average,Deleted Median,Deleted Min,Zero Count
large,16.924036281179138,5.0,2591,-15.471337579617835,-4.0,-361,526
small,16.2132834424696,5.0,2591,-13.42409638554217,-3.0,-361,664
