Type,Added Average,Added Median,Added Max,Deleted Average,Deleted Median,Deleted Min,Zero Count
large,12.010330578512397,7.0,349,-6.708108108108108,-2.0,-84,332
small,10.491778774289985,5.0,349,-8.079584775086506,-2.0,-160,431
