Type,Added Average,Added Median,Added Max,Deleted Average,Deleted Median,Deleted Min,Zero Count
large,15.434042553191489,4.0,725,-9.677067082683307,-3.0,-284,1292
small,13.724444444444444,4.0,428,-9.69383003492433,-3.0,-449,1547
