Type,Added Average,Added Median,Added Max,Deleted Average,Deleted Median,Deleted Min,Zero Count
large,18.587412587412587,6.0,442,-12.974576271186441,-2.0,-1043,434
small,13.692170818505337,5.0,442,-13.358789625360231,-3.0,-1043,748
