Type,Added Average,Added Median,Added Max,Deleted Average,Deleted Median,Deleted Min,Zero Count
large,18.23274695534506,7.0,539,-30.487437185929647,-4.0,-1016,402
small,17.766467065868262,6.0,539,-34.554455445544555,-4.0,-1016,397
