Type,Added Average,Added Median,Added Max,Deleted Average,Deleted Median,Deleted Min,Zero Count
large,18.775652173913045,6.0,582,-7.067708333333333,-3.0,-64,336
small,17.41931540342298,5.0,582,-14.750819672131147,-3.0,-1005,473
