Type,Added Average,Added Median,Added Max,Deleted Average,Deleted Median,Deleted Min,Zero Count
large,14.335196422868094,5.0,1294,-20.34862385321101,-4.0,-2710,5703
small,13.171915049432442,5.0,1294,-20.766111951588503,-4.0,-2710,5723
