Type,Added Average,Added Median,Added Max,Deleted Average,Deleted Median,Deleted Min,Zero Count
large,9.4859287054409,4.0,146,-4.552356020942408,-2.0,-131,307
small,8.752085816448153,4.0,146,-6.490526315789474,-2.0,-257,476
