Type,Commits Amount,70% Threshould Large,70% Threshould Small,70% Threshould Flex,Large Files,Large Mean,Large Median,Large Min,Large Max,Commits Large Mean,Commits Large Median,Authors Large Mean,Authors Large Median,Small Files,Small Mean,Small Median,Small Min,Small Max,Commits Small Mean,Commits Small Median,Authors Small Mean,Authors Small Median
large,836,1,1,1,7,2.5714285714285716,3.0,1,5,152.42857142857142,24.0,24.285714285714285,8.0,1419,1.0563777307963353,1.0,1,7,3.168428470754052,1.0,1.353770260747005,1.0
small,430,0,1,1,7,2.2857142857142856,2.0,1,5,45.714285714285715,5.0,10.428571428571429,3.0,1451,1.0709855272226052,1.0,1,7,2.7291523087525844,2.0,1.3418332184700206,1.0
