Type,#Files,Total Filtered Files,%% Grew,%% Decreased,%% Zero,Grew Average,Grew Median,Decreased Average,Decreased Median,Zero Total,Total Large Files,%% Large Grew,%% Large Decreased,%% Large Zero,Large Grew Average,Large Grew Median,Large Decreased Average,Large Decreased Median,Large Zero Total,Total Small Files,%% Small Grew,%% Small Decreased,%% Small Zero,Small Grew Average,Small Grew Median,Small Decreased Average,Small Decreased Median,Small Zero Total
large,41021,17299,16.22580856786722,7.419799252115725,7.634979990815456,21.449035701289773,6.0,-22.970203359858534,-5.0,11638,17297,74.32237514273695,33.986417452971935,34.972053608990926,21.449035701289773,6.0,-22.970203359858534,-5.0,11638,7949,0,0,0,21.449035701289773,6.0,-22.970203359858534,-5.0,11638
small,64658,35801,14.385214055272355,6.681827982799094,7.72942339534827,19.69464634180831,5.0,-20.630905991232343,-4.0,18999,35795,64.65468375724551,30.03163341805482,34.74007570078078,19.69464634180831,5.0,-20.630905991232343,-4.0,18999,18638,0,0,0,19.69464634180831,5.0,-20.630905991232343,-4.0,18999
