Type,Commits Amount,70% Threshould Large,70% Threshould Small,70% Threshould Flex,Large Files,Large Mean,Large Median,Large Min,Large Max,Commits Large Mean,Commits Large Median,Authors Large Mean,Authors Large Median,Small Files,Small Mean,Small Median,Small Min,Small Max,Commits Small Mean,Commits Small Median,Authors Small Mean,Authors Small Median
large,31534,2,1,1,104,3.4326923076923075,2.0,1,13,201.79807692307693,25.0,13.038461538461538,5.0,46245,1.345442750567629,1.0,1,13,6.7328576062277,2.0,2.2656503405773596,1.0
small,35881,1,2,1,108,3.638888888888889,2.5,1,12,184.22222222222223,23.0,12.675925925925926,6.0,62627,1.4699730148338577,1.0,1,14,6.487217973078704,2.0,2.5300269851661423,2.0
