Type,#Files,Total Filtered Files,%% Grew,%% Decreased,%% Zero,Grew Average,Grew Median,Decreased Average,Decreased Median,Zero Total,Total Large Files,%% Large Grew,%% Large Decreased,%% Large Zero,Large Grew Average,Large Grew Median,Large Decreased Average,Large Decreased Median,Large Zero Total,Total Small Files,%% Small Grew,%% Small Decreased,%% Small Zero,Small Grew Average,Small Grew Median,Small Decreased Average,Small Decreased Median,Small Zero Total
large,741,509,13.764367816091955,6.091954022988506,5.402298850574713,17.757828810020875,9.0,-12.382075471698114,-5.0,188,509,48.092369477911646,21.285140562248998,18.87550200803213,17.757828810020875,9.0,-12.382075471698114,-5.0,188,226,0,0,0,17.757828810020875,9.0,-12.382075471698114,-5.0,188
small,1890,1290,3.4055727554179565,1.8679050567595459,2.414860681114551,14.215151515151515,6.0,-8.917127071823204,-4.0,234,1284,24.017467248908297,13.173216885007278,17.03056768558952,14.215151515151515,6.0,-8.917127071823204,-4.0,234,808,0,0,0,14.215151515151515,6.0,-8.917127071823204,-4.0,234
