Type,#Files,Total Filtered Files,%% Grew,%% Decreased,%% Zero,Grew Average,Grew Median,Decreased Average,Decreased Median,Zero Total,Total Large Files,%% Large Grew,%% Large Decreased,%% Large Zero,Large Grew Average,Large Grew Median,Large Decreased Average,Large Decreased Median,Large Zero Total,Total Small Files,%% Small Grew,%% Small Decreased,%% Small Zero,Small Grew Average,Small Grew Median,Small Decreased Average,Small Decreased Median,Small Zero Total
large,357,280,3.890641430073607,0.7360672975814931,0.7360672975814931,128.13513513513513,22.0,-144.71428571428572,-3.0,7,280,11.78343949044586,2.229299363057325,2.229299363057325,128.13513513513513,22.0,-144.71428571428572,-3.0,7,183,0,0,0,128.13513513513513,22.0,-144.71428571428572,-3.0,7
small,2866,1292,3.4365815057653175,0.7687090210264526,0.7913181098801718,47.7171052631579,10.0,-48.529411764705884,-6.0,35,1292,11.40285071267817,2.550637659414854,2.625656414103526,47.7171052631579,10.0,-48.529411764705884,-6.0,35,804,0,0,0,47.7171052631579,10.0,-48.529411764705884,-6.0,35
