Type,#Files,Total Filtered Files,%% Grew,%% Decreased,%% Zero,Grew Average,Grew Median,Decreased Average,Decreased Median,Zero Total,Total Large Files,%% Large Grew,%% Large Decreased,%% Large Zero,Large Grew Average,Large Grew Median,Large Decreased Average,Large Decreased Median,Large Zero Total,Total Small Files,%% Small Grew,%% Small Decreased,%% Small Zero,Small Grew Average,Small Grew Median,Small Decreased Average,Small Decreased Median,Small Zero Total
large,7188,4181,5.4271297817413755,2.530704842368771,2.3527340999765314,24.97081081081081,7.0,-26.709428129829984,-6.0,1203,4179,48.22732012513035,22.488703510601322,20.907194994786234,24.97081081081081,7.0,-26.709428129829984,-6.0,1203,3210,0,0,0,24.97081081081081,7.0,-26.709428129829984,-6.0,1203
small,15254,9810,6.64187424218998,3.074369135872794,3.4893845565438166,16.841092869394757,5.0,-16.51508734780307,-4.0,4288,9794,70.72177454293389,32.735464864396505,37.15449267827744,16.841092869394757,5.0,-16.51508734780307,-4.0,4288,7735,0,0,0,16.841092869394757,5.0,-16.51508734780307,-4.0,4288
