Type,#Files,Total Filtered Files,%% Grew,%% Decreased,%% Zero,Grew Average,Grew Median,Decreased Average,Decreased Median,Zero Total,Total Large Files,%% Large Grew,%% Large Decreased,%% Large Zero,Large Grew Average,Large Grew Median,Large Decreased Average,Large Decreased Median,Large Zero Total,Total Small Files,%% Small Grew,%% Small Decreased,%% Small Zero,Small Grew Average,Small Grew Median,Small Decreased Average,Small Decreased Median,Small Zero Total
large,172,151,4.956896551724138,1.0775862068965518,0.21551724137931033,75.26086956521739,34.0,-28.2,-16.0,1,151,13.450292397660817,2.923976608187134,0.5847953216374269,75.26086956521739,34.0,-28.2,-16.0,1,91,0,0,0,75.26086956521739,34.0,-28.2,-16.0,1
small,2579,1327,4.967446346756692,1.1092355919942127,2.2666988184229564,27.475728155339805,10.0,-23.217391304347824,-12.0,94,1327,15.225424981522542,3.399852180339985,6.947524020694752,27.475728155339805,10.0,-23.217391304347824,-12.0,94,756,0,0,0,27.475728155339805,10.0,-23.217391304347824,-12.0,94
