language,total,large files p/ project,large files total,small files total,small proportion,small files p/ project,files available,files missing
JavaScript,274.0,4.0,1671.0,9976.0,0.0023937761819269898,24,270.0,0.0
Python,1241.0,12.0,574.0,8935.0,0.020905923344947737,187,1229.0,0.0
TypeScript,2309.0,16.0,920.0,9508.0,0.017391304347826087,166,2293.0,0.0
