language,total,large files p/ project,large files total,small files total,small proportion,small files p/ project,files available,files missing
JavaScript,275.0,5.0,1579.0,9941.0,0.0031665611146295125,32,270.0,0.0
Python,1244.0,12.0,562.0,8911.0,0.021352313167259787,191,1232.0,0.0
TypeScript,2321.0,16.0,899.0,9484.0,0.017797552836484983,169,2305.0,0.0
