language,total,large files p/ project,large files total,small files total,small proportion,small files p/ project,files available,files missing
Go,3727.0,9.0,601.0,9008.0,0.014975041597337771,135,3718.0,0.0
JavaScript,102.0,1.0,1579.0,9941.0,0.0006333122229259025,7,101.0,0.0
TypeScript,6844.0,46.0,899.0,9484.0,0.05116796440489433,486,6798.0,0.0
