Type,#Files,#Files Filtered by Language,Total Files,Only Added,Time Average,Time Median,Total Large Files,Only Added Large,Time Large Average,Time Large Median,Total Small Files,Only Added Small,Time Small Average,Time Small Median,Large p/ Small (Average),Large p/ Small (Median)
large,110,99,98,15,3669461.8783592647,428776.0,7,0,759347.0666666667,418476.0,91,15,3732542.401734104,429393.0,4.915462988642309,1.0260875175637312
small,135,111,110,22,3274040.9683168316,346056.0,7,1,982359.1481481482,278885.0,103,21,3336986.450661241,360813.0,3.3969108517509268,1.2937698334438927
