Type,#Files,#Files Filtered by Language,Total Files,Only Added,Time Average,Time Median,Total Large Files,Only Added Large,Time Large Average,Time Large Median,Total Small Files,Only Added Small,Time Small Average,Time Small Median,Large p/ Small (Average),Large p/ Small (Median)
large,522,59,57,11,12032690.963636363,418659.0,1,0,1154763.4,537365.0,56,11,14752172.854545455,249556.0,12.775060981795454,0.46440687428470406
small,1251,419,415,114,32512981.498003993,11871536.5,2,0,38935523.5,36348266.0,413,114,32474291.485943776,11677556.5,0.8340530334963591,0.32126859916783923
