Type,#Files,#Files Filtered by Language,Total Files,Only Added,Time Average,Time Median,Total Large Files,Only Added Large,Time Large Average,Time Large Median,Total Small Files,Only Added Small,Time Small Average,Time Small Median,Large p/ Small (Average),Large p/ Small (Median)
large,1068,780,775,302,11314688.948088652,1991853.0,15,0,1844335.3064384677,637594.5,760,302,16758644.871398455,4964160.0,9.086549941811013,7.785763522113193
small,2661,1948,1936,609,15299927.432116337,3800970.0,11,0,4232343.1117861485,1453308.0,1925,609,15893825.971311208,4060903.0,3.755325490282294,2.794248019002166
