Type,#Files,#Files Filtered by Language,Total Files,Only Added,Time Average,Time Median,Total Large Files,Only Added Large,Time Large Average,Time Large Median,Total Small Files,Only Added Small,Time Small Average,Time Small Median,Large p/ Small (Average),Large p/ Small (Median)
large,1266,963,929,262,4373115.993083267,693909.5,42,0,1238383.948873192,296687.0,887,262,6423623.884708471,1381159.5,5.187102021593011,4.655274750831684
small,7966,5642,5413,1792,8240794.4095920995,1847349.5,33,11,3510542.6872659177,1151490.5,5380,1781,8418066.809039231,1905172.5,2.3979388826618697,1.6545273278416106
