Type,#Files,#Files Filtered by Language,Total Files,Only Added,Time Average,Time Median,Total Large Files,Only Added Large,Time Large Average,Time Large Median,Total Small Files,Only Added Small,Time Small Average,Time Small Median,Large p/ Small (Average),Large p/ Small (Median)
large,3079,2602,2563,658,3862693.415570284,1230575.5,67,0,1010098.8624655014,351991.0,2496,658,4644236.019029615,1773211.0,4.597803434501178,5.037660053808194
small,3432,2793,2758,580,3509887.241623129,1222658.0,58,0,1681800.036685369,733084.0,2700,580,3692932.9656439065,1283536.0,2.195821670287417,1.7508716600007639
