Type,#Files,#Files Filtered by Language,Total Files,Only Added,Time Average,Time Median,Total Large Files,Only Added Large,Time Large Average,Time Large Median,Total Small Files,Only Added Small,Time Small Average,Time Small Median,Large p/ Small (Average),Large p/ Small (Median)
large,175,165,156,65,1196416.061264822,88779.5,2,0,161147.85,61391.0,154,65,1390832.6267605633,91675.0,8.630786118217298,1.4932970630874232
small,501,489,446,133,1129961.4945624028,74483.0,2,0,273312.8181818182,159245.0,444,133,1144855.8076923077,71484.0,4.188811250450412,0.44889321485760936
