Type,#Files,#Files Filtered by Language,Total Files,Only Added,Time Average,Time Median,Total Large Files,Only Added Large,Time Large Average,Time Large Median,Total Small Files,Only Added Small,Time Small Average,Time Small Median,Large p/ Small (Average),Large p/ Small (Median)
large,454,270,264,120,2398922.0606060605,609881.0,5,0,690882.4761904762,362661.0,259,120,2561224.4645550526,685386.0,3.707178214560653,1.8898806323260566
small,1577,811,809,374,3562119.431259045,1668871.0,3,1,2099362.0,1581287.5,806,373,3568497.7340116277,1668871.0,1.699801050991505,1.055387461166929
