Type,#Files,#Files Filtered by Language,Total Files,Only Added,Time Average,Time Median,Total Large Files,Only Added Large,Time Large Average,Time Large Median,Total Small Files,Only Added Small,Time Small Average,Time Small Median,Large p/ Small (Average),Large p/ Small (Median)
large,1241,693,692,320,4782190.004054054,1568728.0,17,3,1588626.2232142857,628150.0,675,317,5859536.821686747,2331841.5,3.688430126648091,3.712236726896442
small,2994,1685,1676,740,4217895.644636634,1328861.0,18,5,1589004.0959079284,538729.0,1658,735,4513056.188944723,1548156.0,2.8401790785605523,2.8737194396440513
