Type,#Files,#Files Filtered by Language,Total Files,Only Added,Time Average,Time Median,Total Large Files,Only Added Large,Time Large Average,Time Large Median,Total Small Files,Only Added Small,Time Small Average,Time Small Median,Large p/ Small (Average),Large p/ Small (Median)
large,6837,2249,1664,334,5801050.346782112,341628.5,107,2,1751704.1299885632,225195.0,1557,332,9759145.70448929,614552.5,5.571229488711092,2.728979329025955
small,11950,4632,3495,525,7817361.25891399,550199.0,89,0,2740826.0411641323,337358.5,3406,525,8701305.073765066,619642.5,3.1747016932418273,1.8367478513213689
