Type,#Files,#Files Filtered by Language,Total Files,Only Added,Time Average,Time Median,Total Large Files,Only Added Large,Time Large Average,Time Large Median,Total Small Files,Only Added Small,Time Small Average,Time Small Median,Large p/ Small (Average),Large p/ Small (Median)
large,342,267,260,73,8160056.566061764,1806831.0,17,2,2148070.452991453,927639.0,243,71,12333425.566882417,3295226.0,5.7416299124205175,3.5522719506187213
small,1143,908,852,210,7544912.74461937,1489210.5,21,4,3886461.7101248265,1469452.0,831,206,7828084.316908212,1491759.0,2.0141930889258104,1.015180489053062
