Type,#Files,#Files Filtered by Language,Total Files,Only Added,Time Average,Time Median,Total Large Files,Only Added Large,Time Large Average,Time Large Median,Total Small Files,Only Added Small,Time Small Average,Time Small Median,Large p/ Small (Average),Large p/ Small (Median)
large,371,301,301,198,13257075.450434783,3552026.0,3,0,1982617.8044444444,527099.0,298,198,20504941.08,10250554.5,10.34235697572874,19.447114299211343
small,716,625,614,322,13899981.87680355,4569464.0,1,0,20369594.5,18966105.0,613,322,13871131.87625418,4569464.0,0.6809724109262058,0.24092790797056116
