Type,#Files,#Files Filtered by Language,Total Files,Only Added,Time Average,Time Median,Total Large Files,Only Added Large,Time Large Average,Time Large Median,Total Small Files,Only Added Small,Time Small Average,Time Small Median,Large p/ Small (Average),Large p/ Small (Median)
large,1442,1395,1382,319,8406286.6869837,340821.5,9,0,477518.7266521874,95947.0,1373,319,12862157.504097646,1812957.0,26.935399150253886,18.895400585740045
small,799,780,772,136,11617638.68663398,1695390.0,4,0,4503788.420634921,1163592.5,768,136,11813990.304052575,1696360.0,2.623122846962491,1.4578643296514888
