Type,#Files,#Files Filtered by Language,Total Files,Only Added,Time Average,Time Median,Total Large Files,Only Added Large,Time Large Average,Time Large Median,Total Small Files,Only Added Small,Time Small Average,Time Small Median,Large p/ Small (Average),Large p/ Small (Median)
large,950,935,923,299,7927040.994441013,186898.5,8,0,639436.0008683068,99133.0,915,299,16261590.896060906,2153894.0,25.431146938831827,21.72731582823076
small,142,137,136,20,10262514.215955984,1740728.0,2,0,16476399.263157895,4252394.0,134,20,10180239.779790942,1718143.0,0.6178679951362006,0.40404134706238415
