language,total,large files,small p/ language,small proportion,small files,files available,files missing
C,10.0,2.0,8977.0,0.2,1796,8.0,1788.0
C++,17.0,2.0,8461.0,0.11764705882352941,996,15.0,981.0
Go,180.0,1.0,9017.0,0.005555555555555556,51,179.0,0.0
Objective-C,2.0,1.0,6110.0,0.5,3055,1.0,3054.0
