language,total,large files,small p/ language,small proportion,small files,files available
Go,564.0,13.0,9017.0,0.02304964539007092,208,551.0
JavaScript,16.0,1.0,9976.0,0.0625,624,15.0
TypeScript,222.0,6.0,9508.0,0.02702702702702703,257,216.0
