language,total,large files p/ project,large files total,small files total,small proportion,small files p/ project,files available,files missing
C,2071.0,14.0,874.0,9504.0,0.016018306636155607,153,2057.0,0.0
C++,3177.0,96.0,434.0,8510.0,0.22119815668202766,1883,3081.0,0.0
JavaScript,18209.0,139.0,1579.0,9941.0,0.08803039898670044,876,18070.0,0.0
Python,778.0,12.0,562.0,8911.0,0.021352313167259787,191,766.0,0.0
Rust,5.0,1.0,487.0,8701.0,0.002053388090349076,18,4.0,14.0
TypeScript,220.0,1.0,899.0,9484.0,0.0011123470522803114,11,219.0,0.0
