language,total,large files p/ project,large files total,small files total,small proportion,small files p/ project,files available,files missing
C,2071.0,14.0,901.0,9524.0,0.01553829078801332,148,2057.0,0.0
C++,3170.0,93.0,421.0,8461.0,0.2209026128266033,1870,3077.0,0.0
JavaScript,18125.0,130.0,1671.0,9976.0,0.07779772591262717,777,17995.0,0.0
Perl,621.0,57.0,60.0,3722.0,0.95,3536,564.0,2972.0
Python,772.0,12.0,574.0,8935.0,0.020905923344947737,187,760.0,0.0
Rust,5.0,1.0,484.0,8692.0,0.002066115702479339,18,4.0,14.0
TypeScript,216.0,1.0,920.0,9508.0,0.0010869565217391304,11,215.0,0.0
