language,total,large files p/ project,large files total,small files total,small proportion,small files p/ project,files available,files missing
JavaScript,6876.0,106.0,1579.0,9941.0,0.06713109563014566,668,6770.0,0.0
Rust,875.0,12.0,487.0,8701.0,0.024640657084188913,215,863.0,0.0
TypeScript,5786.0,32.0,899.0,9484.0,0.035595105672969966,338,5754.0,0.0
