language,total,large files p/ project,large files total,small files total,small proportion,small files p/ project,files available,files missing
JavaScript,6840.0,103.0,1671.0,9976.0,0.061639736684619986,615,6737.0,0.0
Rust,836.0,12.0,484.0,8690.0,0.024793388429752067,216,824.0,0.0
TypeScript,5626.0,33.0,920.0,9508.0,0.035869565217391305,342,5593.0,0.0
