Type,Commits Amount,70% Threshould Large,70% Threshould Small,70% Threshould Flex,Large Files,Large Mean,Large Median,Large Min,Large Max,Commits Large Mean,Commits Large Median,Authors Large Mean,Authors Large Median,Small Files,Small Mean,Small Median,Small Min,Small Max,Commits Small Mean,Commits Small Median,Authors Small Mean,Authors Small Median
large,10889,2,1,1,23,5.304347826086956,4.0,1,14,50.608695652173914,20.0,15.08695652173913,11.0,11860,2.300843170320405,1.0,1,23,10.980522765598652,3.0,4.818043844856661,2.0
small,21161,1,1,1,27,4.777777777777778,4.0,1,12,33.77777777777778,20.0,11.62962962962963,9.0,15098,2.497748046098821,2.0,1,22,13.003311696913498,4.0,5.41270366936018,3.0
