language,total,large files,small p/ language,small proportion,small files,files available,files missing
JavaScript,3564.0,86.0,9976.0,0.024130190796857465,241,3478.0,0.0
Rust,54.0,2.0,8690.0,0.037037037037037035,322,52.0,270.0
TypeScript,412.0,7.0,9508.0,0.01699029126213592,162,405.0,0.0
