language,total,large files,small p/ language,small proportion,small files,files available,files missing
C,2071.0,14.0,8977.0,0.006760019314340898,61,2057.0,0.0
C++,3170.0,93.0,8461.0,0.029337539432176655,249,3077.0,0.0
JavaScript,18125.0,130.0,9976.0,0.007172413793103448,72,17995.0,0.0
Perl,621.0,57.0,3692.0,0.09178743961352658,339,564.0,0.0
Python,772.0,12.0,8935.0,0.015544041450777202,139,760.0,0.0
Rust,5.0,1.0,8690.0,0.2,1738,4.0,1734.0
TypeScript,216.0,1.0,9508.0,0.004629629629629629,45,215.0,0.0
