language,total,large files p/ project,large files total,small files total,small proportion,small files p/ project,files available,files missing
C,2071.0,14.0,587.0,8977.0,0.02385008517887564,215,2057.0,0.0
C++,3170.0,93.0,421.0,8461.0,0.2209026128266033,1870,3077.0,0.0
JavaScript,18125.0,130.0,1671.0,9976.0,0.07779772591262717,777,17995.0,0.0
Perl,621.0,57.0,60.0,3692.0,0.95,3508,564.0,2944.0
Python,772.0,12.0,570.0,8935.0,0.021052631578947368,189,760.0,0.0
Rust,5.0,1.0,484.0,8690.0,0.002066115702479339,18,4.0,14.0
TypeScript,216.0,1.0,920.0,9508.0,0.0010869565217391304,11,215.0,0.0
