language,total,large files,small p/ language,small proportion,small files,files available
JavaScript,6840.0,103.0,9976.0,0.015058479532163743,151,6737.0
Rust,836.0,12.0,8690.0,0.014354066985645933,125,824.0
TypeScript,5626.0,33.0,9508.0,0.005865623889086385,56,5593.0
