Type,Added Average,Added Median,Added Max,Deleted Average,Deleted Median,Deleted Min,Zero Count
large,17.09324452901998,5.0,1755,-34.357894736842105,-4.0,-1132,392
small,15.359223300970873,3.0,1755,-12.855457227138643,-3.0,-660,719
