Type,Added Average,Added Median,Added Max,Deleted Average,Deleted Median,Deleted Min,Zero Count
large,16.681553398058252,5.0,2224,-8.40757328990228,-3.0,-994,3350
small,13.944291781164127,4.0,4672,-8.030486268581507,-3.0,-1078,4929
