Type,Added Average,Added Median,Added Max,Deleted Average,Deleted Median,Deleted Min,Zero Count
large,22.07769423558897,7.0,1517,-31.47342995169082,-5.0,-1550,460
small,18.0180412371134,5.5,1517,-20.42156862745098,-5.5,-256,150
