Type,Added Average,Added Median,Added Max,Deleted Average,Deleted Median,Deleted Min,Zero Count
large,25.01271676300578,9.0,606,-21.622073578595316,-4.0,-3291,491
small,14.15625,3.5,190,-25.93658536585366,-4.0,-3291,351
