Type,Added Average,Added Median,Added Max,Deleted Average,Deleted Median,Deleted Min,Zero Count
large,15.825657894736842,4.0,2224,-12.62352576039727,-2.0,-4134,22853
small,13.67357910906298,3.0,836,-10.495685279187818,-2.0,-781,26175
