Type,Added Average,Added Median,Added Max,Deleted Average,Deleted Median,Deleted Min,Zero Count
large,26.284339925173704,6.0,5534,-7.993233494203691,-1.0,-8947,25028
small,19.703255148449077,4.0,5534,-8.936020998236476,-1.0,-8952,33632
