Type,Added Average,Added Median,Added Max,Deleted Average,Deleted Median,Deleted Min,Zero Count
large,32.37580155587272,5.0,12592,-17.20066290203781,-3.0,-17244,88091
small,21.25476647367424,4.0,12592,-13.133104454031718,-3.0,-14894,113913
