Type,Added Average,Added Median,Added Max,Deleted Average,Deleted Median,Deleted Min,Zero Count
large,8.149666666666667,1.0,524,-9.686175580221997,-2.0,-560,3935
small,7.611028825338954,2.0,1808,-10.714241001564945,-4.0,-486,16553
