Type,Added Average,Added Median,Added Max,Deleted Average,Deleted Median,Deleted Min,Zero Count
large,20.966945690869174,3.0,24655,-16.36510611025543,-1.0,-27359,100448
small,15.846024937025053,3.0,9005,-12.623386607323487,-1.0,-9534,95377
