Type,Added Average,Added Median,Added Max,Deleted Average,Deleted Median,Deleted Min,Zero Count
large,19.48085555848957,5.0,1193,-19.766239316239318,-3.0,-3278,6321
small,10.234527687296417,3.0,675,-12.609184629803186,-3.0,-3278,5147
