Type,Added Average,Added Median,Added Max,Deleted Average,Deleted Median,Deleted Min,Zero Count
large,40.519875435061365,7.0,23459,-14.06101104009297,-3.0,-1127,2327
small,30.243335031414503,6.0,5511,-12.618764845605702,-3.0,-1127,3104
