Type,Added Average,Added Median,Added Max,Deleted Average,Deleted Median,Deleted Min,Zero Count
large,11.306983194648392,4.0,1180,-11.163007756014197,-3.0,-1625,10582
small,10.195495927168183,3.0,1180,-10.452492211838006,-2.0,-724,7929
