Type,Added Average,Added Median,Added Max,Deleted Average,Deleted Median,Deleted Min,Zero Count
large,150.3919413919414,3.0,36995,-17.48181818181818,-3.0,-355,196
small,30.18505545826036,2.0,36995,-29.63931623931624,-3.0,-10432,1084
