Type,Added Average,Added Median,Added Max,Deleted Average,Deleted Median,Deleted Min,Zero Count
large,35.8126102292769,10.0,1982,-20.28950403690888,-3.0,-1247,1284
small,38.36078886310905,10.0,1050,-22.07391304347826,-1.0,-1247,622
