Type,Added Average,Added Median,Added Max,Deleted Average,Deleted Median,Deleted Min,Zero Count
large,17.18815392800142,4.0,1681,-13.03355580274379,-3.0,-1609,16677
small,16.336137399228882,3.0,1681,-13.186957262046654,-3.0,-1609,17392
