Type,Added Average,Added Median,Added Max,Deleted Average,Deleted Median,Deleted Min,Zero Count
large,84.59899037703107,6.0,9356,-128.04896265560166,-5.0,-10377,12168
small,74.92896522476676,5.0,9356,-91.53285714285714,-3.0,-10377,12275
