Type,#Files,Total Filtered Files,%% Grew,%% Decreased,%% Zero,Grew Average,Grew Median,Decreased Average,Decreased Median,Zero Total,Total Large Files,%% Large Grew,%% Large Decreased,%% Large Zero,Large Grew Average,Large Grew Median,Large Decreased Average,Large Decreased Median,Large Zero Total,Total Small Files,%% Small Grew,%% Small Decreased,%% Small Zero,Small Grew Average,Small Grew Median,Small Decreased Average,Small Decreased Median,Small Zero Total
large,267,146,44.33249370277078,10.831234256926953,8.564231738035264,19.366477272727273,5.0,-38.73255813953488,-10.0,68,1,268.7022900763359,65.64885496183206,51.908396946564885,19.366477272727273,5.0,-38.73255813953488,-10.0,68,145,0,0,0,19.366477272727273,5.0,-38.73255813953488,-10.0,68
small,289,154,26.492537313432834,14.17910447761194,19.65174129353234,23.586854460093896,6.0,-23.219298245614034,-4.0,158,1,1331.25,712.5,987.5,23.586854460093896,6.0,-23.219298245614034,-4.0,158,153,0,0,0,23.586854460093896,6.0,-23.219298245614034,-4.0,158
