Type,#Files,Total Filtered Files,%% Grew,%% Decreased,%% Zero,Grew Average,Grew Median,Decreased Average,Decreased Median,Zero Total,Total Large Files,%% Large Grew,%% Large Decreased,%% Large Zero,Large Grew Average,Large Grew Median,Large Decreased Average,Large Decreased Median,Large Zero Total,Total Small Files,%% Small Grew,%% Small Decreased,%% Small Zero,Small Grew Average,Small Grew Median,Small Decreased Average,Small Decreased Median,Small Zero Total
large,734,607,10.933333333333334,2.2222222222222223,3.911111111111111,37.36585365853659,24.0,-17.48,-6.0,44,607,18.035190615835777,3.6656891495601176,6.451612903225806,37.36585365853659,24.0,-17.48,-6.0,44,219,0,0,0,37.36585365853659,24.0,-17.48,-6.0,44
small,1938,1518,15.05524861878453,5.386740331491713,7.872928176795579,22.141284403669726,9.0,-14.538461538461538,-3.0,285,1518,35.644211903204706,12.753433616742967,18.639633747547414,22.141284403669726,9.0,-14.538461538461538,-3.0,285,684,0,0,0,22.141284403669726,9.0,-14.538461538461538,-3.0,285
