Type,#Files,Total Filtered Files,%% Grew,%% Decreased,%% Zero,Grew Average,Grew Median,Decreased Average,Decreased Median,Zero Total,Total Large Files,%% Large Grew,%% Large Decreased,%% Large Zero,Large Grew Average,Large Grew Median,Large Decreased Average,Large Decreased Median,Large Zero Total,Total Small Files,%% Small Grew,%% Small Decreased,%% Small Zero,Small Grew Average,Small Grew Median,Small Decreased Average,Small Decreased Median,Small Zero Total
large,2634,1672,5.828220858895705,1.1588275391956373,2.692569870483981,37.578947368421055,19.0,-32.35294117647059,-8.5,79,1672,9.622960045019695,1.9133370849746762,4.445694991558807,37.578947368421055,19.0,-32.35294117647059,-8.5,79,804,0,0,0,37.578947368421055,19.0,-32.35294117647059,-8.5,79
small,6121,4004,7.757323144610397,1.1809656130600903,3.2766006715294664,24.94179104477612,8.0,-17.84313725490196,-9.0,283,4004,16.055595494847832,2.4442846872753416,6.781691828420801,24.94179104477612,8.0,-17.84313725490196,-9.0,283,2340,0,0,0,24.94179104477612,8.0,-17.84313725490196,-9.0,283
