Type,#Files,Total Filtered Files,%% Grew,%% Decreased,%% Zero,Grew Average,Grew Median,Decreased Average,Decreased Median,Zero Total,Total Large Files,%% Large Grew,%% Large Decreased,%% Large Zero,Large Grew Average,Large Grew Median,Large Decreased Average,Large Decreased Median,Large Zero Total,Total Small Files,%% Small Grew,%% Small Decreased,%% Small Zero,Small Grew Average,Small Grew Median,Small Decreased Average,Small Decreased Median,Small Zero Total
large,4120,2791,17.371502927781393,8.145738451528953,11.43786597267404,34.2187265917603,10.0,-15.629392971246006,-2.0,879,2783,43.45703125,20.377604166666664,28.61328125,34.2187265917603,10.0,-15.629392971246006,-2.0,879,1186,0,0,0,34.2187265917603,10.0,-15.629392971246006,-2.0,879
small,8924,6204,13.237199346589309,8.488706134174507,12.933025404157044,26.141702127659574,7.0,-12.91970802919708,-2.0,2296,6195,35.87786259541985,23.007633587786263,35.05343511450382,26.141702127659574,7.0,-12.91970802919708,-2.0,2296,3101,0,0,0,26.141702127659574,7.0,-12.91970802919708,-2.0,2296
