Type,#Files,Total Filtered Files,%% Grew,%% Decreased,%% Zero,Grew Average,Grew Median,Decreased Average,Decreased Median,Zero Total,Total Large Files,%% Large Grew,%% Large Decreased,%% Large Zero,Large Grew Average,Large Grew Median,Large Decreased Average,Large Decreased Median,Large Zero Total,Total Small Files,%% Small Grew,%% Small Decreased,%% Small Zero,Small Grew Average,Small Grew Median,Small Decreased Average,Small Decreased Median,Small Zero Total
large,13724,8975,28.896600082705547,12.57843542674266,26.197882018734603,91.24253359880538,15.0,-68.71812464265294,-6.0,14571,8973,62.46890547263681,27.192164179104477,56.6347947761194,91.24253359880538,15.0,-68.71812464265294,-6.0,14571,4653,0,0,0,91.24253359880538,15.0,-68.71812464265294,-6.0,14571
small,23267,16610,23.5218214142341,13.878534151516888,27.165414539962914,48.84721037018977,5.0,-26.224931129476584,-4.0,28421,16608,94.55907780979828,55.792507204610956,109.20653218059557,48.84721037018977,5.0,-26.224931129476584,-4.0,28421,10629,0,0,0,48.84721037018977,5.0,-26.224931129476584,-4.0,28421
