Type,Commits Amount,70% Threshould Large,70% Threshould Small,70% Threshould Flex,Large Files,Large Mean,Large Median,Large Min,Large Max,Commits Large Mean,Commits Large Median,Authors Large Mean,Authors Large Median,Small Files,Small Mean,Small Median,Small Min,Small Max,Commits Small Mean,Commits Small Median,Authors Small Mean,Authors Small Median
large,15830,8,2,1,855,4.585964912280701,4.0,1,17,51.1906432748538,25.0,13.28187134502924,9.0,26205,2.2507918336195383,1.0,1,18,5.679107040641099,3.0,3.7010494180499904,2.0
small,21655,1,1,1,825,4.529696969696969,4.0,1,16,33.63272727272727,17.0,11.484848484848484,8.0,33540,2.202921884317233,1.0,1,17,7.186344663088849,3.0,3.894066785927251,2.0
