Type,Commits Amount,70% Threshould Large,70% Threshould Small,70% Threshould Flex,Large Files,Large Mean,Large Median,Large Min,Large Max,Commits Large Mean,Commits Large Median,Authors Large Mean,Authors Large Median,Small Files,Small Mean,Small Median,Small Min,Small Max,Commits Small Mean,Commits Small Median,Authors Small Mean,Authors Small Median
large,1282,2,1,1,27,1.3703703703703705,1.0,1,2,63.074074074074076,1.0,3.740740740740741,1.0,2893,1.1738679571379191,1.0,1,3,2.9605945385413066,1.0,1.5858969927410993,1.0
small,1136,0,1,1,38,1.236842105263158,1.0,1,2,16.57894736842105,3.0,2.0789473684210527,1.0,4195,1.2109654350417163,1.0,1,5,3.365435041716329,2.0,1.6510131108462456,1.0
