Type,#Files,Total Filtered Files,%% Grew,%% Decreased,%% Zero,Grew Average,Grew Median,Decreased Average,Decreased Median,Zero Total,Total Large Files,%% Large Grew,%% Large Decreased,%% Large Zero,Large Grew Average,Large Grew Median,Large Decreased Average,Large Decreased Median,Large Zero Total,Total Small Files,%% Small Grew,%% Small Decreased,%% Small Zero,Small Grew Average,Small Grew Median,Small Decreased Average,Small Decreased Median,Small Zero Total
large,729,577,46.141696750902526,12.906137184115524,14.462996389891696,26.48753056234719,8.0,-22.75874125874126,-5.0,641,577,102.86720321931591,28.772635814889334,32.243460764587525,26.48753056234719,8.0,-22.75874125874126,-5.0,641,326,0,0,0,26.48753056234719,8.0,-22.75874125874126,-5.0,641
small,1492,1188,31.39475908706678,14.454775993237531,13.119188503803889,22.489499192245557,7.0,-11.995321637426901,-4.0,776,1188,133.78962536023056,61.59942363112392,55.907780979827095,22.489499192245557,7.0,-11.995321637426901,-4.0,776,698,0,0,0,22.489499192245557,7.0,-11.995321637426901,-4.0,776
