Type,#Files,Total Filtered Files,%% Grew,%% Decreased,%% Zero,Grew Average,Grew Median,Decreased Average,Decreased Median,Zero Total,Total Large Files,%% Large Grew,%% Large Decreased,%% Large Zero,Large Grew Average,Large Grew Median,Large Decreased Average,Large Decreased Median,Large Zero Total,Total Small Files,%% Small Grew,%% Small Decreased,%% Small Zero,Small Grew Average,Small Grew Median,Small Decreased Average,Small Decreased Median,Small Zero Total
large,363,311,2.046783625730994,0.29239766081871343,0.29239766081871343,38.714285714285715,20.0,-10.0,-10.0,1,311,2.1875,0.3125,0.3125,38.714285714285715,20.0,-10.0,-10.0,1,14,0,0,0,38.714285714285715,20.0,-10.0,-10.0,1
small,1433,913,6.172839506172839,1.5089163237311385,2.7434842249657065,22.81111111111111,8.0,-12.772727272727273,-7.5,40,911,9.782608695652174,2.391304347826087,4.3478260869565215,22.81111111111111,8.0,-12.772727272727273,-7.5,40,274,0,0,0,22.81111111111111,8.0,-12.772727272727273,-7.5,40
