Type,#Files,Total Filtered Files,%% Grew,%% Decreased,%% Zero,Grew Average,Grew Median,Decreased Average,Decreased Median,Zero Total,Total Large Files,%% Large Grew,%% Large Decreased,%% Large Zero,Large Grew Average,Large Grew Median,Large Decreased Average,Large Decreased Median,Large Zero Total,Total Small Files,%% Small Grew,%% Small Decreased,%% Small Zero,Small Grew Average,Small Grew Median,Small Decreased Average,Small Decreased Median,Small Zero Total
large,1709,1389,9.610525398623333,11.819290755423891,61.86285614707676,21.759746146872168,7.0,-16.446737928492443,-3.0,14200,1389,40.958039361307094,50.37133308577795,263.6464909023394,21.759746146872168,7.0,-16.446737928492443,-3.0,14200,1209,0,0,0,21.759746146872168,7.0,-16.446737928492443,-3.0,14200
small,1868,1515,9.289972020599327,11.779733181947204,62.05344471027128,21.954168485377565,7.0,-16.049569707401034,-3.0,15303,1515,49.97818499127399,63.37260034904014,333.8350785340314,21.954168485377565,7.0,-16.049569707401034,-3.0,15303,1312,0,0,0,21.954168485377565,7.0,-16.049569707401034,-3.0,15303
