Type,#Commits Anal,Together Mean,Together Median,Together TOTAL,Together Percentage,Together with Large Mean,Together with Large Median,Together with Large TOTAL,Together with Large Percentage,Together with Small Mean,Together with Small Median,Together with Small TOTAL,Together with Small Percentage
large,2679,6.732142857142857,0.0,2632,98.24561403508771,0.04901215805471125,0.0,119,4.521276595744681,6.683130699088146,0.0,826,31.382978723404253
small,3442,90.38926174496645,42.0,149,4.328878558977339,0.4697986577181208,0.0,62,41.61073825503356,89.91946308724832,42.0,149,100.0
