Type,Commits Amount,70% Threshould Large,70% Threshould Small,70% Threshould Flex,Large Files,Large Mean,Large Median,Large Min,Large Max,Commits Large Mean,Commits Large Median,Authors Large Mean,Authors Large Median,Small Files,Small Mean,Small Median,Small Min,Small Max,Commits Small Mean,Commits Small Median,Authors Small Mean,Authors Small Median
large,57680,38,2,1,2117,3.973547472838923,3.0,1,37,56.57298063297119,17.0,12.306565895134625,7.0,161651,1.6092693518753363,1.0,1,19,4.064756790864269,2.0,2.4808754662822996,2.0
small,44896,3,2,1,2019,3.492322932144626,3.0,1,21,26.087667161961367,10.0,8.628033680039623,5.0,196973,1.6240195356724019,1.0,1,17,4.282678336624817,2.0,2.5525021195798407,2.0
