Type,Commits Amount,70% Threshould Large,70% Threshould Small,70% Threshould Flex,Large Files,Large Mean,Large Median,Large Min,Large Max,Commits Large Mean,Commits Large Median,Authors Large Mean,Authors Large Median,Small Files,Small Mean,Small Median,Small Min,Small Max,Commits Small Mean,Commits Small Median,Authors Small Mean,Authors Small Median
large,100977,100,2,1,1307,5.102524866105585,3.0,1,58,115.33588370313696,19.0,19.854628921193573,8.0,128888,1.8412032151945876,1.0,0,54,6.11267146669977,3.0,3.1791322698777233,2.0
small,130242,28,4,1,1320,4.504545454545455,3.0,1,32,68.22727272727273,13.0,14.712121212121213,6.0,167098,1.9330392943063353,1.0,0,38,7.019306035978887,3.0,3.463572274952423,2.0
