Type,Commits Amount,70% Threshould Large,70% Threshould Small,70% Threshould Flex,Large Files,Large Mean,Large Median,Large Min,Large Max,Commits Large Mean,Commits Large Median,Authors Large Mean,Authors Large Median,Small Files,Small Mean,Small Median,Small Min,Small Max,Commits Small Mean,Commits Small Median,Authors Small Mean,Authors Small Median
large,41674,30,5,1,382,2.787958115183246,1.0,1,26,127.3979057591623,3.0,13.926701570680628,2.0,38991,1.5278654048370137,1.0,1,19,6.030930214664923,2.0,2.671411351337488,1.0
small,43650,1,4,1,423,2.3782505910165486,1.0,1,21,34.600472813238774,3.0,6.964539007092198,2.0,52028,1.5403244406857846,1.0,0,23,6.820327515952949,2.0,2.7336049819328054,1.0
