Type,Commits Amount,70% Threshould Large,70% Threshould Small,70% Threshould Flex,Large Files,Large Mean,Large Median,Large Min,Large Max,Commits Large Mean,Commits Large Median,Authors Large Mean,Authors Large Median,Small Files,Small Mean,Small Median,Small Min,Small Max,Commits Small Mean,Commits Small Median,Authors Small Mean,Authors Small Median
large,45868,3,1,1,158,3.2848101265822787,2.0,1,14,148.873417721519,21.0,11.310126582278482,5.0,66952,1.4825247938821842,1.0,1,23,7.018012904767595,2.0,2.6061954833313417,1.0
small,66591,1,2,1,172,3.308139534883721,2.0,1,12,123.84302325581395,18.0,10.313953488372093,5.0,97474,1.5748199519871966,1.0,1,22,6.9638672876869725,2.0,2.7990233292980693,2.0
