Type,Commits Amount,70% Threshould Large,70% Threshould Small,70% Threshould Flex,Large Files,Large Mean,Large Median,Large Min,Large Max,Commits Large Mean,Commits Large Median,Authors Large Mean,Authors Large Median,Small Files,Small Mean,Small Median,Small Min,Small Max,Commits Small Mean,Commits Small Median,Authors Small Mean,Authors Small Median
large,49925,65,4,2,1289,6.051978277734678,3.0,1,77,61.489526764934055,12.0,17.61675717610551,6.0,72812,1.752911607976707,1.0,1,68,4.700969620392243,2.0,2.8104845355161236,1.0
small,72699,5,5,2,1444,5.082409972299169,2.0,1,76,34.10734072022161,7.0,12.246537396121884,4.0,113612,1.9126324684012252,1.0,1,74,5.354953702073725,2.0,3.1390082033588,2.0
