Type,Commits Amount,70% Threshould Large,70% Threshould Small,70% Threshould Flex,Large Files,Large Mean,Large Median,Large Min,Large Max,Commits Large Mean,Commits Large Median,Authors Large Mean,Authors Large Median,Small Files,Small Mean,Small Median,Small Min,Small Max,Commits Small Mean,Commits Small Median,Authors Small Mean,Authors Small Median
large,56814,18,4,1,1668,3.038369304556355,2.0,1,34,59.05395683453237,18.0,10.405275779376499,5.0,97991,1.3706666938800502,1.0,1,29,4.044891877825514,2.0,2.088865303956486,1.0
small,38691,6,6,1,1602,2.550561797752809,2.0,1,22,28.496878901373282,12.0,6.635455680399501,4.0,114155,1.4109325040515088,1.0,1,32,4.143305155271341,2.0,2.183242083132583,1.0
