Type,Commits Amount,70% Threshould Large,70% Threshould Small,70% Threshould Flex,Large Files,Large Mean,Large Median,Large Min,Large Max,Commits Large Mean,Commits Large Median,Authors Large Mean,Authors Large Median,Small Files,Small Mean,Small Median,Small Min,Small Max,Commits Small Mean,Commits Small Median,Authors Small Mean,Authors Small Median
large,11347,3,1,1,242,2.0785123966942147,1.0,1,31,75.9504132231405,21.0,6.904958677685951,4.0,20296,1.098492313756405,1.0,1,15,2.737534489554592,1.0,1.3821935356720536,1.0
small,14150,4,1,1,251,1.7091633466135459,1.0,1,7,43.537848605577686,12.0,4.836653386454183,3.0,47184,1.0574559172600881,1.0,1,10,2.224207358426585,1.0,1.2383646998982707,1.0
