Type,Commits Amount,70% Threshould Large,70% Threshould Small,70% Threshould Flex,Large Files,Large Mean,Large Median,Large Min,Large Max,Commits Large Mean,Commits Large Median,Authors Large Mean,Authors Large Median,Small Files,Small Mean,Small Median,Small Min,Small Max,Commits Small Mean,Commits Small Median,Authors Small Mean,Authors Small Median
large,52493,40,2,1,1252,3.402555910543131,1.0,1,70,60.361022364217256,3.0,10.920127795527156,2.0,53583,1.739115017822817,1.0,1,50,6.076442155161152,3.0,2.93091092324058,2.0
small,66723,5,3,1,1202,2.762063227953411,1.0,1,43,32.6089850249584,2.0,7.392678868552412,2.0,63865,1.9100446253816645,1.0,0,47,7.8579190479918575,3.0,3.417427385892116,2.0
