Type,Commits Amount,70% Threshould Large,70% Threshould Small,70% Threshould Flex,Large Files,Large Mean,Large Median,Large Min,Large Max,Commits Large Mean,Commits Large Median,Authors Large Mean,Authors Large Median,Small Files,Small Mean,Small Median,Small Min,Small Max,Commits Small Mean,Commits Small Median,Authors Small Mean,Authors Small Median
large,53025,48,7,2,712,6.714887640449438,4.0,1,63,107.86797752808988,35.0,25.10674157303371,12.0,36555,1.847517439474764,1.0,1,40,5.890110791957325,2.0,3.1971823279989056,2.0
small,75940,17,15,2,776,5.207474226804123,3.0,1,67,49.3208762886598,15.5,15.417525773195877,7.0,50043,2.0009791579241853,1.0,1,97,7.229902284035729,3.0,3.6555362388346024,2.0
