Type,Commits Amount,70% Threshould Large,70% Threshould Small,70% Threshould Flex,Large Files,Large Mean,Large Median,Large Min,Large Max,Commits Large Mean,Commits Large Median,Authors Large Mean,Authors Large Median,Small Files,Small Mean,Small Median,Small Min,Small Max,Commits Small Mean,Commits Small Median,Authors Small Mean,Authors Small Median
large,99491,65,2,1,1540,5.1688311688311686,3.0,1,64,100.1435064935065,36.0,20.182467532467534,9.0,146898,1.4081743795014228,1.0,0,42,4.169757246524799,1.0,2.058932048087789,1.0
small,90410,15,2,1,1436,4.293175487465181,2.0,1,61,49.603760445682454,21.0,12.930362116991644,6.5,160913,1.5245753916712759,1.0,0,49,4.634958020793845,2.0,2.3162889263142197,1.0
