Type,#Files,Total Filtered Files,%% Grew,%% Decreased,%% Zero,Grew Average,Grew Median,Decreased Average,Decreased Median,Zero Total,Total Large Files,%% Large Grew,%% Large Decreased,%% Large Zero,Large Grew Average,Large Grew Median,Large Decreased Average,Large Decreased Median,Large Zero Total,Total Small Files,%% Small Grew,%% Small Decreased,%% Small Zero,Small Grew Average,Small Grew Median,Small Decreased Average,Small Decreased Median,Small Zero Total
large,356,249,28.78390201224847,9.711286089238845,17.497812773403325,68.5015197568389,10.0,-45.63963963963964,-4.0,200,249,99.39577039274926,33.53474320241692,60.42296072507553,68.5015197568389,10.0,-45.63963963963964,-4.0,200,140,0,0,0,68.5015197568389,10.0,-45.63963963963964,-4.0,200
small,1272,906,25.26174496644295,9.986577181208053,20.187919463087248,35.4845908607864,8.0,-18.88978494623656,-5.0,752,906,102.171552660152,40.390879478827365,81.65038002171553,35.4845908607864,8.0,-18.88978494623656,-5.0,752,432,0,0,0,35.4845908607864,8.0,-18.88978494623656,-5.0,752
