Type,#Files,Total Filtered Files,%% Grew,%% Decreased,%% Zero,Grew Average,Grew Median,Decreased Average,Decreased Median,Zero Total,Total Large Files,%% Large Grew,%% Large Decreased,%% Large Zero,Large Grew Average,Large Grew Median,Large Decreased Average,Large Decreased Median,Large Zero Total,Total Small Files,%% Small Grew,%% Small Decreased,%% Small Zero,Small Grew Average,Small Grew Median,Small Decreased Average,Small Decreased Median,Small Zero Total
large,185,147,62.62095659386232,12.303013547138512,15.205971799834117,39.40927152317881,14.0,-79.0,-11.0,550,147,108.89423076923077,21.394230769230766,26.442307692307693,39.40927152317881,14.0,-79.0,-11.0,550,97,0,0,0,39.40927152317881,14.0,-79.0,-11.0,550
small,258,193,56.41978839004861,11.03803259937089,18.472976837289103,31.353269133299545,8.0,-48.39378238341969,-6.0,646,193,194.19291338582678,37.99212598425197,63.582677165354326,31.353269133299545,8.0,-48.39378238341969,-6.0,646,145,0,0,0,31.353269133299545,8.0,-48.39378238341969,-6.0,646
