Type,#Files,Total Filtered Files,%% Grew,%% Decreased,%% Zero,Grew Average,Grew Median,Decreased Average,Decreased Median,Zero Total,Total Large Files,%% Large Grew,%% Large Decreased,%% Large Zero,Large Grew Average,Large Grew Median,Large Decreased Average,Large Decreased Median,Large Zero Total,Total Small Files,%% Small Grew,%% Small Decreased,%% Small Zero,Small Grew Average,Small Grew Median,Small Decreased Average,Small Decreased Median,Small Zero Total
large,19,10,13.513513513513514,21.62162162162162,13.513513513513514,352.8,91.0,-661.75,-745.0,5,10,17.857142857142858,28.57142857142857,17.857142857142858,352.8,91.0,-661.75,-745.0,5,3,0,0,0,352.8,91.0,-661.75,-745.0,5
small,976,520,13.879781420765028,5.136612021857923,6.557377049180328,18.992125984251967,5.0,-85.91489361702128,-5.0,60,520,23.26007326007326,8.608058608058608,10.989010989010989,18.992125984251967,5.0,-85.91489361702128,-5.0,60,110,0,0,0,18.992125984251967,5.0,-85.91489361702128,-5.0,60
