Type,#Files,Total Filtered Files,%% Grew,%% Decreased,%% Zero,Grew Average,Grew Median,Decreased Average,Decreased Median,Zero Total,Total Large Files,%% Large Grew,%% Large Decreased,%% Large Zero,Large Grew Average,Large Grew Median,Large Decreased Average,Large Decreased Median,Large Zero Total,Total Small Files,%% Small Grew,%% Small Decreased,%% Small Zero,Small Grew Average,Small Grew Median,Small Decreased Average,Small Decreased Median,Small Zero Total
large,5054,3584,38.78438372465559,11.97308801318138,18.133553023021648,65.21442058059948,10.0,-128.88799694189603,-8.0,3962,3584,83.85947550717466,25.888174171202376,39.20831271647699,65.21442058059948,10.0,-128.88799694189603,-8.0,3962,1736,0,0,0,65.21442058059948,10.0,-128.88799694189603,-8.0,3962
small,10463,7790,29.233503250245523,10.520039283543001,22.98554926811018,44.465125579907216,7.0,-64.29628806401422,-5.0,9830,7790,113.11979732175172,40.7075642417662,88.94317770539269,44.465125579907216,7.0,-64.29628806401422,-5.0,9830,4522,0,0,0,44.465125579907216,7.0,-64.29628806401422,-5.0,9830
