Type,#Files,Total Filtered Files,%% Grew,%% Decreased,%% Zero,Grew Average,Grew Median,Decreased Average,Decreased Median,Zero Total,Total Large Files,%% Large Grew,%% Large Decreased,%% Large Zero,Large Grew Average,Large Grew Median,Large Decreased Average,Large Decreased Median,Large Zero Total,Total Small Files,%% Small Grew,%% Small Decreased,%% Small Zero,Small Grew Average,Small Grew Median,Small Decreased Average,Small Decreased Median,Small Zero Total
large,2011,789,39.10034602076124,14.894620949984272,20.603963510537902,41.34835076427997,12.0,-31.005279831045407,-6.0,1310,789,96.02162997296253,36.577829277713406,50.598686751641566,41.34835076427997,12.0,-31.005279831045407,-6.0,1310,445,0,0,0,41.34835076427997,12.0,-31.005279831045407,-6.0,1310
small,14614,10509,20.38660973005948,7.90376696660058,13.401708098215648,34.09481952496727,8.0,-20.745296671490593,-4.0,3515,10508,42.98577056033443,16.66532679475842,28.257898544899106,34.09481952496727,8.0,-20.745296671490593,-4.0,3515,2291,0,0,0,34.09481952496727,8.0,-20.745296671490593,-4.0,3515
