Type,#Files,Total Filtered Files,%% Grew,%% Decreased,%% Zero,Grew Average,Grew Median,Decreased Average,Decreased Median,Zero Total,Total Large Files,%% Large Grew,%% Large Decreased,%% Large Zero,Large Grew Average,Large Grew Median,Large Decreased Average,Large Decreased Median,Large Zero Total,Total Small Files,%% Small Grew,%% Small Decreased,%% Small Zero,Small Grew Average,Small Grew Median,Small Decreased Average,Small Decreased Median,Small Zero Total
large,1222,969,34.069242348218765,6.848971399899649,11.690918213748118,38.40942562592047,7.0,-296.64835164835165,-10.0,466,969,79.64809384164224,16.011730205278592,27.331378299120235,38.40942562592047,7.0,-296.64835164835165,-10.0,466,479,0,0,0,38.40942562592047,7.0,-296.64835164835165,-10.0,466
small,3670,2149,31.689202056751093,12.169110645591315,15.66368310797943,25.500901442307693,7.0,-81.50078247261345,-7.0,1645,2149,112.05387205387206,43.03030303030303,55.387205387205384,25.500901442307693,7.0,-81.50078247261345,-7.0,1645,1145,0,0,0,25.500901442307693,7.0,-81.50078247261345,-7.0,1645
