Type,#Files,Total Filtered Files,%% Grew,%% Decreased,%% Zero,Grew Average,Grew Median,Decreased Average,Decreased Median,Zero Total,Total Large Files,%% Large Grew,%% Large Decreased,%% Large Zero,Large Grew Average,Large Grew Median,Large Decreased Average,Large Decreased Median,Large Zero Total,Total Small Files,%% Small Grew,%% Small Decreased,%% Small Zero,Small Grew Average,Small Grew Median,Small Decreased Average,Small Decreased Median,Small Zero Total
large,82,68,62.85860655737705,9.938524590163935,19.006147540983605,12.555827220863895,6.0,-8.175257731958762,-4.0,371,3,101.32122213047067,16.01981833195706,30.63583815028902,12.555827220863895,6.0,-8.175257731958762,-4.0,371,65,0,0,0,12.555827220863895,6.0,-8.175257731958762,-4.0,371
small,86,75,48.095238095238095,11.11111111111111,26.190476190476193,18.584158415841586,8.0,-7.2785714285714285,-3.0,330,2,230.41825095057033,53.2319391634981,125.47528517110267,18.584158415841586,8.0,-7.2785714285714285,-3.0,330,73,0,0,0,18.584158415841586,8.0,-7.2785714285714285,-3.0,330
