Type,#Files,Total Filtered Files,%% Grew,%% Decreased,%% Zero,Grew Average,Grew Median,Decreased Average,Decreased Median,Zero Total,Total Large Files,%% Large Grew,%% Large Decreased,%% Large Zero,Large Grew Average,Large Grew Median,Large Decreased Average,Large Decreased Median,Large Zero Total,Total Small Files,%% Small Grew,%% Small Decreased,%% Small Zero,Small Grew Average,Small Grew Median,Small Decreased Average,Small Decreased Median,Small Zero Total
large,2419,2002,31.961591220850483,12.47230136119025,18.106995884773664,30.667547045229448,9.0,-26.016920473773265,-6.0,1716,2002,88.64501024290313,34.591747146619845,50.21949078138718,30.667547045229448,9.0,-26.016920473773265,-6.0,1716,867,0,0,0,30.667547045229448,9.0,-26.016920473773265,-6.0,1716
small,3710,3035,31.501639344262294,13.029508196721313,20.74754098360656,23.327019150707745,8.0,-21.54906894816306,-5.0,3164,3035,114.16349809885931,47.219581749049425,75.19011406844106,23.327019150707745,8.0,-21.54906894816306,-5.0,3164,1266,0,0,0,23.327019150707745,8.0,-21.54906894816306,-5.0,3164
