Type,#Files,Total Filtered Files,%% Grew,%% Decreased,%% Zero,Grew Average,Grew Median,Decreased Average,Decreased Median,Zero Total,Total Large Files,%% Large Grew,%% Large Decreased,%% Large Zero,Large Grew Average,Large Grew Median,Large Decreased Average,Large Decreased Median,Large Zero Total,Total Small Files,%% Small Grew,%% Small Decreased,%% Small Zero,Small Grew Average,Small Grew Median,Small Decreased Average,Small Decreased Median,Small Zero Total
large,328,97,15.88235294117647,4.705882352941177,12.058823529411764,444.64814814814815,37.0,-162.625,-24.5,41,97,39.416058394160586,11.678832116788321,29.927007299270077,444.64814814814815,37.0,-162.625,-24.5,41,69,0,0,0,444.64814814814815,37.0,-162.625,-24.5,41
small,496,230,29.46783161239079,15.885623510722796,12.787926926131851,78.95148247978436,9.0,-32.45,-8.5,161,230,143.7984496124031,77.51937984496125,62.4031007751938,78.95148247978436,9.0,-32.45,-8.5,161,163,0,0,0,78.95148247978436,9.0,-32.45,-8.5,161
