Type,#Files,Total Filtered Files,%% Grew,%% Decreased,%% Zero,Grew Average,Grew Median,Decreased Average,Decreased Median,Zero Total,Total Large Files,%% Large Grew,%% Large Decreased,%% Large Zero,Large Grew Average,Large Grew Median,Large Decreased Average,Large Decreased Median,Large Zero Total,Total Small Files,%% Small Grew,%% Small Decreased,%% Small Zero,Small Grew Average,Small Grew Median,Small Decreased Average,Small Decreased Median,Small Zero Total
large,3863,2864,48.4591502328523,13.634795607428277,20.499626286437074,72.28593462656463,8.0,-197.51507484714315,-6.0,7131,2864,130.25034770514603,36.648122392211405,55.09967547519703,72.28593462656463,8.0,-197.51507484714315,-6.0,7131,1696,0,0,0,72.28593462656463,8.0,-197.51507484714315,-6.0,7131
small,5438,3975,42.76542943461372,12.076499784203712,21.806214933103153,36.589441150498295,9.0,-63.71275407639044,-5.0,8084,3975,188.15570852124378,53.13315926892951,95.94113458343223,36.589441150498295,9.0,-63.71275407639044,-5.0,8084,2520,0,0,0,36.589441150498295,9.0,-63.71275407639044,-5.0,8084
