Type,#Files,Total Filtered Files,%% Grew,%% Decreased,%% Zero,Grew Average,Grew Median,Decreased Average,Decreased Median,Zero Total,Total Large Files,%% Large Grew,%% Large Decreased,%% Large Zero,Large Grew Average,Large Grew Median,Large Decreased Average,Large Decreased Median,Large Zero Total,Total Small Files,%% Small Grew,%% Small Decreased,%% Small Zero,Small Grew Average,Small Grew Median,Small Decreased Average,Small Decreased Median,Small Zero Total
large,942,748,36.65349887133183,13.290067720090292,17.83295711060948,43.077752117013084,12.0,-48.09978768577495,-10.0,632,747,73.80681818181817,26.76136363636364,35.90909090909091,43.077752117013084,12.0,-48.09978768577495,-10.0,632,214,0,0,0,43.077752117013084,12.0,-48.09978768577495,-10.0,632
small,3245,2596,27.995551848762858,9.730330831248263,18.7100361412288,28.580602449520025,9.0,-28.275238095238095,-7.0,2019,2596,95.66181127295756,33.24889170360988,63.932868904369855,28.580602449520025,9.0,-28.275238095238095,-7.0,2019,1133,0,0,0,28.580602449520025,9.0,-28.275238095238095,-7.0,2019
