Type,#Files,Total Filtered Files,%% Grew,%% Decreased,%% Zero,Grew Average,Grew Median,Decreased Average,Decreased Median,Zero Total,Total Large Files,%% Large Grew,%% Large Decreased,%% Large Zero,Large Grew Average,Large Grew Median,Large Decreased Average,Large Decreased Median,Large Zero Total,Total Small Files,%% Small Grew,%% Small Decreased,%% Small Zero,Small Grew Average,Small Grew Median,Small Decreased Average,Small Decreased Median,Small Zero Total
large,882,682,28.658823529411766,8.988235294117647,13.176470588235295,38.510673234811165,11.0,-41.675392670157066,-6.0,280,682,73.72881355932203,23.123486682808718,33.89830508474576,38.510673234811165,11.0,-41.675392670157066,-6.0,280,196,0,0,0,38.510673234811165,11.0,-41.675392670157066,-6.0,280
small,1414,997,17.160319699106726,4.795486600846263,10.343206393982134,43.75068493150685,10.0,-58.88235294117647,-6.0,220,997,34.33678269049859,9.595484477892755,20.696142991533396,43.75068493150685,10.0,-58.88235294117647,-6.0,220,254,0,0,0,43.75068493150685,10.0,-58.88235294117647,-6.0,220
