Type,#Files,Total Filtered Files,%% Grew,%% Decreased,%% Zero,Grew Average,Grew Median,Decreased Average,Decreased Median,Zero Total,Total Large Files,%% Large Grew,%% Large Decreased,%% Large Zero,Large Grew Average,Large Grew Median,Large Decreased Average,Large Decreased Median,Large Zero Total,Total Small Files,%% Small Grew,%% Small Decreased,%% Small Zero,Small Grew Average,Small Grew Median,Small Decreased Average,Small Decreased Median,Small Zero Total
large,898,394,21.27016129032258,4.536290322580645,9.67741935483871,61.12322274881517,13.0,-53.75555555555555,-7.0,96,394,46.47577092511013,9.911894273127754,21.145374449339208,61.12322274881517,13.0,-53.75555555555555,-7.0,96,146,0,0,0,61.12322274881517,13.0,-53.75555555555555,-7.0,96
small,4577,3594,8.70420829548895,3.0578262185891614,7.811080835603996,45.44869565217391,9.0,-38.960396039603964,-6.0,516,3594,14.888658726048678,5.2304505437597095,13.360952874158466,45.44869565217391,9.0,-38.960396039603964,-6.0,516,1037,0,0,0,45.44869565217391,9.0,-38.960396039603964,-6.0,516
