Type,Added Average,Added Median,Added Max,Deleted Average,Deleted Median,Deleted Min,Zero Count
large,20.21875,5.0,1652,-24.484313725490196,-4.0,-7489,2617
small,30.38893653516295,8.0,1205,-28.93577981651376,-8.0,-1275,1259
