Type,Added Average,Added Median,Added Max,Deleted Average,Deleted Median,Deleted Min,Zero Count
large,51.448,10.0,1876,-55.992217898832685,-9.0,-1839,1405
small,40.09669866541793,8.0,1876,-56.5941091954023,-7.0,-2697,2194
