Type,Added Average,Added Median,Added Max,Deleted Average,Deleted Median,Deleted Min,Zero Count
large,10.467970330411328,3.0,1142,-15.006493506493506,-3.0,-549,459
small,11.165506573859242,3.0,477,-20.60542168674699,-3.0,-1139,419
