Type,Added Average,Added Median,Added Max,Deleted Average,Deleted Median,Deleted Min,Zero Count
large,89.43606557377049,6.0,6980,-18.320224719101123,-2.0,-852,174
small,34.51348001239541,6.0,6980,-16.181781045751634,-3.0,-2497,4460
