Type,Added Average,Added Median,Added Max,Deleted Average,Deleted Median,Deleted Min,Zero Count
large,8.415117719950434,2.0,608,-9.306246825799898,-2.0,-1211,8993
small,8.403,2.0,1513,-10.22555780933063,-2.0,-1108,10946
