Type,Added Average,Added Median,Added Max,Deleted Average,Deleted Median,Deleted Min,Zero Count
large,14.811688311688311,4.0,768,-23.820846905537458,-4.0,-2990,3081
small,15.412897016361887,3.0,561,-26.83125,-6.0,-1475,2295
