Type,Added Average,Added Median,Added Max,Deleted Average,Deleted Median,Deleted Min,Zero Count
large,8.273723272663014,2.0,964,-14.579470198675496,-2.0,-7691,14175
small,7.4852257944619955,1.0,2175,-8.73785839672323,-2.0,-2334,24062
