Type,Added Average,Added Median,Added Max,Deleted Average,Deleted Median,Deleted Min,Zero Count
large,37.98071748878924,5.0,8309,-40.917808219178085,-4.0,-4476,2394
small,22.571703561116458,3.0,1724,-29.420821114369502,-4.0,-1734,3722
