Type,Added Average,Added Median,Added Max,Deleted Average,Deleted Median,Deleted Min,Zero Count
large,79.5733418367347,9.0,4800,-184.12,-9.0,-15054,617
small,74.80431034482758,7.0,4800,-197.96296296296296,-7.0,-15054,491
