Type,Added Average,Added Median,Added Max,Deleted Average,Deleted Median,Deleted Min,Zero Count
large,8.910120569967118,2.0,916,-8.050282195997948,-1.0,-1662,4769
small,5.361697299750397,1.0,478,-6.440905874026893,-1.0,-526,3877
