Type,Added Average,Added Median,Added Max,Deleted Average,Deleted Median,Deleted Min,Zero Count
large,21.424107142857142,8.0,869,-19.389312977099237,-5.0,-321,117
small,19.803846153846155,7.5,869,-15.745454545454546,-4.0,-321,133
