Type,Added Average,Added Median,Added Max,Deleted Average,Deleted Median,Deleted Min,Zero Count
large,10.910839615284637,4.0,799,-11.498667681766273,-2.0,-2004,4693
small,8.18421052631579,2.0,138,-10.10031847133758,-1.0,-1441,940
