Type,Added Average,Added Median,Added Max,Deleted Average,Deleted Median,Deleted Min,Zero Count
large,16.436783841522626,5.0,1288,-19.42877906976744,-5.0,-1708,2321
small,16.043991955756663,5.0,1095,-19.6756109247724,-6.0,-1180,2748
