Type,Added Average,Added Median,Added Max,Deleted Average,Deleted Median,Deleted Min,Zero Count
large,18.697559638058678,4.0,8795,-12.541690061763054,-3.0,-1343,15505
small,14.796301886792453,4.0,8795,-15.939083933968844,-4.0,-1013,22083
