Type,Added Average,Added Median,Added Max,Deleted Average,Deleted Median,Deleted Min,Zero Count
large,32.06854948526608,2.0,110010,-86.78039916411763,-2.0,-824753,119393
small,23.25564763713155,2.0,110010,-16.670665966987883,-2.0,-31243,136495
