Type,Added Average,Added Median,Added Max,Deleted Average,Deleted Median,Deleted Min,Zero Count
large,20.617688022284124,4.0,3624,-27.137411854392987,-4.0,-3717,11861
small,18.757629968871875,4.0,3594,-25.124284806102988,-4.0,-3717,21049
