Type,Added Average,Added Median,Added Max,Deleted Average,Deleted Median,Deleted Min,Zero Count
large,15.35630689206762,4.0,1583,-13.447916666666666,-3.0,-251,1891
small,12.090173087660524,4.0,941,-12.835658914728683,-2.0,-933,3489
