Type,Added Average,Added Median,Added Max,Deleted Average,Deleted Median,Deleted Min,Zero Count
large,42.118020304568525,9.0,2413,-71.63076923076923,-9.0,-2859,257
small,39.79373368146214,9.0,1683,-60.98795180722892,-10.0,-2859,104
