Type,Added Average,Added Median,Added Max,Deleted Average,Deleted Median,Deleted Min,Zero Count
large,28.355119825708062,9.0,495,-86.09333333333333,-5.0,-4416,743
small,28.90218423551757,9.0,495,-76.67391304347827,-6.5,-4416,833
