Type,#Files,#Files Filtered by Language,Total Files,Only Added,Time Average,Time Median,Total Large Files,Only Added Large,Time Large Average,Time Large Median,Total Small Files,Only Added Small,Time Small Average,Time Small Median,Large p/ Small (Average),Large p/ Small (Median)
large,820,695,656,84,8260859.553443177,1031297.5,15,2,2190097.8863346106,379860.0,641,82,9463948.995444192,1273842.0,4.321244750974686,3.3534512715210867
small,1480,1228,1185,99,7136257.321216697,3699844.0,14,2,4444470.748251748,999394.5,1171,97,7221939.119755147,3699844.0,1.6249266850492667,3.702085612838574
