Type,#Files,#Files Filtered by Language,Total Files,Only Added,Time Average,Time Median,Total Large Files,Only Added Large,Time Large Average,Time Large Median,Total Small Files,Only Added Small,Time Small Average,Time Small Median,Large p/ Small (Average),Large p/ Small (Median)
large,1422,1194,951,665,1556427.0133702166,5953.0,27,7,1261458.3486951694,12186.0,924,658,3000010.070652174,0.0,2.378207789226915,0.0
small,1822,1395,1132,711,8088132.728385616,16257.0,9,5,41340227.416666664,15310488.5,1123,706,7780005.21003861,14313.0,0.18819454309295924,0.000934849335473522
