Type,#Files,#Files Filtered by Language,Total Files,Only Added,Time Average,Time Median,Total Large Files,Only Added Large,Time Large Average,Time Large Median,Total Small Files,Only Added Small,Time Small Average,Time Small Median,Large p/ Small (Average),Large p/ Small (Median)
large,98,79,79,22,14470673.836585365,1125377.0,2,0,1461585.7352941176,695452.5,77,22,17057276.149122808,1514302.5,11.670390410378726,2.1774348355926536
small,131,112,111,36,15425418.287356323,2524338.5,1,0,1723334.0217391304,781413.5,110,36,16749569.287815126,2846336.5,9.719281971182829,3.6425484074692847
