Type,#Files,#Files Filtered by Language,Total Files,Only Added,Time Average,Time Median,Total Large Files,Only Added Large,Time Large Average,Time Large Median,Total Small Files,Only Added Small,Time Small Average,Time Small Median,Large p/ Small (Average),Large p/ Small (Median)
large,793,383,381,157,6813404.171331058,1433122.0,5,0,726456.8693009119,243969.0,376,157,8576261.268485915,2363357.0,11.80560282503636,9.687120084928823
small,835,415,414,174,7390681.844720497,2176867.0,2,0,1231406.024691358,590153.0,412,174,7755375.807748538,2455230.0,6.297984297821152,4.160327914964425
