Type,#Files,#Files Filtered by Language,Total Files,Only Added,Time Average,Time Median,Total Large Files,Only Added Large,Time Large Average,Time Large Median,Total Small Files,Only Added Small,Time Small Average,Time Small Median,Large p/ Small (Average),Large p/ Small (Median)
large,2824,1766,1707,970,5377939.810834236,934960.0,23,3,1452681.775605214,496543.0,1684,967,6568486.868116352,1376556.0,4.521628190303274,2.7722795407447087
small,4538,2817,2671,1395,6516082.478547854,1209431.0,18,3,2984158.9140401147,859481.0,2653,1392,6702282.074320242,1223457.0,2.2459534721112866,1.4234834743292755
