Type,#Files,#Files Filtered by Language,Total Files,Only Added,Time Average,Time Median,Total Large Files,Only Added Large,Time Large Average,Time Large Median,Total Small Files,Only Added Small,Time Small Average,Time Small Median,Large p/ Small (Average),Large p/ Small (Median)
large,4969,3270,3247,1730,4988844.513467718,701039.0,94,9,1626525.6700658593,320509.0,3153,1721,6264346.99540619,1144961.0,3.851366818669724,3.5723209020651527
small,6364,4096,4068,2149,6773531.437838995,1211610.0,60,5,3233872.06253619,860279.0,4008,2144,7271129.463166463,1265770.0,2.248428299746658,1.471348248649566
