Type,#Files,#Files Filtered by Language,Total Files,Only Added,Time Average,Time Median,Total Large Files,Only Added Large,Time Large Average,Time Large Median,Total Small Files,Only Added Small,Time Small Average,Time Small Median,Large p/ Small (Average),Large p/ Small (Median)
large,1084,807,785,501,6915068.069508197,1204236.0,16,2,2195742.0603217157,430661.5,769,499,11434473.97817715,4624994.0,5.20756703840787,10.739278992898134
small,2852,1786,1740,914,10551585.842345277,2345807.0,11,2,8374406.215686275,3877676.0,1729,912,10626408.0532345,2321495.0,1.2689148077543642,0.5986820456376448
