Type,#Files,#Files Filtered by Language,Total Files,Only Added,Time Average,Time Median,Total Large Files,Only Added Large,Time Large Average,Time Large Median,Total Small Files,Only Added Small,Time Small Average,Time Small Median,Large p/ Small (Average),Large p/ Small (Median)
large,4,3,3,1,1960704.4871794872,355526.0,1,0,1247902.6315789474,340273.0,2,1,29047175.0,29047175.0,23.276796013521633,85.36432511542203
small,10,8,8,3,8172046.574468086,204527.0,1,0,29047175.0,29047175.0,7,3,7718239.434782608,181827.5,0.26571394411961263,0.006259730937690154
