Type,#Files,#Files Filtered by Language,Total Files,Only Added,Time Average,Time Median,Total Large Files,Only Added Large,Time Large Average,Time Large Median,Total Small Files,Only Added Small,Time Small Average,Time Small Median,Large p/ Small (Average),Large p/ Small (Median)
large,292,226,211,102,9204305.704587156,852834.0,9,3,2788403.1252699783,430739.5,202,99,17583890.737658676,3262031.0,6.3060791240348975,7.5730946430499175
small,369,290,287,104,18229776.528666265,3927071.0,12,5,5074133.233269598,615187.0,275,99,24297149.9356261,9078459.0,4.788433574490484,14.757234792022588
