Type,#Files,#Files Filtered by Language,Total Files,Only Added,Time Average,Time Median,Total Large Files,Only Added Large,Time Large Average,Time Large Median,Total Small Files,Only Added Small,Time Small Average,Time Small Median,Large p/ Small (Average),Large p/ Small (Median)
large,228,76,73,27,455909.98591720284,6093.0,20,6,194861.98105207368,2884.0,53,21,3311169.8304347824,429931.0,16.992385136174544,149.0745492371706
small,157,73,72,14,2092519.9348810872,213251.0,16,4,1434010.8415584415,159415.5,56,10,2601608.2901606425,286320.5,1.814218006422664,1.7960643726613785
