Type,#Files,#Files Filtered by Language,Total Files,Only Added,Time Average,Time Median,Total Large Files,Only Added Large,Time Large Average,Time Large Median,Total Small Files,Only Added Small,Time Small Average,Time Small Median,Large p/ Small (Average),Large p/ Small (Median)
large,470,213,203,68,7977725.827213823,1684713.0,12,3,3080509.6981132077,602275.0,191,65,8992924.477183834,1778295.0,2.9192975703637427,2.9526296127184426
small,930,482,450,124,4469243.920488166,705312.5,3,2,1116844.0222222223,0.0,447,122,4525978.781496803,761296.0,4.052471689369219,0.0
