Type,#Files,#Files Filtered by Language,Total Files,Only Added,Time Average,Time Median,Total Large Files,Only Added Large,Time Large Average,Time Large Median,Total Small Files,Only Added Small,Time Small Average,Time Small Median,Large p/ Small (Average),Large p/ Small (Median)
large,318,299,298,155,11763254.652356902,5090440.0,5,0,6147804.469798658,2423771.0,293,155,12568550.203079885,6057020.0,2.0443965426720068,2.4990067130929448
small,397,390,390,93,17756725.587792013,7081084.0,3,0,7935773.166666667,3622472.0,387,93,18054099.14712733,7081084.0,2.275027116823546,1.9547656959115212
