Type,#Files,#Files Filtered by Language,Total Files,Only Added,Time Average,Time Median,Total Large Files,Only Added Large,Time Large Average,Time Large Median,Total Small Files,Only Added Small,Time Small Average,Time Small Median,Large p/ Small (Average),Large p/ Small (Median)
large,1387,349,346,65,4607724.224965894,664420.5,31,1,1195519.3265503875,179292.5,315,64,7102808.3925366085,1746067.5,5.941190773579056,9.73865331790231
small,1003,439,438,106,6715687.957357357,1378986.5,24,0,2150379.531024531,453556.0,414,106,7915444.779294653,1844441.5,3.68095243890431,4.066623526091596
