Type,#Files,#Files Filtered by Language,Total Files,Only Added,Time Average,Time Median,Total Large Files,Only Added Large,Time Large Average,Time Large Median,Total Small Files,Only Added Small,Time Small Average,Time Small Median,Large p/ Small (Average),Large p/ Small (Median)
large,2502,1035,992,479,903167.5419848782,0.0,62,9,129320.53646349521,0.0,930,470,10100457.890797546,2285065.0,78.10405189317103,0.0
small,3059,2244,2084,721,9142915.753372869,1488651.0,27,8,3731993.657407407,666249.0,2057,713,9513186.360921906,1635238.5,2.549089637931126,2.4543954287361034
