Type,#Files,#Files Filtered by Language,Total Files,Only Added,Time Average,Time Median,Total Large Files,Only Added Large,Time Large Average,Time Large Median,Total Small Files,Only Added Small,Time Small Average,Time Small Median,Large p/ Small (Average),Large p/ Small (Median)
large,42562,36725,30065,11621,10858534.942859506,2410207.0,335,49,3101325.150672328,949410.0,29730,11572,11565386.65446549,2791622.0,3.7291757853762153,2.94037560168947
small,49239,41928,33999,13112,10617502.455176113,1718168.0,325,57,3985096.08645562,1381392.0,33674,13055,10966828.811477356,1788560.0,2.7519609498879993,1.2947519603414528
