Type,#Files,#Files Filtered by Language,Total Files,Only Added,Time Average,Time Median,Total Large Files,Only Added Large,Time Large Average,Time Large Median,Total Small Files,Only Added Small,Time Small Average,Time Small Median,Large p/ Small (Average),Large p/ Small (Median)
large,1226,1091,1074,989,5125844.661237785,437437.0,6,3,1454867.436936937,601159.5,1068,986,7204816.456632653,331450.0,4.952215077273019,0.5513511805103305
small,1320,943,943,878,19545738.0,12004963.0,4,3,15006207.538461538,9810584.0,939,875,19778076.173228346,12006939.0,1.3179929787413849,1.223876070986192
