Type,#Files,#Files Filtered by Language,Total Files,Only Added,Time Average,Time Median,Total Large Files,Only Added Large,Time Large Average,Time Large Median,Total Small Files,Only Added Small,Time Small Average,Time Small Median,Large p/ Small (Average),Large p/ Small (Median)
large,2794,839,766,558,1852386.3790872735,156697.0,23,2,1498930.5327510918,101771.5,743,556,1982684.8156793304,161746.0,1.3227329568371462,1.5893054538844371
small,4771,2094,2008,1733,2358083.9065650906,156697.0,26,5,2100696.481261154,169060.0,1982,1728,2417803.473429952,149277.0,1.150953264785031,0.8829823731219685
