Type,#Files,#Files Filtered by Language,Total Files,Only Added,Time Average,Time Median,Total Large Files,Only Added Large,Time Large Average,Time Large Median,Total Small Files,Only Added Small,Time Small Average,Time Small Median,Large p/ Small (Average),Large p/ Small (Median)
large,374,294,293,133,8293928.741898148,860100.0,4,0,2304713.581081081,252857.5,289,133,8854943.832911393,927609.0,3.842101641435969,3.6685049879873053
small,805,528,521,212,9379595.669844456,1175237.0,2,0,2092774.4782608696,259765.0,519,212,9464670.231979696,1198046.5,4.52254666247889,4.612039728215888
