Type,#Files,#Files Filtered by Language,Total Files,Only Added,Time Average,Time Median,Total Large Files,Only Added Large,Time Large Average,Time Large Median,Total Small Files,Only Added Small,Time Small Average,Time Small Median,Large p/ Small (Average),Large p/ Small (Median)
large,178,124,122,98,1179743.4868421052,372589.0,1,0,1339371.8235294118,84994.0,121,98,1133748.8813559322,420778.0,0.8464780738543256,4.95067887144975
small,865,351,332,193,1047785.1645161291,242380.0,1,0,1339371.8235294118,84994.0,331,193,1030867.1672354948,242380.0,0.7696646660215916,2.8517307104030873
