Type,#Files,#Files Filtered by Language,Total Files,Only Added,Time Average,Time Median,Total Large Files,Only Added Large,Time Large Average,Time Large Median,Total Small Files,Only Added Small,Time Small Average,Time Small Median,Large p/ Small (Average),Large p/ Small (Median)
large,673,218,218,125,2985834.364329268,689739.5,7,1,545377.8397212543,155652.0,211,124,4883967.216802168,1907144.0,8.955199241865769,12.252614807390847
small,630,307,302,158,3335003.942857143,1333154.0,4,0,1240759.7954545454,1022570.0,298,158,3698501.9408284025,1418476.0,2.9808363829789286,1.387167626666145
