Type,#Files,#Files Filtered by Language,Total Files,Only Added,Time Average,Time Median,Total Large Files,Only Added Large,Time Large Average,Time Large Median,Total Small Files,Only Added Small,Time Small Average,Time Small Median,Large p/ Small (Average),Large p/ Small (Median)
large,336,88,86,40,2300577.684955752,188581.0,7,3,955704.1045130641,3419.0,79,37,3099155.6502115657,560531.0,3.2427983050157563,163.94589061128985
small,677,199,197,87,2535834.470400567,428893.0,11,5,1113155.4215809284,99924.0,186,82,3096049.4911067192,644750.0,2.7813272352477427,6.4524038269084505
