Type,#Files,#Files Filtered by Language,Total Files,Only Added,Time Average,Time Median,Total Large Files,Only Added Large,Time Large Average,Time Large Median,Total Small Files,Only Added Small,Time Small Average,Time Small Median,Large p/ Small (Average),Large p/ Small (Median)
large,8889,7320,6916,4370,3529026.5828238223,528601.0,139,9,1149305.1838674033,304080.0,6777,4361,4348589.664510237,697480.0,3.783668363765023,2.2937384898710866
small,10489,8157,7772,4963,5736502.908784017,643563.0,112,5,1443957.6060817896,283878.0,7660,4958,6790301.785652995,915939.0,4.702563120311147,3.2265233656711687
