Type,#Files,#Files Filtered by Language,Total Files,Only Added,Time Average,Time Median,Total Large Files,Only Added Large,Time Large Average,Time Large Median,Total Small Files,Only Added Small,Time Small Average,Time Small Median,Large p/ Small (Average),Large p/ Small (Median)
large,3305,2888,2855,2045,7716923.310492679,731470.0,23,0,1153143.3603663985,124263.0,2832,2045,11442919.386176284,2379215.0,9.923240925170331,19.146608403144942
small,1848,1627,1614,1161,13831373.004215224,2547999.0,13,0,4341560.899378882,1005528.0,1601,1161,16197946.345105328,3467505.5,3.7309038662621683,3.4484425098057936
