Type,#Files,Total Filtered Files,%% Grew,%% Decreased,%% Zero,Grew Average,Grew Median,Decreased Average,Decreased Median,Zero Total,Total Large Files,%% Large Grew,%% Large Decreased,%% Large Zero,Large Grew Average,Large Grew Median,Large Decreased Average,Large Decreased Median,Large Zero Total,Total Small Files,%% Small Grew,%% Small Decreased,%% Small Zero,Small Grew Average,Small Grew Median,Small Decreased Average,Small Decreased Median,Small Zero Total
large,820,656,31.20234604105572,13.020527859237538,22.052785923753664,25.57330827067669,8.0,-19.61861861861862,-2.0,1128,656,107.98376184032476,45.06089309878214,76.31935047361299,25.57330827067669,8.0,-19.61861861861862,-2.0,1128,558,0,0,0,25.57330827067669,8.0,-19.61861861861862,-2.0,1128
small,1480,1185,32.49444107539923,6.276531231049121,28.037194259146958,15.446345256609643,6.0,-15.301127214170693,-2.0,2774,1185,215.05016722408027,41.53846153846154,185.55183946488293,15.446345256609643,6.0,-15.301127214170693,-2.0,2774,1073,0,0,0,15.446345256609643,6.0,-15.301127214170693,-2.0,2774
