Type,#Files,Total Filtered Files,%% Grew,%% Decreased,%% Zero,Grew Average,Grew Median,Decreased Average,Decreased Median,Zero Total,Total Large Files,%% Large Grew,%% Large Decreased,%% Large Zero,Large Grew Average,Large Grew Median,Large Decreased Average,Large Decreased Median,Large Zero Total,Total Small Files,%% Small Grew,%% Small Decreased,%% Small Zero,Small Grew Average,Small Grew Median,Small Decreased Average,Small Decreased Median,Small Zero Total
large,1422,951,34.16753562738965,16.823079596802224,13.277719847062913,84.15055951169889,13.0,-134.20661157024793,-12.0,382,948,35.758457620953074,17.606402328119316,13.895962168061113,84.15055951169889,13.0,-134.20661157024793,-12.0,382,26,0,0,0,84.15055951169889,13.0,-134.20661157024793,-12.0,382
small,1822,1132,16.172248803827753,5.598086124401914,9.330143540669857,17.514792899408285,6.0,-8.521367521367521,-5.0,195,1129,29.112833763996555,10.077519379844961,16.795865633074936,17.514792899408285,6.0,-8.521367521367521,-5.0,195,170,0,0,0,17.514792899408285,6.0,-8.521367521367521,-5.0,195
