Type,#Files,Total Filtered Files,%% Grew,%% Decreased,%% Zero,Grew Average,Grew Median,Decreased Average,Decreased Median,Zero Total,Total Large Files,%% Large Grew,%% Large Decreased,%% Large Zero,Large Grew Average,Large Grew Median,Large Decreased Average,Large Decreased Median,Large Zero Total,Total Small Files,%% Small Grew,%% Small Decreased,%% Small Zero,Small Grew Average,Small Grew Median,Small Decreased Average,Small Decreased Median,Small Zero Total
large,1084,785,28.889943074003792,5.692599620493358,7.922201138519924,29.625615763546797,8.0,-15.758333333333333,-4.0,167,781,43.655913978494624,8.60215053763441,11.97132616487455,29.625615763546797,8.0,-15.758333333333333,-4.0,167,256,0,0,0,29.625615763546797,8.0,-15.758333333333333,-4.0,167
small,2852,1740,18.115279048490393,4.414455626715462,7.342177493138152,25.762626262626263,7.0,-16.373056994818654,-4.0,321,1727,42.24,10.293333333333333,17.119999999999997,25.762626262626263,7.0,-16.373056994818654,-4.0,321,812,0,0,0,25.762626262626263,7.0,-16.373056994818654,-4.0,321
