Type,#Files,Total Filtered Files,%% Grew,%% Decreased,%% Zero,Grew Average,Grew Median,Decreased Average,Decreased Median,Zero Total,Total Large Files,%% Large Grew,%% Large Decreased,%% Large Zero,Large Grew Average,Large Grew Median,Large Decreased Average,Large Decreased Median,Large Zero Total,Total Small Files,%% Small Grew,%% Small Decreased,%% Small Zero,Small Grew Average,Small Grew Median,Small Decreased Average,Small Decreased Median,Small Zero Total
large,292,211,43.8470066518847,12.084257206208427,22.61640798226164,17.75347661188369,6.0,-18.11467889908257,-5.0,408,211,68.66319444444444,18.92361111111111,35.41666666666667,17.75347661188369,6.0,-18.11467889908257,-5.0,408,94,0,0,0,17.75347661188369,6.0,-18.11467889908257,-5.0,408
small,369,287,34.76461458872219,12.105535437144335,21.934816347646148,20.976190476190474,6.0,-19.175213675213676,-4.0,424,286,82.75862068965517,28.817733990147783,52.21674876847291,20.976190476190474,6.0,-19.175213675213676,-4.0,424,176,0,0,0,20.976190476190474,6.0,-19.175213675213676,-4.0,424
