Type,#Files,Total Filtered Files,%% Grew,%% Decreased,%% Zero,Grew Average,Grew Median,Decreased Average,Decreased Median,Zero Total,Total Large Files,%% Large Grew,%% Large Decreased,%% Large Zero,Large Grew Average,Large Grew Median,Large Decreased Average,Large Decreased Median,Large Zero Total,Total Small Files,%% Small Grew,%% Small Decreased,%% Small Zero,Small Grew Average,Small Grew Median,Small Decreased Average,Small Decreased Median,Small Zero Total
large,228,73,44.52836252611281,15.057046440623493,37.77920617065724,16.958137856369543,7.0,-13.40981856990395,-4.0,2351,73,50.081330200614495,16.93475510572926,42.490511476594975,16.958137856369543,7.0,-13.40981856990395,-4.0,2351,32,0,0,0,16.958137856369543,7.0,-13.40981856990395,-4.0,2351
small,157,72,40.348837209302324,10.58139534883721,38.662790697674424,18.98991354466859,7.0,-12.846153846153847,-3.0,665,72,95.85635359116023,25.13812154696133,91.85082872928176,18.98991354466859,7.0,-12.846153846153847,-3.0,665,46,0,0,0,18.98991354466859,7.0,-12.846153846153847,-3.0,665
