Type,#Files,Total Filtered Files,%% Grew,%% Decreased,%% Zero,Grew Average,Grew Median,Decreased Average,Decreased Median,Zero Total,Total Large Files,%% Large Grew,%% Large Decreased,%% Large Zero,Large Grew Average,Large Grew Median,Large Decreased Average,Large Decreased Median,Large Zero Total,Total Small Files,%% Small Grew,%% Small Decreased,%% Small Zero,Small Grew Average,Small Grew Median,Small Decreased Average,Small Decreased Median,Small Zero Total
large,470,203,30.255941499085925,9.414990859232175,18.82998171846435,472.3262839879154,11.0,-770.3689320388349,-3.0,206,202,89.21832884097036,27.762803234501348,55.525606469002696,472.3262839879154,11.0,-770.3689320388349,-3.0,206,122,0,0,0,472.3262839879154,11.0,-770.3689320388349,-3.0,206
small,930,450,26.762002042900917,12.768130745658834,24.787197820905686,19.262086513994912,7.0,-15.736,-4.0,728,447,157.20000000000002,75.0,145.6,19.262086513994912,7.0,-15.736,-4.0,728,319,0,0,0,19.262086513994912,7.0,-15.736,-4.0,728
