Type,#Files,Total Filtered Files,%% Grew,%% Decreased,%% Zero,Grew Average,Grew Median,Decreased Average,Decreased Median,Zero Total,Total Large Files,%% Large Grew,%% Large Decreased,%% Large Zero,Large Grew Average,Large Grew Median,Large Decreased Average,Large Decreased Median,Large Zero Total,Total Small Files,%% Small Grew,%% Small Decreased,%% Small Zero,Small Grew Average,Small Grew Median,Small Decreased Average,Small Decreased Median,Small Zero Total
large,1387,346,45.97238976008578,19.782870928829915,21.753116204262163,22.08338192419825,8.0,-19.84552845528455,-5.0,1623,346,106.12623762376239,45.66831683168317,50.21658415841584,22.08338192419825,8.0,-19.84552845528455,-5.0,1623,251,0,0,0,22.08338192419825,8.0,-19.84552845528455,-5.0,1623
small,1003,438,41.156218619997134,18.404819968440684,24.487161095969014,20.69466713140467,7.0,-15.666406858924397,-4.0,1707,438,169.06305244549205,75.60400707130229,100.58927519151443,20.69466713140467,7.0,-15.666406858924397,-4.0,1707,308,0,0,0,20.69466713140467,7.0,-15.666406858924397,-4.0,1707
