Type,#Files,Total Filtered Files,%% Grew,%% Decreased,%% Zero,Grew Average,Grew Median,Decreased Average,Decreased Median,Zero Total,Total Large Files,%% Large Grew,%% Large Decreased,%% Large Zero,Large Grew Average,Large Grew Median,Large Decreased Average,Large Decreased Median,Large Zero Total,Total Small Files,%% Small Grew,%% Small Decreased,%% Small Zero,Small Grew Average,Small Grew Median,Small Decreased Average,Small Decreased Median,Small Zero Total
large,1226,1074,19.177253478523895,5.626134301270418,2.722323049001815,21.845425867507885,5.0,-23.537634408602152,-3.0,45,1071,24.198473282442748,7.099236641221374,3.435114503816794,21.845425867507885,5.0,-23.537634408602152,-3.0,45,69,0,0,0,21.845425867507885,5.0,-23.537634408602152,-3.0,45
small,1320,943,6.115702479338843,4.214876033057851,3.71900826446281,25.027027027027028,11.0,-31.50980392156863,-4.0,45,941,7.756813417190776,5.345911949685535,4.716981132075472,25.027027027027028,11.0,-31.50980392156863,-4.0,45,66,0,0,0,25.027027027027028,11.0,-31.50980392156863,-4.0,45
