Type,#Files,%% Grow,%% Decrease,%% Zero,Total File Grow,Grow Average,Grow Median,Grow Max,Total Decreased,Decreased Average,Decreased Median,Decreased Max,Total Zero,Total Large Grow,Grow Large Average,Grow Large Median,Grow Large Max,Total Large Decreased,Decreased Large Average,Decreased Large Median,Decreased Large Max,Total Large Zero,Total Small Grow,Grow Small Average,Grow Small Median,Grow Small Max,Total Small Decreased,Decreased Small Average,Decreased Small Median,Decreased Small Max,Total Small Zero
large,8889,0.15086061424232197,0.039487006412419846,0.5218809764877939,1341,138.58016405667414,13.0,17676.0,351,-411.1709401709402,-4.0,-1.0,4639,105,1226.7333333333333,691.0,17676.0,16,-8581.375,-600.5,-12.0,18,1233,46.23925385239254,11.0,1184.0,334,-21.00299401197605,-4.0,-1.0,4546
small,10489,0.12432071694155782,0.03784917532653256,0.4676327581275622,1304,125.05751533742331,12.0,17676.0,397,-333.89168765743074,-4.0,-1.0,4905,87,1196.057471264368,586.0,17676.0,12,-10319.166666666666,-603.5,-8.0,13,1211,48.70355078447564,10.0,1181.0,382,-22.81413612565445,-4.0,-1.0,4822
